action_id,action_type,action_name,description,intervention_summary,outcome_summary,intervention_type,action_role,cost_investment_needed,timeline_for_implementation,publisher_id,generation_method,name_i18n_en,name_i18n_es,name_i18n_pt,description_i18n_en,description_i18n_es,description_i18n_pt,intervention_summary_i18n_en,intervention_summary_i18n_es,intervention_summary_i18n_pt,outcome_summary_i18n_en,outcome_summary_i18n_es,outcome_summary_i18n_pt,emissions_impact_relationship,emissions_impact_text,emissions_impact_numeric,emissions_methodology,emissions_sector_number,emissions_subsector_number,emissions_gpc_reference_number,co_benefits
icare_0001,mitigation,Improve heat and energy recovery,"Enhanced energy efficiency in industrial processes by recovering heat and energy from waste streams, improving process coupling, and adopting advanced technologies such as coke dry quenching, black liquor gasification, and top pressure recovery turbines. Includes reducing energy use in comminution, paper drying, and other industrial processes through optimized designs, operational improvements, and material efficiency strategies.",,Industrial processes recover heat and energy from waste streams.,,outcome,high,>10 years,icare,expert_reviewed,Improve heat and energy recovery,Mejorar la recuperación de calor y energía,Melhorar a recuperação de calor e energia,"Enhanced energy efficiency in industrial processes by recovering heat and energy from waste streams, improving process coupling, and adopting advanced technologies such as coke dry quenching, black liquor gasification, and top pressure recovery turbines. Includes reducing energy use in comminution, paper drying, and other industrial processes through optimized designs, operational improvements, and material efficiency strategies.","Mejora de la eficiencia energética en los procesos industriales mediante la recuperación de calor y energía de corrientes de desecho, el mejor acoplamiento de procesos y la adopción de tecnologías avanzadas como el enfriamiento seco de coque, la gasificación de licor negro y las turbinas de recuperación de presión superior. Incluye la reducción del uso de energía en la conminución, el secado de papel y otros procesos industriales a través de diseños optimizados, mejoras operativas y estrategias de eficiencia en el uso de materiales.","Aumento da eficiência energética em processos industriais por meio da recuperação de calor e energia de fluxos de resíduos, melhoria do acoplamento de processos e adoção de tecnologias avançadas como coke dry quenching, black liquor gasification e top pressure recovery turbines. Inclui a redução do uso de energia na cominuição, secagem de papel e outros processos industriais por meio de projetos otimizados, melhorias operacionais e estratégias de eficiência de materiais.",,,,Industrial processes recover heat and energy from waste streams.,Los procesos industriales recuperan calor y energía de los flujos de residuos.,Os processos industriais recuperam calor e energia dos fluxos de resíduos.,positive,low,2,expert review,IV,[1],"[""IV.1""]","{""air_quality"": {""impactRelationship"": ""positive"", ""impactText"": ""low"", ""impactNumeric"": 1, ""methodology"": ""expert review""}, ""cost_of_living"": {""impactRelationship"": ""positive"", ""impactText"": ""low"", ""impactNumeric"": 1, ""methodology"": ""expert review""}, ""habitat"": {""impactRelationship"": ""positive"", ""impactText"": ""low"", ""impactNumeric"": 1, ""methodology"": ""expert review""}, ""stakeholder_engagement"": {""impactRelationship"": ""positive"", ""impactText"": ""low"", ""impactNumeric"": 1, ""methodology"": ""expert review""}, ""water_quality"": {""impactRelationship"": ""positive"", ""impactText"": ""low"", ""impactNumeric"": 1, ""methodology"": ""expert review""}}"
icare_0002,mitigation,Promote and expand the use of the Brazilian Energy Labeling Program for Buildings,"The city will encourage the adoption and enforcement of the Brazilian Energy Labeling Program for Buildings to improve energy efficiency and reduce emissions from the building sector. The program evaluates and certifies buildings based on their energy performance, covering aspects such as thermal efficiency, lighting, and HVAC systems. Actions may include incentivizing developers and property owners to seek certification, integrating energy performance criteria into municipal building codes, and raising public awareness of the benefits of energy-efficient construction and renovation.",The city promotes and expands use of the Brazilian Energy Labeling Program for Buildings.,More buildings are certified under the Brazilian Energy Labeling Program.,program,intervention,low,<5 years,icare,expert_reviewed,Promote and expand the use of the Brazilian Energy Labeling Program for Buildings,Promover y ampliar el uso del Programa Brasileño de Etiquetado Energético para Edificios,Promover e expandir o uso do Programa Brasileiro de Etiquetagem de Edificações,"The city will encourage the adoption and enforcement of the Brazilian Energy Labeling Program for Buildings to improve energy efficiency and reduce emissions from the building sector. The program evaluates and certifies buildings based on their energy performance, covering aspects such as thermal efficiency, lighting, and HVAC systems. Actions may include incentivizing developers and property owners to seek certification, integrating energy performance criteria into municipal building codes, and raising public awareness of the benefits of energy-efficient construction and renovation.","La ciudad fomentará la adopción y aplicación del Programa Brasileño de Etiquetado Energético para Edificios con el fin de mejorar la eficiencia energética y reducir las emisiones del sector de la construcción. El programa evalúa y certifica los edificios según su desempeño energético, abarcando aspectos como la eficiencia térmica, la iluminación y los sistemas HVAC. Las acciones pueden incluir incentivar a desarrolladores y propietarios a buscar la certificación, integrar criterios de desempeño energético en los códigos de edificación municipales y aumentar la concienciación pública sobre los beneficios de la construcción y renovación energéticamente eficiente.","A cidade irá incentivar a adoção e a aplicação do Programa Brasileiro de Etiquetagem de Edificações para melhorar a eficiência energética e reduzir as emissões do setor de edificações. O programa avalia e certifica edifícios com base em seu desempenho energético, abrangendo aspectos como eficiência térmica, iluminação e sistemas de HVAC. As ações podem incluir o incentivo a incorporadores e proprietários de imóveis para buscar a certificação, a integração de critérios de desempenho energético nos códigos de obras municipais e o aumento da conscientização pública sobre os benefícios da construção e renovação energeticamente eficientes.",The city promotes and expands use of the Brazilian Energy Labeling Program for Buildings.,La ciudad promueve y amplía el uso del Programa Brasileño de Etiquetado Energético de Edificios.,A cidade promove e amplia a utilização do Programa Brasileiro de Rotulagem Energética para Edificações.,More buildings are certified under the Brazilian Energy Labeling Program.,Más edificios están certificados bajo el Programa Brasileño de Etiquetado Energético.,Mais edifícios são certificados pelo Programa Brasileiro de Rotulagem Energética.,positive,low,2,expert review,I,[1],"[""I.1.1"", ""I.1.2""]","{""stakeholder_engagement"": {""impactRelationship"": ""positive"", ""impactText"": ""low"", ""impactNumeric"": 1, ""methodology"": ""expert review""}}"
icare_0006,mitigation,Develop integrated renewable energy planning and solar–battery microgrids for rural and peri-urban areas,"The city will promote integrated regional energy planning to ensure that electricity expansion in rural and peri-urban areas is cost-effective, low-emission, and equitable. This approach combines renewable energy generation (e.g., solar PV and wind) with battery storage and microgrid systems to extend reliable access to electricity where traditional grid expansion is unviable or inefficient. Municipalities can partner with energy utilities, rural cooperatives, and neighboring jurisdictions to identify optimal locations for solar–battery microgrids or distributed renewable infrastructure, especially in areas adjoining urban centers where land availability supports clean energy generation for both city and rural users. Financing mechanisms may include public–private artnerships (PPPs), leasing models, concessional loans, and power purchase agreements (PPAs).",The city develops integrated regional renewable energy plans and microgrid deployment.,Rural and peri-urban areas gain low-carbon electricity through solar-battery microgrids.,planning,intervention,high,>10 years,icare,expert_reviewed,Develop integrated renewable energy planning and solar–battery microgrids for rural and peri-urban areas,Desarrollar una planificación integrada de energías renovables y microredes solares con baterías para zonas rurales y periurbanas,Desenvolver planejamento integrado de energias renováveis e microgrids solares com baterias para áreas rurais e periurbanas,"The city will promote integrated regional energy planning to ensure that electricity expansion in rural and peri-urban areas is cost-effective, low-emission, and equitable. This approach combines renewable energy generation (e.g., solar PV and wind) with battery storage and microgrid systems to extend reliable access to electricity where traditional grid expansion is unviable or inefficient. Municipalities can partner with energy utilities, rural cooperatives, and neighboring jurisdictions to identify optimal locations for solar–battery microgrids or distributed renewable infrastructure, especially in areas adjoining urban centers where land availability supports clean energy generation for both city and rural users. Financing mechanisms may include public–private artnerships (PPPs), leasing models, concessional loans, and power purchase agreements (PPAs).","La ciudad promoverá la planificación energética regional integrada para garantizar que la expansión eléctrica en áreas rurales y periurbanas sea rentable, de bajas emisiones y equitativa. Este enfoque combina la generación de energía renovable (por ejemplo, energía solar fotovoltaica y eólica) con almacenamiento en baterías y sistemas de microrredes para ampliar el acceso confiable a la electricidad donde la expansión tradicional de la red no es viable o resulta ineficiente. Los municipios pueden asociarse con empresas de servicios públicos de energía, cooperativas rurales y jurisdicciones vecinas para identificar ubicaciones óptimas para microrredes solares con baterías o infraestructura renovable distribuida, especialmente en áreas adyacentes a centros urbanos donde la disponibilidad de tierras favorece la generación de energía limpia tanto para usuarios urbanos como rurales. Los mecanismos de financiamiento pueden incluir asociaciones público-privadas (PPP), modelos de arrendamiento, préstamos concesionales y acuerdos de compra de energía (PPA).","A cidade promoverá o planejamento energético regional integrado para garantir que a expansão da eletricidade em áreas rurais e periurbanas seja econômica, de baixa emissão e equitativa. Essa abordagem combina a geração de energia renovável (por exemplo, solar fotovoltaica e eólica) com armazenamento em baterias e sistemas de microrredes para ampliar o acesso confiável à eletricidade onde a expansão tradicional da rede não é viável ou eficiente. Os municípios podem fazer parcerias com concessionárias de energia, cooperativas rurais e jurisdições vizinhas para identificar locais ideais para microrredes solares com baterias ou infraestrutura renovável distribuída, especialmente em áreas próximas a centros urbanos onde a disponibilidade de terra favorece a geração de energia limpa tanto para usuários urbanos quanto rurais. Os mecanismos de financiamento podem incluir parcerias público-privadas (PPPs), modelos de leasing, empréstimos concessionais e contratos de compra de energia (PPAs).",The city develops integrated regional renewable energy plans and microgrid deployment.,La ciudad desarrolla planes regionales integrados de energía renovable y despliegue de microrredes.,A cidade desenvolve planos regionais integrados de energia renovável e implantação de microrredes.,Rural and peri-urban areas gain low-carbon electricity through solar-battery microgrids.,Las zonas rurales y periurbanas obtienen electricidad con bajas emisiones de carbono a través de microrredes con baterías solares.,As áreas rurais e periurbanas obtêm eletricidade com baixo teor de carbono através de microrredes com baterias solares.,positive,very low,1,expert review,I,[4],"[""I.4.4""]","{""air_quality"": {""impactRelationship"": ""positive"", ""impactText"": ""low"", ""impactNumeric"": 1, ""methodology"": ""expert review""}, ""cost_of_living"": {""impactRelationship"": ""positive"", ""impactText"": ""low"", ""impactNumeric"": 1, ""methodology"": ""expert review""}, ""housing"": {""impactRelationship"": ""positive"", ""impactText"": ""low"", ""impactNumeric"": 1, ""methodology"": ""expert review""}, ""stakeholder_engagement"": {""impactRelationship"": ""positive"", ""impactText"": ""low"", ""impactNumeric"": 1, ""methodology"": ""expert review""}, ""water_quality"": {""impactRelationship"": ""positive"", ""impactText"": ""low"", ""impactNumeric"": 1, ""methodology"": ""expert review""}}"
icare_0008,mitigation,Enable smart grid integration and distributed energy storage through municipal collaboration and demonstration projects,"The city will collaborate with energy utilities, regulators, and technology providers to support the deployment of smart grid infrastructure and distributed energy storage systems that enhance flexibility, reliability, and renewable energy integration. While large-scale grid modernization is typically led by national or regional authorities",The city collaborates with utilities on smart-grid demonstrations and distributed storage projects.,The local grid operates with higher flexibility and distributed storage.,infrastructure,intervention,high,5-10 years,icare,expert_reviewed,Enable smart grid integration and distributed energy storage through municipal collaboration and demonstration projects,Habilitar la integración de redes inteligentes y el almacenamiento de energía distribuida mediante la colaboración municipal y proyectos de demostración,Permitir a integração de redes inteligentes e o armazenamento distribuído de energia por meio de colaboração municipal e projetos de demonstração,"The city will collaborate with energy utilities, regulators, and technology providers to support the deployment of smart grid infrastructure and distributed energy storage systems that enhance flexibility, reliability, and renewable energy integration. While large-scale grid modernization is typically led by national or regional authorities","La ciudad colaborará con empresas de servicios energéticos, organismos reguladores y proveedores de tecnología para apoyar el despliegue de infraestructura de redes inteligentes y sistemas de almacenamiento de energía distribuida que mejoren la flexibilidad, la fiabilidad y la integración de energías renovables. Si bien la modernización de la red a gran escala suele estar liderada por autoridades nacionales o regionales","A cidade irá colaborar com concessionárias de energia, órgãos reguladores e fornecedores de tecnologia para apoiar a implantação de infraestrutura de redes inteligentes e sistemas de armazenamento de energia distribuída que aumentem a flexibilidade, a confiabilidade e a integração de energias renováveis. Embora a modernização em larga escala da rede geralmente seja liderada por autoridades nacionais ou regionais",The city collaborates with utilities on smart-grid demonstrations and distributed storage projects.,La ciudad colabora con empresas de servicios públicos en demostraciones de redes inteligentes y proyectos de almacenamiento distribuido.,A cidade colabora com empresas de serviços públicos em demonstrações de redes inteligentes e projetos de armazenamento distribuído.,The local grid operates with higher flexibility and distributed storage.,La red local opera con mayor flexibilidad y almacenamiento distribuido.,A rede local opera com maior flexibilidade e armazenamento distribuído.,positive,very low,1,expert review,I,[4],"[""I.4.1"", ""I.4.2""]","{""air_quality"": {""impactRelationship"": ""positive"", ""impactText"": ""low"", ""impactNumeric"": 1, ""methodology"": ""expert review""}, ""cost_of_living"": {""impactRelationship"": ""positive"", ""impactText"": ""low"", ""impactNumeric"": 1, ""methodology"": ""expert review""}, ""stakeholder_engagement"": {""impactRelationship"": ""positive"", ""impactText"": ""low"", ""impactNumeric"": 1, ""methodology"": ""expert review""}}"
icare_0009,mitigation,Deploy cogeneration systems in industries,Utilize combined heat and power systems to maximize energy efficiency in industrial processes.,The city supports deployment of cogeneration systems in industrial facilities.,Industrial facilities generate heat and power together.,infrastructure,intervention,high,5-10 years,icare,expert_reviewed,Deploy cogeneration systems in industries,Desplegar sistemas de cogeneración en las industrias,Implantar sistemas de cogeração nas indústrias,Utilize combined heat and power systems to maximize energy efficiency in industrial processes.,Utilizar sistemas de cogeneración para maximizar la eficiencia energética en los procesos industriales.,Utilize sistemas de cogeração para maximizar a eficiência energética em processos industriais.,The city supports deployment of cogeneration systems in industrial facilities.,La ciudad apoya el despliegue de sistemas de cogeneración en instalaciones industriales.,A cidade apoia a implantação de sistemas de cogeração em instalações industriais.,Industrial facilities generate heat and power together.,Las instalaciones industriales generan calor y electricidad juntas.,As instalações industriais geram calor e energia juntos.,positive,very low,1,expert review,I,[3],"[""I.3.1"", ""I.3.2""]","{""air_quality"": {""impactRelationship"": ""positive"", ""impactText"": ""low"", ""impactNumeric"": 1, ""methodology"": ""expert review""}}"
icare_0010,mitigation,Promote Net-Zero and Green Building Certifications,"This action focuses on promoting sustainable buildings by supporting net-zero energy goals and encouraging green building certifications such as LEED. It aims to incentivize the construction and renovation of buildings that produce as much energy as they consume, reducing their environmental impact. This initiative also fosters the adoption of sustainable practices and technologies, ensuring long-term energy efficiency and environmental responsibility across residential, commercial, and public infrastructure.",The city promotes net-zero and green-building certifications.,More buildings meet net-zero and green-building certification thresholds.,program,intervention,medium,5-10 years,icare,expert_reviewed,Promote Net-Zero and Green Building Certifications,Promover certificaciones de edificios Net-Zero y verdes,Promover Certificações Net-Zero e de Edifícios Verdes,"This action focuses on promoting sustainable buildings by supporting net-zero energy goals and encouraging green building certifications such as LEED. It aims to incentivize the construction and renovation of buildings that produce as much energy as they consume, reducing their environmental impact. This initiative also fosters the adoption of sustainable practices and technologies, ensuring long-term energy efficiency and environmental responsibility across residential, commercial, and public infrastructure.","Esta acción se centra en promover edificios sostenibles apoyando los objetivos de energía neta cero y fomentando certificaciones de construcción ecológica como LEED. Su objetivo es incentivar la construcción y renovación de edificios que produzcan tanta energía como la que consumen, reduciendo su impacto ambiental. Esta iniciativa también impulsa la adopción de prácticas y tecnologías sostenibles, garantizando la eficiencia energética a largo plazo y la responsabilidad ambiental en infraestructuras residenciales, comerciales y públicas.","Esta ação foca na promoção de edifícios sustentáveis, apoiando metas de energia líquida zero e incentivando certificações de construção verde, como o LEED. O objetivo é incentivar a construção e renovação de edifícios que produzam tanta energia quanto consomem, reduzindo seu impacto ambiental. Esta iniciativa também estimula a adoção de práticas e tecnologias sustentáveis, garantindo eficiência energética a longo prazo e responsabilidade ambiental em infraestruturas residenciais, comerciais e públicas.",The city promotes net-zero and green-building certifications.,La ciudad promueve certificaciones de construcción ecológica y neta cero.,A cidade promove certificações líquidas zero e de construção verde.,More buildings meet net-zero and green-building certification thresholds.,Más edificios cumplen con los umbrales de certificación neta cero y de construcción ecológica.,Mais edifícios atendem aos limites de certificação de construção ecológica e zero emissões líquidas.,positive,very low,1,expert review,I,[1],"[""I.1.1"", ""I.1.2""]","{""air_quality"": {""impactRelationship"": ""positive"", ""impactText"": ""low"", ""impactNumeric"": 1, ""methodology"": ""expert review""}, ""cost_of_living"": {""impactRelationship"": ""positive"", ""impactText"": ""low"", ""impactNumeric"": 1, ""methodology"": ""expert review""}, ""housing"": {""impactRelationship"": ""positive"", ""impactText"": ""low"", ""impactNumeric"": 1, ""methodology"": ""expert review""}, ""stakeholder_engagement"": {""impactRelationship"": ""positive"", ""impactText"": ""low"", ""impactNumeric"": 1, ""methodology"": ""expert review""}}"
icare_0012,mitigation,Expand solar energy generation on municipal facilities and public assets,"The city will install and scale up solar photovoltaic (PV) systems on municipal buildings and public assets, including schools, health centers, administrative offices, bus terminals, water treatment plants, and decommissioned landfills. The objective is to increase the share of renewable electricity in municipal operations, lower energy costs, and reduce greenhouse gas emissions. Facilitating pilot and demonstration projects in municipal buildings, neighborhoods, or industrial zones to showcase the benefits of smart meters, automated controls, and local storage systems; Supporting demand-side flexibility programs, such as time-of-use tariffs and smart appliance initiatives; Incorporating grid-readiness and distributed generation planning into local development and zoning strategies; and Engaging in integrated resource planning with utilities to ensure that urban and peri-urban energy needs are aligned with regional grid upgrades.",The city installs PV on municipal buildings and public assets.,Municipal facilities generate more of their own electricity from solar PV.,infrastructure,intervention,medium,5-10 years,icare,expert_reviewed,Expand solar energy generation on municipal facilities and public assets,Ampliar la generación de energía solar en instalaciones municipales y bienes públicos,Expandir a geração de energia solar em instalações municipais e bens públicos,"The city will install and scale up solar photovoltaic (PV) systems on municipal buildings and public assets, including schools, health centers, administrative offices, bus terminals, water treatment plants, and decommissioned landfills. The objective is to increase the share of renewable electricity in municipal operations, lower energy costs, and reduce greenhouse gas emissions. Facilitating pilot and demonstration projects in municipal buildings, neighborhoods, or industrial zones to showcase the benefits of smart meters, automated controls, and local storage systems; Supporting demand-side flexibility programs, such as time-of-use tariffs and smart appliance initiatives; Incorporating grid-readiness and distributed generation planning into local development and zoning strategies; and Engaging in integrated resource planning with utilities to ensure that urban and peri-urban energy needs are aligned with regional grid upgrades.","La ciudad instalará y ampliará sistemas solares fotovoltaicos (PV) en edificios municipales y bienes públicos, incluyendo escuelas, centros de salud, oficinas administrativas, terminales de autobuses, plantas de tratamiento de agua y vertederos clausurados. El objetivo es aumentar la proporción de electricidad renovable en las operaciones municipales, reducir los costos energéticos y disminuir las emisiones de gases de efecto invernadero. Se facilitarán proyectos piloto y de demostración en edificios municipales, barrios o zonas industriales para mostrar los beneficios de los medidores inteligentes, controles automatizados y sistemas de almacenamiento local; se apoyarán programas de flexibilidad en la demanda, como tarifas por horario de uso e iniciativas de electrodomésticos inteligentes; se incorporará la preparación de la red y la planificación de generación distribuida en las estrategias locales de desarrollo y zonificación; y se participará en la planificación integrada de recursos con las empresas de servicios públicos para asegurar que las necesidades energéticas urbanas y periurbanas estén alineadas con las mejoras regionales de la red.","A cidade irá instalar e expandir sistemas solares fotovoltaicos (PV) em prédios municipais e bens públicos, incluindo escolas, centros de saúde, escritórios administrativos, terminais de ônibus, estações de tratamento de água e aterros desativados. O objetivo é aumentar a participação da eletricidade renovável nas operações municipais, reduzir os custos de energia e diminuir as emissões de gases de efeito estufa. Facilitar projetos-piloto e de demonstração em prédios municipais, bairros ou zonas industriais para mostrar os benefícios de medidores inteligentes, controles automatizados e sistemas de armazenamento local; Apoiar programas de flexibilidade do lado da demanda, como tarifas por horário de uso e iniciativas de eletrodomésticos inteligentes; Incorporar o planejamento de prontidão da rede e geração distribuída nas estratégias locais de desenvolvimento e zoneamento; e Engajar-se no planejamento integrado de recursos com concessionárias para garantir que as necessidades energéticas urbanas e periurbanas estejam alinhadas com as atualizações regionais da rede.",The city installs PV on municipal buildings and public assets.,La ciudad instala energía fotovoltaica en edificios municipales y activos públicos.,A cidade instala energia fotovoltaica em edifícios municipais e bens públicos.,Municipal facilities generate more of their own electricity from solar PV.,Las instalaciones municipales generan una mayor parte de su propia electricidad a partir de energía solar fotovoltaica.,As instalações municipais geram mais eletricidade própria a partir da energia solar fotovoltaica.,positive,very low,1,expert review,I,[4],"[""I.4.4""]","{""cost_of_living"": {""impactRelationship"": ""positive"", ""impactText"": ""low"", ""impactNumeric"": 1, ""methodology"": ""expert review""}, ""stakeholder_engagement"": {""impactRelationship"": ""positive"", ""impactText"": ""low"", ""impactNumeric"": 1, ""methodology"": ""expert review""}}"
icare_0015,mitigation,Promote Mini and Micro-Hydropower and Biomass Energy,"This action focuses on promoting renewable energy generation by developing mini and micro-hydropower plants and encouraging biomass energy production in agricultural regions. By harnessing the potential of local water resources and organic waste, this initiative aims to diversify the energy mix, improve energy security, and support sustainable agricultural practices, reducing dependence on fossil fuels while promoting environmentally friendly energy solutions.",The city promotes mini/micro-hydropower and biomass energy development.,Mini/micro-hydropower and biomass expand in the local energy mix.,infrastructure,intervention,high,5-10 years,icare,expert_reviewed,Promote Mini and Micro-Hydropower and Biomass Energy,"Promover la energía minihidroeléctrica, microhidroeléctrica y de biomasa",Promover a Mini e Micro-Hidroeletricidade e a Energia de Biomassa,"This action focuses on promoting renewable energy generation by developing mini and micro-hydropower plants and encouraging biomass energy production in agricultural regions. By harnessing the potential of local water resources and organic waste, this initiative aims to diversify the energy mix, improve energy security, and support sustainable agricultural practices, reducing dependence on fossil fuels while promoting environmentally friendly energy solutions.","Esta acción se centra en promover la generación de energía renovable mediante el desarrollo de plantas mini y microhidroeléctricas y el fomento de la producción de energía a partir de biomasa en regiones agrícolas. Aprovechando el potencial de los recursos hídricos locales y los residuos orgánicos, esta iniciativa busca diversificar la matriz energética, mejorar la seguridad energética y apoyar prácticas agrícolas sostenibles, reduciendo la dependencia de los combustibles fósiles y promoviendo soluciones energéticas respetuosas con el medio ambiente.","Esta ação foca na promoção da geração de energia renovável por meio do desenvolvimento de mini e microcentrais hidrelétricas e do incentivo à produção de energia a partir de biomassa em regiões agrícolas. Ao aproveitar o potencial dos recursos hídricos locais e dos resíduos orgânicos, esta iniciativa visa diversificar a matriz energética, melhorar a segurança energética e apoiar práticas agrícolas sustentáveis, reduzindo a dependência de combustíveis fósseis e promovendo soluções energéticas ambientalmente amigáveis.",The city promotes mini/micro-hydropower and biomass energy development.,La ciudad promueve el desarrollo de energía de biomasa y mini/microhidroeléctricas.,A cidade promove o desenvolvimento de mini/micro-hidrelétricas e energia de biomassa.,Mini/micro-hydropower and biomass expand in the local energy mix.,La mini/microcentral hidroeléctrica y la biomasa se expanden en el mix energético local.,A mini/micro-hidrelétrica e a biomassa expandem-se na matriz energética local.,positive,high,4,expert review,I,[4],"[""I.4.4""]","{""habitat"": {""impactRelationship"": ""positive"", ""impactText"": ""low"", ""impactNumeric"": 1, ""methodology"": ""expert review""}, ""stakeholder_engagement"": {""impactRelationship"": ""positive"", ""impactText"": ""low"", ""impactNumeric"": 1, ""methodology"": ""expert review""}, ""water_quality"": {""impactRelationship"": ""positive"", ""impactText"": ""low"", ""impactNumeric"": 1, ""methodology"": ""expert review""}}"
icare_0016,mitigation,"Promote solar thermal and heat pump systems for water heating in residential, commercial, and public buildings","The city will encourage the adoption of renewable and efficient water heating systems, including solar thermal collectors and heat pumps, across residential, commercial, and public facilities. These systems significantly reduce energy consumption and emissions associated with conventional electric or gas water heating. Municipal actions may include: Installing systems in public buildings (schools, hospitals, sports centers) to demonstrate leadership and reduce operational costs; Providing incentives or financing programs for residential and commercial installations; and Updating building codes or efficiency standards to integrate renewable heating technologies in new and retrofitted constructions.","The city promotes solar thermal and heat pump water heating across residential, commercial, and public buildings.",Water heating shifts to solar thermal and heat pumps.,program,intervention,medium,<5 years,icare,expert_reviewed,"Promote solar thermal and heat pump systems for water heating in residential, commercial, and public buildings","Promover sistemas solares térmicos y bombas de calor para el calentamiento de agua en edificios residenciales, comerciales y públicos","Promover sistemas solares térmicos e bombas de calor para aquecimento de água em edifícios residenciais, comerciais e públicos","The city will encourage the adoption of renewable and efficient water heating systems, including solar thermal collectors and heat pumps, across residential, commercial, and public facilities. These systems significantly reduce energy consumption and emissions associated with conventional electric or gas water heating. Municipal actions may include: Installing systems in public buildings (schools, hospitals, sports centers) to demonstrate leadership and reduce operational costs; Providing incentives or financing programs for residential and commercial installations; and Updating building codes or efficiency standards to integrate renewable heating technologies in new and retrofitted constructions.","La ciudad fomentará la adopción de sistemas de calentamiento de agua renovables y eficientes, incluyendo colectores solares térmicos y bombas de calor, en instalaciones residenciales, comerciales y públicas. Estos sistemas reducen significativamente el consumo de energía y las emisiones asociadas con el calentamiento de agua convencional mediante electricidad o gas. Las acciones municipales pueden incluir: instalar sistemas en edificios públicos (escuelas, hospitales, centros deportivos) para demostrar liderazgo y reducir los costos operativos; ofrecer incentivos o programas de financiamiento para instalaciones residenciales y comerciales; y actualizar los códigos de construcción o los estándares de eficiencia para integrar tecnologías de calentamiento renovable en construcciones nuevas y remodeladas.","A cidade irá incentivar a adoção de sistemas de aquecimento de água renováveis e eficientes, incluindo coletores solares térmicos e bombas de calor, em instalações residenciais, comerciais e públicas. Esses sistemas reduzem significativamente o consumo de energia e as emissões associadas ao aquecimento de água convencional por eletricidade ou gás. As ações municipais podem incluir: Instalação de sistemas em edifícios públicos (escolas, hospitais, centros esportivos) para demonstrar liderança e reduzir custos operacionais; Oferta de incentivos ou programas de financiamento para instalações residenciais e comerciais; e Atualização de códigos de construção ou padrões de eficiência para integrar tecnologias de aquecimento renovável em construções novas e retrofitadas.","The city promotes solar thermal and heat pump water heating across residential, commercial, and public buildings.","La ciudad promueve el calentamiento del agua con energía solar térmica y con bomba de calor en edificios residenciales, comerciales y públicos.","A cidade promove aquecimento solar térmico e de água com bomba de calor em edifícios residenciais, comerciais e públicos.",Water heating shifts to solar thermal and heat pumps.,El calentamiento del agua pasa a la energía solar térmica y a las bombas de calor.,O aquecimento de água muda para bombas solares térmicas e de calor.,positive,low,2,expert review,I,"[1, 2]","[""I.1.1"", ""I.1.2"", ""I.2.1"", ""I.2.2""]","{""cost_of_living"": {""impactRelationship"": ""positive"", ""impactText"": ""low"", ""impactNumeric"": 1, ""methodology"": ""expert review""}, ""stakeholder_engagement"": {""impactRelationship"": ""positive"", ""impactText"": ""low"", ""impactNumeric"": 1, ""methodology"": ""expert review""}}"
icare_0023,mitigation,Upgrade and maintain electrical substations,Enhance the reliability and efficiency of the electrical grid by modernizing substation equipment and implementing regular maintenance programs.,The city upgrades and maintains electrical substations.,Electrical substations run more reliably with lower losses.,infrastructure,intervention,medium,5-10 years,icare,expert_reviewed,Upgrade and maintain electrical substations,Actualizar y mantener subestaciones eléctricas,Atualizar e manter subestações elétricas,Enhance the reliability and efficiency of the electrical grid by modernizing substation equipment and implementing regular maintenance programs.,Mejorar la fiabilidad y eficiencia de la red eléctrica mediante la modernización del equipo de subestaciones e implementación de programas regulares de mantenimiento.,Aumentar a confiabilidade e eficiência da rede elétrica modernizando os equipamentos das subestações e implementando programas regulares de manutenção.,The city upgrades and maintains electrical substations.,La ciudad actualiza y mantiene las subestaciones eléctricas.,A cidade atualiza e mantém subestações elétricas.,Electrical substations run more reliably with lower losses.,Las subestaciones eléctricas funcionan de forma más fiable y con menores pérdidas.,As subestações elétricas funcionam de forma mais confiável e com menores perdas.,positive,high,4,expert review,I,[4],"[""I.4.1"", ""I.4.2""]",{}
icare_0024,mitigation,Integrate renewables into municipal water systems,"Implement renewable energy sources, such as solar or wind power, to drive water treatment, pumping, and distribution systems, reducing energy costs and emissions.","The city installs renewable energy on water treatment, pumping, and distribution systems.",Municipal water systems run on renewable power.,infrastructure,intervention,medium,5-10 years,icare,expert_reviewed,Integrate renewables into municipal water systems,Integrar energías renovables en los sistemas municipales de agua,Integrar fontes renováveis nos sistemas municipais de água,"Implement renewable energy sources, such as solar or wind power, to drive water treatment, pumping, and distribution systems, reducing energy costs and emissions.","Implementar fuentes de energía renovable, como la solar o la eólica, para impulsar los sistemas de tratamiento, bombeo y distribución de agua, reduciendo los costos energéticos y las emisiones.","Implementar fontes de energia renovável, como energia solar ou eólica, para impulsionar os sistemas de tratamento, bombeamento e distribuição de água, reduzindo os custos de energia e as emissões.","The city installs renewable energy on water treatment, pumping, and distribution systems.","La ciudad instala energía renovable en los sistemas de tratamiento, bombeo y distribución de agua.","A cidade instala energia renovável em sistemas de tratamento, bombeamento e distribuição de água.",Municipal water systems run on renewable power.,Los sistemas de agua municipales funcionan con energía renovable.,Os sistemas municipais de água funcionam com energia renovável.,positive,very high,5,expert review,I,[4],"[""I.4.4""]","{""air_quality"": {""impactRelationship"": ""positive"", ""impactText"": ""low"", ""impactNumeric"": 1, ""methodology"": ""expert review""}, ""cost_of_living"": {""impactRelationship"": ""positive"", ""impactText"": ""low"", ""impactNumeric"": 1, ""methodology"": ""expert review""}, ""habitat"": {""impactRelationship"": ""positive"", ""impactText"": ""low"", ""impactNumeric"": 1, ""methodology"": ""expert review""}, ""stakeholder_engagement"": {""impactRelationship"": ""positive"", ""impactText"": ""low"", ""impactNumeric"": 1, ""methodology"": ""expert review""}, ""water_quality"": {""impactRelationship"": ""positive"", ""impactText"": ""low"", ""impactNumeric"": 1, ""methodology"": ""expert review""}}"
icare_0025,mitigation,Promote energy-efficient and climate-resilient housing for low-income and informal settlements,"The city will develop and support housing programs that integrate energy-efficient and climate-resilient design principles, reducing energy costs and improving comfort for low-income households and residents of informal settlements. Measures may include the use of thermal insulation materials, reflective roofing, natural ventilation, and efficient lighting and appliances (such as LEDs and solar water heaters). Municipal actions can involve incentivizing retrofits, integrating efficiency criteria into social housing programs, and offering technical assistance or subsidies for small-scale upgrades. This action can be combined with broader improvement projects that address sanitation, water access, and structural safety, fostering integrated and inclusive neighborhood upgrading. These interventions enhance quality of life, reduce energy poverty, and contribute to urban climate mitigation and adaptation goals.",The city runs housing programs with energy-efficient and climate-resilient design.,Low-income and informal-settlement housing improves in energy efficiency and thermal comfort.,program,intervention,medium,5-10 years,icare,expert_reviewed,Promote energy-efficient and climate-resilient housing for low-income and informal settlements,Promover viviendas eficientes en energía y resilientes al clima para asentamientos informales y de bajos ingresos,Promover habitações eficientes em energia e resilientes ao clima para assentamentos de baixa renda e informais,"The city will develop and support housing programs that integrate energy-efficient and climate-resilient design principles, reducing energy costs and improving comfort for low-income households and residents of informal settlements. Measures may include the use of thermal insulation materials, reflective roofing, natural ventilation, and efficient lighting and appliances (such as LEDs and solar water heaters). Municipal actions can involve incentivizing retrofits, integrating efficiency criteria into social housing programs, and offering technical assistance or subsidies for small-scale upgrades. This action can be combined with broader improvement projects that address sanitation, water access, and structural safety, fostering integrated and inclusive neighborhood upgrading. These interventions enhance quality of life, reduce energy poverty, and contribute to urban climate mitigation and adaptation goals.","La ciudad desarrollará y apoyará programas de vivienda que integren principios de diseño energéticamente eficiente y resiliente al clima, reduciendo los costos de energía y mejorando el confort para los hogares de bajos ingresos y los residentes de asentamientos informales. Las medidas pueden incluir el uso de materiales de aislamiento térmico, techos reflectantes, ventilación natural y sistemas de iluminación y electrodomésticos eficientes (como LEDs y calentadores solares de agua). Las acciones municipales pueden involucrar incentivos para la rehabilitación, la integración de criterios de eficiencia en los programas de vivienda social y la oferta de asistencia técnica o subsidios para mejoras a pequeña escala. Esta acción puede combinarse con proyectos de mejora más amplios que aborden el saneamiento, el acceso al agua y la seguridad estructural, fomentando la mejora integral e inclusiva de los barrios. Estas intervenciones mejoran la calidad de vida, reducen la pobreza energética y contribuyen a los objetivos urbanos de mitigación y adaptación al clima.","A cidade irá desenvolver e apoiar programas habitacionais que integrem princípios de design eficiente em energia e resiliente ao clima, reduzindo os custos de energia e melhorando o conforto para famílias de baixa renda e moradores de assentamentos informais. As medidas podem incluir o uso de materiais de isolamento térmico, telhados refletivos, ventilação natural e iluminação e eletrodomésticos eficientes (como LEDs e aquecedores solares de água). As ações municipais podem envolver o incentivo à requalificação de edificações, a integração de critérios de eficiência em programas de habitação social e a oferta de assistência técnica ou subsídios para pequenas melhorias. Esta ação pode ser combinada com projetos de melhoria mais amplos que abordem saneamento, acesso à água e segurança estrutural, promovendo a requalificação integrada e inclusiva de bairros. Essas intervenções melhoram a qualidade de vida, reduzem a pobreza energética e contribuem para as metas urbanas de mitigação e adaptação às mudanças climáticas.",The city runs housing programs with energy-efficient and climate-resilient design.,La ciudad ejecuta programas de vivienda con diseños energéticamente eficientes y resilientes al clima.,A cidade administra programas habitacionais com design energeticamente eficiente e resistente ao clima.,Low-income and informal-settlement housing improves in energy efficiency and thermal comfort.,Las viviendas de bajos ingresos y de asentamientos informales mejoran en eficiencia energética y confort térmico.,As habitações de baixa renda e assentamentos informais melhoram a eficiência energética e o conforto térmico.,positive,high,4,expert review,I,[1],"[""I.1.1"", ""I.1.2""]","{""cost_of_living"": {""impactRelationship"": ""positive"", ""impactText"": ""low"", ""impactNumeric"": 1, ""methodology"": ""expert review""}, ""housing"": {""impactRelationship"": ""positive"", ""impactText"": ""low"", ""impactNumeric"": 1, ""methodology"": ""expert review""}, ""stakeholder_engagement"": {""impactRelationship"": ""positive"", ""impactText"": ""low"", ""impactNumeric"": 1, ""methodology"": ""expert review""}}"
icare_0026,mitigation,Implement time-of-use electricity tariffs to enhance demand-side flexibility and efficiency,"The city will work with energy regulators and utilities to introduce time-of-use (TOU) electricity tariffs that incentivize consumers to shift energy use toward off-peak hours. By encouraging demand-side flexibility, this measure helps to balance grid demand, ensure grid stability, and lower energy costs for consumers, particularly when combined with energy-efficient appliances and smart metering technologies. Municipal roles may include advocating for regulatory approval, piloting TOU programs in public facilities, and raising awareness among residential, commercial, and industrial users. This action supports the city’s broader energy efficiency and resilience objectives, helping to integrate renewable energy more effectively and reduce peak load pressures.",The city works with regulators and utilities to introduce time-of-use electricity tariffs.,Electricity use shifts toward off-peak hours.,financial,intervention,low,<5 years,icare,expert_reviewed,Implement time-of-use electricity tariffs to enhance demand-side flexibility and efficiency,Implementar tarifas eléctricas según el horario de uso para mejorar la flexibilidad y eficiencia del lado de la demanda,Implementar tarifas de eletricidade por horário de uso para aumentar a flexibilidade e eficiência do lado da demanda,"The city will work with energy regulators and utilities to introduce time-of-use (TOU) electricity tariffs that incentivize consumers to shift energy use toward off-peak hours. By encouraging demand-side flexibility, this measure helps to balance grid demand, ensure grid stability, and lower energy costs for consumers, particularly when combined with energy-efficient appliances and smart metering technologies. Municipal roles may include advocating for regulatory approval, piloting TOU programs in public facilities, and raising awareness among residential, commercial, and industrial users. This action supports the city’s broader energy efficiency and resilience objectives, helping to integrate renewable energy more effectively and reduce peak load pressures.","La ciudad trabajará con los reguladores energéticos y las empresas de servicios públicos para introducir tarifas eléctricas por horario de uso (TOU) que incentiven a los consumidores a desplazar el consumo de energía hacia las horas de menor demanda. Al fomentar la flexibilidad del lado de la demanda, esta medida ayuda a equilibrar la demanda en la red, garantizar la estabilidad de la red y reducir los costos de energía para los consumidores, especialmente cuando se combina con electrodomésticos eficientes y tecnologías de medición inteligente. Los roles municipales pueden incluir abogar por la aprobación regulatoria, implementar programas piloto de TOU en instalaciones públicas y aumentar la concienciación entre usuarios residenciales, comerciales e industriales. Esta acción respalda los objetivos más amplios de eficiencia energética y resiliencia de la ciudad, ayudando a integrar de manera más efectiva la energía renovable y reducir las presiones de carga máxima.","A cidade trabalhará com reguladores de energia e concessionárias para introduzir tarifas de eletricidade por horário de uso (TOU) que incentivem os consumidores a transferir o consumo de energia para horários fora do pico. Ao estimular a flexibilidade do lado da demanda, essa medida ajuda a equilibrar a demanda na rede, garantir a estabilidade do sistema e reduzir os custos de energia para os consumidores, especialmente quando combinada com aparelhos eficientes em energia e tecnologias de medição inteligente. Os papéis do município podem incluir a defesa da aprovação regulatória, a implementação de programas-piloto de TOU em instalações públicas e a conscientização entre usuários residenciais, comerciais e industriais. Essa ação apoia os objetivos mais amplos da cidade em eficiência energética e resiliência, ajudando a integrar energias renováveis de forma mais eficaz e a reduzir pressões de carga nos horários de pico.",The city works with regulators and utilities to introduce time-of-use electricity tariffs.,La ciudad trabaja con reguladores y empresas de servicios públicos para introducir tarifas eléctricas según el tiempo de uso.,A cidade trabalha com reguladores e concessionárias para introduzir tarifas de eletricidade por tempo de uso.,Electricity use shifts toward off-peak hours.,El consumo de electricidad se desplaza hacia horas valle.,O uso de eletricidade muda para horários fora de pico.,positive,low,2,expert review,I,[4],"[""I.4.1"", ""I.4.2""]","{""air_quality"": {""impactRelationship"": ""positive"", ""impactText"": ""low"", ""impactNumeric"": 1, ""methodology"": ""expert review""}, ""cost_of_living"": {""impactRelationship"": ""positive"", ""impactText"": ""low"", ""impactNumeric"": 1, ""methodology"": ""expert review""}}"
icare_0027,mitigation,Create financing programs for local renewable energy projects,"Establish funding mechanisms, such as grants and low-interest loans, to support the development of small-scale renewable energy initiatives in communities. These programs can also support community renewable energy farms and cooperatives, enabling shared access to clean power and strengthening local ownership models.",The city creates financing programs for local renewable energy projects.,Community renewable projects and cooperatives expand.,financial,intervention,medium,5-10 years,icare,expert_reviewed,Create financing programs for local renewable energy projects,Crear programas de financiamiento para proyectos locales de energía renovable,Criar programas de financiamento para projetos locais de energia renovável,"Establish funding mechanisms, such as grants and low-interest loans, to support the development of small-scale renewable energy initiatives in communities. These programs can also support community renewable energy farms and cooperatives, enabling shared access to clean power and strengthening local ownership models.","Establecer mecanismos de financiación, como subvenciones y préstamos a bajo interés, para apoyar el desarrollo de iniciativas de energía renovable a pequeña escala en las comunidades. Estos programas también pueden apoyar granjas y cooperativas de energía renovable comunitaria, permitiendo el acceso compartido a energía limpia y fortaleciendo los modelos de propiedad local.","Estabelecer mecanismos de financiamento, como subsídios e empréstimos a juros baixos, para apoiar o desenvolvimento de iniciativas de energia renovável em pequena escala nas comunidades. Esses programas também podem apoiar fazendas e cooperativas de energia renovável comunitária, possibilitando o acesso compartilhado à energia limpa e fortalecendo modelos de propriedade local.",The city creates financing programs for local renewable energy projects.,La ciudad crea programas de financiación para proyectos locales de energía renovable.,A cidade cria programas de financiamento para projetos locais de energia renovável.,Community renewable projects and cooperatives expand.,Se expanden los proyectos comunitarios de energías renovables y las cooperativas.,Projetos comunitários renováveis ​​e cooperativas se expandem.,positive,high,4,expert review,I,[4],"[""I.4.1"", ""I.4.2""]","{""air_quality"": {""impactRelationship"": ""positive"", ""impactText"": ""low"", ""impactNumeric"": 1, ""methodology"": ""expert review""}, ""cost_of_living"": {""impactRelationship"": ""positive"", ""impactText"": ""low"", ""impactNumeric"": 1, ""methodology"": ""expert review""}, ""housing"": {""impactRelationship"": ""positive"", ""impactText"": ""low"", ""impactNumeric"": 1, ""methodology"": ""expert review""}, ""stakeholder_engagement"": {""impactRelationship"": ""positive"", ""impactText"": ""low"", ""impactNumeric"": 1, ""methodology"": ""expert review""}}"
icare_0028,mitigation,"Promote passive cooling through natural shading and ventilation in residential, commercial, and public buildings","The city will require or encourage passive cooling design features—including shaded facades, green roofs, natural ventilation, reflective surfaces, and cross-ventilation layouts—to reduce dependence on mechanical air conditioning in residential, commercial, and public buildings. These measures improve indoor comfort, lower energy demand, and enhance urban resilience to heat stress. Implementation can include updating building codes, incentivizing retrofits, and providing design guidance for new developments and renovations. This action complements other green building initiatives and supports long-term climate adaptation through energy efficiency and thermal comfort.",The city requires or encourages passive cooling in building codes and retrofits.,Buildings rely less on mechanical air conditioning through passive cooling.,regulatory,intervention,low,<5 years,icare,expert_reviewed,"Promote passive cooling through natural shading and ventilation in residential, commercial, and public buildings","Promover la refrigeración pasiva mediante sombreado natural y ventilación en edificios residenciales, comerciales y públicos","Promover o resfriamento passivo por meio de sombreamento natural e ventilação em edifícios residenciais, comerciais e públicos","The city will require or encourage passive cooling design features—including shaded facades, green roofs, natural ventilation, reflective surfaces, and cross-ventilation layouts—to reduce dependence on mechanical air conditioning in residential, commercial, and public buildings. These measures improve indoor comfort, lower energy demand, and enhance urban resilience to heat stress. Implementation can include updating building codes, incentivizing retrofits, and providing design guidance for new developments and renovations. This action complements other green building initiatives and supports long-term climate adaptation through energy efficiency and thermal comfort.","La ciudad requerirá o fomentará características de diseño de enfriamiento pasivo, incluyendo fachadas sombreadas, techos verdes, ventilación natural, superficies reflectantes y distribuciones que permitan la ventilación cruzada, para reducir la dependencia del aire acondicionado mecánico en edificios residenciales, comerciales y públicos. Estas medidas mejoran el confort interior, disminuyen la demanda energética y aumentan la resiliencia urbana frente al estrés térmico. La implementación puede incluir la actualización de los códigos de construcción, incentivos para la rehabilitación y la provisión de orientación de diseño para nuevos desarrollos y renovaciones. Esta acción complementa otras iniciativas de construcción sostenible y apoya la adaptación climática a largo plazo mediante la eficiencia energética y el confort térmico.","A cidade exigirá ou incentivará a adoção de elementos de design para resfriamento passivo — incluindo fachadas sombreadas, telhados verdes, ventilação natural, superfícies refletivas e layouts que favoreçam a ventilação cruzada — para reduzir a dependência de ar-condicionado mecânico em edifícios residenciais, comerciais e públicos. Essas medidas melhoram o conforto interno, reduzem a demanda de energia e aumentam a resiliência urbana ao estresse térmico. A implementação pode incluir a atualização dos códigos de construção, o incentivo à modernização de edifícios existentes e a oferta de orientações de design para novos empreendimentos e reformas. Essa ação complementa outras iniciativas de construção sustentável e apoia a adaptação climática de longo prazo por meio da eficiência energética e do conforto térmico.",The city requires or encourages passive cooling in building codes and retrofits.,La ciudad exige o fomenta el enfriamiento pasivo en los códigos de construcción y las modernizaciones.,A cidade exige ou incentiva o resfriamento passivo em códigos de construção e reformas.,Buildings rely less on mechanical air conditioning through passive cooling.,Los edificios dependen menos del aire acondicionado mecánico mediante refrigeración pasiva.,Os edifícios dependem menos do ar condicionado mecânico através do arrefecimento passivo.,positive,low,2,expert review,I,"[1, 2]","[""I.1.1"", ""I.1.2"", ""I.2.1"", ""I.2.2""]","{""air_quality"": {""impactRelationship"": ""positive"", ""impactText"": ""low"", ""impactNumeric"": 1, ""methodology"": ""expert review""}, ""cost_of_living"": {""impactRelationship"": ""positive"", ""impactText"": ""low"", ""impactNumeric"": 1, ""methodology"": ""expert review""}, ""housing"": {""impactRelationship"": ""positive"", ""impactText"": ""low"", ""impactNumeric"": 1, ""methodology"": ""expert review""}}"
icare_0031,mitigation,Capture & Use Biogas at Wastewater Treatment Plants',"Install biogas systems in wastewater treatment facilities to produce renewable energy from organic sludge, reducing emissions and operational costs. Technologies may include sludge digestion, CHP for plant loads, and upgrading to biomethane for vehicles. This action can be financed by development banks and can be scaled by regionalization.",,Wastewater treatment plants capture biogas from organic sludge for energy use.,,outcome,high,5-10 years,icare,expert_reviewed,Capture & Use Biogas at Wastewater Treatment Plants',Captura y uso de biogás en plantas de tratamiento de aguas residuales,Captura e uso de biogás em estações de tratamento de águas residuais,"Install biogas systems in wastewater treatment facilities to produce renewable energy from organic sludge, reducing emissions and operational costs. Technologies may include sludge digestion, CHP for plant loads, and upgrading to biomethane for vehicles. This action can be financed by development banks and can be scaled by regionalization.","Instalar sistemas de biogás en plantas de tratamiento de aguas residuales para producir energía renovable a partir de lodos orgánicos, reduciendo emisiones y costos operativos. Las tecnologías pueden incluir digestión de lodos, cogeneración (CHP) para las cargas de la planta y actualización a biometano para vehículos. Esta acción puede ser financiada por bancos de desarrollo y puede escalarse mediante la regionalización.","Instalar sistemas de biogás em instalações de tratamento de águas residuais para produzir energia renovável a partir de lodo orgânico, reduzindo emissões e custos operacionais. As tecnologias podem incluir digestão de lodo, cogeração (CHP) para cargas da planta e atualização para biometano para veículos. Esta ação pode ser financiada por bancos de desenvolvimento e pode ser ampliada por meio da regionalização.",,,,Wastewater treatment plants capture biogas from organic sludge for energy use.,Las plantas de tratamiento de aguas residuales capturan biogás de lodos orgánicos para uso energético.,As estações de tratamento de águas residuais capturam biogás de lodo orgânico para uso energético.,positive,high,4,expert review,III,[4],"[""III.4.1""]",{}
icare_0033,mitigation,Install biodigesters in rural properties,"Equip rural farms and properties with biodigesters to convert organic waste into biogas and nutrient-rich fertilizers, providing a sustainable energy source.",The city installs biodigesters on rural properties.,Rural organic waste is converted to biogas and fertiliser on-site.,infrastructure,intervention,medium,<5 years,icare,expert_reviewed,Install biodigesters in rural properties,Instalar biodigestores en propiedades rurales,Instalar biodigestores em propriedades rurais,"Equip rural farms and properties with biodigesters to convert organic waste into biogas and nutrient-rich fertilizers, providing a sustainable energy source.","Equipar las granjas y propiedades rurales con biodigestores para convertir los residuos orgánicos en biogás y fertilizantes ricos en nutrientes, proporcionando una fuente de energía sostenible.","Equipar fazendas e propriedades rurais com biodigestores para converter resíduos orgânicos em biogás e fertilizantes ricos em nutrientes, proporcionando uma fonte de energia sustentável.",The city installs biodigesters on rural properties.,La ciudad instala biodigestores en propiedades rurales.,A cidade instala biodigestores em propriedades rurais.,Rural organic waste is converted to biogas and fertiliser on-site.,Los residuos orgánicos rurales se convierten en biogás y fertilizantes in situ.,Os resíduos orgânicos rurais são convertidos em biogás e fertilizantes no local.,positive,very low,1,expert review,I,[5],"[""I.5.1"", ""I.5.2""]","{""air_quality"": {""impactRelationship"": ""positive"", ""impactText"": ""low"", ""impactNumeric"": 1, ""methodology"": ""expert review""}, ""cost_of_living"": {""impactRelationship"": ""positive"", ""impactText"": ""low"", ""impactNumeric"": 1, ""methodology"": ""expert review""}}"
icare_0034,mitigation,Improve Fuel Supply Systems for Industrial Heating,"Enhancing fuel delivery systems in the steel production process by implementing technologies such as pulverized coal injection, improving furnace designs and process controls, and optimizing fuel combustion for heating. Includes energy efficiency measures to reduce emissions from coal and coke used in conventional iron-making, and the potential adoption of alternative reductants like biomass and waste plastics.",,Industrial heating fuel systems shift to more efficient combustion and alternative reductants.,,outcome,low,<5 years,icare,expert_reviewed,Improve Fuel Supply Systems for Industrial Heating,Mejorar los sistemas de suministro de combustible para la calefacción industrial,Melhorar os Sistemas de Abastecimento de Combustível para Aquecimento Industrial,"Enhancing fuel delivery systems in the steel production process by implementing technologies such as pulverized coal injection, improving furnace designs and process controls, and optimizing fuel combustion for heating. Includes energy efficiency measures to reduce emissions from coal and coke used in conventional iron-making, and the potential adoption of alternative reductants like biomass and waste plastics.","Mejorar los sistemas de suministro de combustible en el proceso de producción de acero mediante la implementación de tecnologías como la inyección de carbón pulverizado, la mejora de los diseños de hornos y los controles de proceso, y la optimización de la combustión de combustible para calefacción. Incluye medidas de eficiencia energética para reducir las emisiones provenientes del carbón y el coque utilizados en la fabricación convencional de hierro, así como la posible adopción de reductores alternativos como biomasa y plásticos de desecho.","Aprimoramento dos sistemas de fornecimento de combustível no processo de produção de aço por meio da implementação de tecnologias como a injeção de carvão pulverizado, melhoria dos projetos de fornos e dos controles de processo, e otimização da combustão de combustível para aquecimento. Inclui medidas de eficiência energética para reduzir as emissões provenientes do carvão e do coque utilizados na produção convencional de ferro, além da possível adoção de redutores alternativos como biomassa e resíduos plásticos.",,,,Industrial heating fuel systems shift to more efficient combustion and alternative reductants.,Los sistemas de combustible para calefacción industrial cambian hacia una combustión más eficiente y reductores alternativos.,Os sistemas de combustível de aquecimento industrial mudam para uma combustão mais eficiente e redutores alternativos.,positive,low,2,expert review,IV,[1],"[""IV.1""]","{""air_quality"": {""impactRelationship"": ""positive"", ""impactText"": ""low"", ""impactNumeric"": 1, ""methodology"": ""expert review""}, ""cost_of_living"": {""impactRelationship"": ""positive"", ""impactText"": ""low"", ""impactNumeric"": 1, ""methodology"": ""expert review""}, ""stakeholder_engagement"": {""impactRelationship"": ""positive"", ""impactText"": ""low"", ""impactNumeric"": 1, ""methodology"": ""expert review""}}"
icare_0035,mitigation,Enhance industrial energy efficiency processes,Implement advanced technologies and process optimizations in industrial facilities to minimize energy consumption and improve productivity.,The city supports industrial energy-efficiency process upgrades.,Industrial facilities use less energy per unit of output.,infrastructure,intervention,medium,5-10 years,icare,expert_reviewed,Enhance industrial energy efficiency processes,Mejorar los procesos de eficiencia energética industrial,Aprimorar os processos de eficiência energética industrial,Implement advanced technologies and process optimizations in industrial facilities to minimize energy consumption and improve productivity.,Implementar tecnologías avanzadas y optimizaciones de procesos en instalaciones industriales para minimizar el consumo de energía y mejorar la productividad.,Implementar tecnologias avançadas e otimizações de processos em instalações industriais para minimizar o consumo de energia e melhorar a produtividade.,The city supports industrial energy-efficiency process upgrades.,La ciudad apoya las mejoras en los procesos de eficiencia energética industrial.,A cidade apoia atualizações de processos industriais de eficiência energética.,Industrial facilities use less energy per unit of output.,Las instalaciones industriales utilizan menos energía por unidad de producción.,As instalações industriais utilizam menos energia por unidade de produção.,positive,very low,1,expert review,I,[3],"[""I.3.1"", ""I.3.2""]","{""air_quality"": {""impactRelationship"": ""positive"", ""impactText"": ""low"", ""impactNumeric"": 1, ""methodology"": ""expert review""}, ""cost_of_living"": {""impactRelationship"": ""positive"", ""impactText"": ""low"", ""impactNumeric"": 1, ""methodology"": ""expert review""}, ""habitat"": {""impactRelationship"": ""positive"", ""impactText"": ""low"", ""impactNumeric"": 1, ""methodology"": ""expert review""}, ""water_quality"": {""impactRelationship"": ""positive"", ""impactText"": ""low"", ""impactNumeric"": 1, ""methodology"": ""expert review""}}"
icare_0040,mitigation,Deploy energy-efficient and solar-powered street lighting across all neighborhoods,"The city will install LED-based (or other low emission technologies), solar-powered streetlights in all neighborhoods, including rural and peri-urban areas, to enhance safety, accessibility, and social inclusion while reducing energy costs and environmental impacts. Where feasible, the action prioritizes solar power generation, especially in areas with limited grid coverage or high carbon intensity. In locations where the electricity grid is already clean, the focus will be on maximizing lighting efficiency through LED retrofits and smart controls. Municipal roles include procuring equipment, establishing public–private financing mechanisms, and contracting long-term maintenance services to ensure system reliability. This action delivers strong co-benefits for communities of all sizes but requires careful planning to address maintenance and operational challenges.",The city installs energy-efficient and solar-powered streetlights.,Street lighting shifts to efficient LED and solar-powered fixtures.,infrastructure,intervention,medium,5-10 years,icare,expert_reviewed,Deploy energy-efficient and solar-powered street lighting across all neighborhoods,Desplegar alumbrado público eficiente en el uso de energía y alimentado por energía solar en todos los vecindarios,Implantar iluminação pública eficiente em termos energéticos e alimentada por energia solar em todos os bairros,"The city will install LED-based (or other low emission technologies), solar-powered streetlights in all neighborhoods, including rural and peri-urban areas, to enhance safety, accessibility, and social inclusion while reducing energy costs and environmental impacts. Where feasible, the action prioritizes solar power generation, especially in areas with limited grid coverage or high carbon intensity. In locations where the electricity grid is already clean, the focus will be on maximizing lighting efficiency through LED retrofits and smart controls. Municipal roles include procuring equipment, establishing public–private financing mechanisms, and contracting long-term maintenance services to ensure system reliability. This action delivers strong co-benefits for communities of all sizes but requires careful planning to address maintenance and operational challenges.","La ciudad instalará farolas basadas en tecnología LED (u otras tecnologías de bajas emisiones) alimentadas por energía solar en todos los barrios, incluyendo zonas rurales y periurbanas, para mejorar la seguridad, la accesibilidad y la inclusión social, al tiempo que se reducen los costos energéticos y los impactos ambientales. Cuando sea posible, la acción priorizará la generación de energía solar, especialmente en áreas con cobertura de red limitada o alta intensidad de carbono. En los lugares donde la red eléctrica ya es limpia, el enfoque será maximizar la eficiencia de la iluminación mediante la modernización con LED y controles inteligentes. Las funciones municipales incluyen la adquisición de equipos, el establecimiento de mecanismos de financiación público-privada y la contratación de servicios de mantenimiento a largo plazo para garantizar la fiabilidad del sistema. Esta acción ofrece importantes co-beneficios para comunidades de todos los tamaños, pero requiere una planificación cuidadosa para abordar los desafíos de mantenimiento y operación.","A cidade instalará postes de iluminação pública com tecnologia LED (ou outras tecnologias de baixa emissão), alimentados por energia solar, em todos os bairros, incluindo áreas rurais e periurbanas, para aumentar a segurança, acessibilidade e inclusão social, ao mesmo tempo em que reduz os custos de energia e os impactos ambientais. Sempre que possível, a ação prioriza a geração de energia solar, especialmente em áreas com cobertura limitada da rede elétrica ou alta intensidade de carbono. Nos locais onde a rede elétrica já é limpa, o foco será maximizar a eficiência da iluminação por meio de retrofit com LED e controles inteligentes. As funções municipais incluem a aquisição de equipamentos, o estabelecimento de mecanismos de financiamento público-privado e a contratação de serviços de manutenção de longo prazo para garantir a confiabilidade do sistema. Esta ação oferece fortes co-benefícios para comunidades de todos os tamanhos, mas exige planejamento cuidadoso para enfrentar desafios de manutenção e operação.",The city installs energy-efficient and solar-powered streetlights.,La ciudad instala farolas energéticamente eficientes y alimentadas por energía solar.,A cidade instala iluminação pública com eficiência energética e alimentada por energia solar.,Street lighting shifts to efficient LED and solar-powered fixtures.,El alumbrado público pasa a ser LED eficientes y dispositivos que funcionan con energía solar.,A iluminação pública muda para luminárias eficientes de LED e alimentadas por energia solar.,positive,very low,1,expert review,I,[1],"[""I.1.1"", ""I.1.2""]","{""air_quality"": {""impactRelationship"": ""positive"", ""impactText"": ""low"", ""impactNumeric"": 1, ""methodology"": ""expert review""}, ""cost_of_living"": {""impactRelationship"": ""positive"", ""impactText"": ""low"", ""impactNumeric"": 1, ""methodology"": ""expert review""}, ""mobility"": {""impactRelationship"": ""positive"", ""impactText"": ""low"", ""impactNumeric"": 1, ""methodology"": ""expert review""}, ""stakeholder_engagement"": {""impactRelationship"": ""positive"", ""impactText"": ""low"", ""impactNumeric"": 1, ""methodology"": ""expert review""}}"
icare_0045,mitigation,"Promote organic, regenerative and agroecological agriculture in rural areas","Promote organic, regenerative and agroecological agricultural principles in the rural areas of the city. This can include reducing reliance on chemical pesticides, improving soil health and promoting carbon sequestration in the soil. Actions could include providing technical training and educational programmes for rural producers, using economic instruments to incentivize agroecological conversion, and creating resources or networks for skill sharing. Work cooperatively with rural producers, including engaging with Indigenous practises and skillsets.","The city provides training, incentives, and resources for agroecological conversion.","Rural agriculture shifts toward organic, regenerative, and agroecological practices.",program,intervention,low,<5 years,icare,expert_reviewed,"Promote organic, regenerative and agroecological agriculture in rural areas","Promover la agricultura orgánica, regenerativa y agroecológica en las zonas rurales","Promover a agricultura orgânica, regenerativa e agroecológica em áreas rurais","Promote organic, regenerative and agroecological agricultural principles in the rural areas of the city. This can include reducing reliance on chemical pesticides, improving soil health and promoting carbon sequestration in the soil. Actions could include providing technical training and educational programmes for rural producers, using economic instruments to incentivize agroecological conversion, and creating resources or networks for skill sharing. Work cooperatively with rural producers, including engaging with Indigenous practises and skillsets.","Promover principios agrícolas orgánicos, regenerativos y agroecológicos en las zonas rurales de la ciudad. Esto puede incluir la reducción de la dependencia de pesticidas químicos, la mejora de la salud del suelo y la promoción de la captura de carbono en el suelo. Las acciones pueden incluir la provisión de capacitación técnica y programas educativos para los productores rurales, el uso de instrumentos económicos para incentivar la conversión agroecológica y la creación de recursos o redes para el intercambio de habilidades. Trabajar de manera cooperativa con los productores rurales, incluyendo la integración de prácticas y conocimientos indígenas.","Promover princípios agrícolas orgânicos, regenerativos e agroecológicos nas áreas rurais da cidade. Isso pode incluir a redução da dependência de pesticidas químicos, a melhoria da saúde do solo e a promoção do sequestro de carbono no solo. As ações podem incluir a oferta de treinamentos técnicos e programas educacionais para produtores rurais, o uso de instrumentos econômicos para incentivar a conversão agroecológica e a criação de recursos ou redes para compartilhamento de habilidades. Trabalhar de forma cooperativa com os produtores rurais, incluindo o engajamento com práticas e conhecimentos indígenas.","The city provides training, incentives, and resources for agroecological conversion.","La ciudad brinda capacitación, incentivos y recursos para la conversión agroecológica.","A cidade oferece treinamento, incentivos e recursos para conversão agroecológica.","Rural agriculture shifts toward organic, regenerative, and agroecological practices.","La agricultura rural avanza hacia prácticas orgánicas, regenerativas y agroecológicas.","A agricultura rural muda para práticas orgânicas, regenerativas e agroecológicas.",positive,low,2,expert review,V,[2],"[""V.2""]","{""air_quality"": {""impactRelationship"": ""positive"", ""impactText"": ""low"", ""impactNumeric"": 1, ""methodology"": ""expert review""}, ""habitat"": {""impactRelationship"": ""positive"", ""impactText"": ""low"", ""impactNumeric"": 1, ""methodology"": ""expert review""}, ""water_quality"": {""impactRelationship"": ""positive"", ""impactText"": ""low"", ""impactNumeric"": 1, ""methodology"": ""expert review""}}"
icare_0049,mitigation,Develop regional hubs for renewable energy production,"Establish strategic centers for large-scale renewable energy generation, supporting local economies and providing reliable, clean energy to surrounding areas.",The city participates in developing regional renewable energy hubs.,Regional renewable generation hubs expand.,infrastructure,intervention,high,>10 years,icare,expert_reviewed,Develop regional hubs for renewable energy production,Desarrollar centros regionales para la producción de energía renovable,Desenvolver centros regionais para a produção de energia renovável,"Establish strategic centers for large-scale renewable energy generation, supporting local economies and providing reliable, clean energy to surrounding areas.","Establecer centros estratégicos para la generación de energía renovable a gran escala, apoyando las economías locales y proporcionando energía limpia y confiable a las áreas circundantes.","Estabelecer centros estratégicos para geração de energia renovável em larga escala, apoiando as economias locais e fornecendo energia limpa e confiável para as áreas ao redor.",The city participates in developing regional renewable energy hubs.,La ciudad participa en el desarrollo de centros regionales de energía renovable.,A cidade participa no desenvolvimento de centros regionais de energia renovável.,Regional renewable generation hubs expand.,Se expanden los centros regionales de generación renovable.,Os centros regionais de geração renovável se expandem.,positive,very low,1,expert review,I,[4],"[""I.4.4""]","{""air_quality"": {""impactRelationship"": ""positive"", ""impactText"": ""low"", ""impactNumeric"": 1, ""methodology"": ""expert review""}, ""cost_of_living"": {""impactRelationship"": ""positive"", ""impactText"": ""low"", ""impactNumeric"": 1, ""methodology"": ""expert review""}, ""stakeholder_engagement"": {""impactRelationship"": ""positive"", ""impactText"": ""low"", ""impactNumeric"": 1, ""methodology"": ""expert review""}, ""water_quality"": {""impactRelationship"": ""positive"", ""impactText"": ""low"", ""impactNumeric"": 1, ""methodology"": ""expert review""}}"
icare_0050,mitigation,Accelerate the adoption of Agroforestry',"Promote agroforestry systems by integrating trees into food cultivation and pasture, increasing biodiversity and carbon sequestration. Agroforestry integrates trees and shrubs with crops and/or livestock to sequester carbon, enhance soil health, reduce soil erosion, improve water quality, and diversify livelihoods. It also offers co-benefits like mitigating regional climates and increasing land productivity while addressing risks like biodiversity and hydrology impacts. Agroforestry systems can include silvopastoral systems, alley cropping, riparian buffer planting. Create financial and technical incentives for integrating agroforestry practices into livestock systems.",,Trees are integrated into food cultivation and pasture systems.,,outcome,medium,5-10 years,icare,expert_reviewed,Accelerate the adoption of Agroforestry',Acelerar la adopción de la agroforestería,Acelerar a adoção da Agrofloresta,"Promote agroforestry systems by integrating trees into food cultivation and pasture, increasing biodiversity and carbon sequestration. Agroforestry integrates trees and shrubs with crops and/or livestock to sequester carbon, enhance soil health, reduce soil erosion, improve water quality, and diversify livelihoods. It also offers co-benefits like mitigating regional climates and increasing land productivity while addressing risks like biodiversity and hydrology impacts. Agroforestry systems can include silvopastoral systems, alley cropping, riparian buffer planting. Create financial and technical incentives for integrating agroforestry practices into livestock systems.","Promover sistemas agroforestales integrando árboles en el cultivo de alimentos y pastizales, aumentando la biodiversidad y la captura de carbono. La agroforestería integra árboles y arbustos con cultivos y/o ganado para secuestrar carbono, mejorar la salud del suelo, reducir la erosión, mejorar la calidad del agua y diversificar los medios de vida. También ofrece co-beneficios como mitigar los climas regionales y aumentar la productividad de la tierra, al tiempo que aborda riesgos como los impactos en la biodiversidad y la hidrología. Los sistemas agroforestales pueden incluir sistemas silvopastoriles, cultivos en callejones y plantación de barreras ribereñas. Crear incentivos financieros y técnicos para integrar prácticas agroforestales en los sistemas ganaderos.","Promover sistemas agroflorestais integrando árvores ao cultivo de alimentos e pastagens, aumentando a biodiversidade e o sequestro de carbono. A agrofloresta integra árvores e arbustos com culturas e/ou pecuária para sequestrar carbono, melhorar a saúde do solo, reduzir a erosão, melhorar a qualidade da água e diversificar os meios de subsistência. Também oferece co-benefícios como a mitigação de climas regionais e o aumento da produtividade da terra, ao mesmo tempo em que aborda riscos como impactos na biodiversidade e na hidrologia. Os sistemas agroflorestais podem incluir sistemas silvipastoris, cultivo em faixas (alley cropping) e plantio de faixas de proteção ripária. Criar incentivos financeiros e técnicos para integrar práticas agroflorestais em sistemas de pecuária.",,,,Trees are integrated into food cultivation and pasture systems.,Los árboles están integrados en los sistemas de cultivo de alimentos y pastos.,As árvores são integradas ao cultivo de alimentos e aos sistemas de pastagem.,positive,medium,3,expert review,V,[2],"[""V.2""]","{""air_quality"": {""impactRelationship"": ""positive"", ""impactText"": ""low"", ""impactNumeric"": 1, ""methodology"": ""expert review""}, ""cost_of_living"": {""impactRelationship"": ""positive"", ""impactText"": ""low"", ""impactNumeric"": 1, ""methodology"": ""expert review""}, ""habitat"": {""impactRelationship"": ""positive"", ""impactText"": ""low"", ""impactNumeric"": 1, ""methodology"": ""expert review""}, ""stakeholder_engagement"": {""impactRelationship"": ""positive"", ""impactText"": ""low"", ""impactNumeric"": 1, ""methodology"": ""expert review""}, ""water_quality"": {""impactRelationship"": ""positive"", ""impactText"": ""low"", ""impactNumeric"": 1, ""methodology"": ""expert review""}}"
icare_0053,mitigation,Support cooperatives of voluntary waste collectors to aggregate into small enterprises and expand into organics management,"Measures to aggregate voluntary waste collectors into small enterprises or associtations, improve working conditions and income in the processes of sorting recyclable and organic waste to contribute for GHG emissions reduction and the increase climate risk resilience. It includes mapping individual and groups of voluntary waste collectors, provide training for collectors in waste management and treatement technologies, economics, business management, and conceptual planning for the operation and administration of the Sorting Unit.","The city supports cooperative formation, training, and expansion into organics management.",Informal waste collectors organise into cooperatives and small enterprises.,program,intervention,medium,<5 years,icare,expert_reviewed,Support cooperatives of voluntary waste collectors to aggregate into small enterprises and expand into organics management,Apoyar a las cooperativas de recolectores voluntarios de residuos para que se agrupen en pequeñas empresas y se expandan hacia la gestión de orgánicos,Apoiar cooperativas de catadores voluntários de resíduos para se agruparem em pequenas empresas e expandirem para a gestão de orgânicos,"Measures to aggregate voluntary waste collectors into small enterprises or associtations, improve working conditions and income in the processes of sorting recyclable and organic waste to contribute for GHG emissions reduction and the increase climate risk resilience. It includes mapping individual and groups of voluntary waste collectors, provide training for collectors in waste management and treatement technologies, economics, business management, and conceptual planning for the operation and administration of the Sorting Unit.","Medidas para agrupar a los recolectores voluntarios de residuos en pequeñas empresas o asociaciones, mejorar las condiciones laborales y los ingresos en los procesos de clasificación de residuos reciclables y orgánicos para contribuir a la reducción de emisiones de GEI y al aumento de la resiliencia frente al riesgo climático. Incluye el mapeo de recolectores voluntarios individuales y en grupo, la provisión de capacitación para los recolectores en gestión y tratamiento de residuos, economía, gestión empresarial y planificación conceptual para la operación y administración de la Unidad de Clasificación.","Medidas para agregar catadores voluntários de resíduos em pequenas empresas ou associações, melhorar as condições de trabalho e a renda nos processos de triagem de resíduos recicláveis e orgânicos para contribuir para a redução das emissões de GEE e o aumento da resiliência ao risco climático. Inclui o mapeamento de catadores voluntários individuais e em grupo, fornecimento de treinamento para catadores em gestão e tecnologias de tratamento de resíduos, economia, gestão de negócios e planejamento conceitual para a operação e administração da Unidade de Triagem.","The city supports cooperative formation, training, and expansion into organics management.","La ciudad apoya la formación, capacitación y expansión de cooperativas en el manejo de productos orgánicos.","A cidade apoia a formação cooperativa, treinamento e expansão na gestão de produtos orgânicos.",Informal waste collectors organise into cooperatives and small enterprises.,Los recolectores informales de residuos se organizan en cooperativas y pequeñas empresas.,Os coletores informais de resíduos organizam-se em cooperativas e pequenas empresas.,positive,low,2,expert review,III,[1],"[""III.1.1""]","{""cost_of_living"": {""impactRelationship"": ""positive"", ""impactText"": ""low"", ""impactNumeric"": 1, ""methodology"": ""expert review""}, ""habitat"": {""impactRelationship"": ""positive"", ""impactText"": ""low"", ""impactNumeric"": 1, ""methodology"": ""expert review""}, ""stakeholder_engagement"": {""impactRelationship"": ""positive"", ""impactText"": ""low"", ""impactNumeric"": 1, ""methodology"": ""expert review""}}"
icare_0064,mitigation,Develop an organic waste management strategy,"Development of an organic waste management strategy with near, mid and long term interventions, integrating aquisition and implementation of organic waste treatment technologies and resources to build the adequate infrastructure to treat the collected waste, such as composting, biodigestion and other technologies, in order to reduce the amount sent to landfills and to achieve maximum organics waste diversion",The city develops an organic waste management strategy.,Organic waste is diverted from landfill to composting and biodigestion.,planning,intervention,medium,5-10 years,icare,expert_reviewed,Develop an organic waste management strategy,Desarrollar una estrategia de gestión de residuos orgánicos,Desenvolver uma estratégia de gestão de resíduos orgânicos,"Development of an organic waste management strategy with near, mid and long term interventions, integrating aquisition and implementation of organic waste treatment technologies and resources to build the adequate infrastructure to treat the collected waste, such as composting, biodigestion and other technologies, in order to reduce the amount sent to landfills and to achieve maximum organics waste diversion","Desarrollo de una estrategia de gestión de residuos orgánicos con intervenciones a corto, medio y largo plazo, integrando la adquisición e implementación de tecnologías y recursos para el tratamiento de residuos orgánicos, con el fin de construir la infraestructura adecuada para tratar los residuos recolectados, como el compostaje, la biodigestión y otras tecnologías, con el objetivo de reducir la cantidad enviada a los vertederos y lograr la máxima desviación de residuos orgánicos.","Desenvolvimento de uma estratégia de gestão de resíduos orgânicos com intervenções de curto, médio e longo prazo, integrando a aquisição e implementação de tecnologias e recursos para o tratamento de resíduos orgânicos, a fim de construir a infraestrutura adequada para tratar os resíduos coletados, como compostagem, biodigestão e outras tecnologias, visando reduzir a quantidade enviada para aterros sanitários e alcançar o máximo desvio de resíduos orgânicos.",The city develops an organic waste management strategy.,La ciudad desarrolla una estrategia de gestión de residuos orgánicos.,A cidade desenvolve uma estratégia de gestão de resíduos orgânicos.,Organic waste is diverted from landfill to composting and biodigestion.,Los residuos orgánicos se desvían de los vertederos al compostaje y la biodigestión.,Os resíduos orgânicos são desviados do aterro para compostagem e biodigestão.,positive,low,2,expert review,III,[2],"[""III.2.1""]","{""habitat"": {""impactRelationship"": ""positive"", ""impactText"": ""low"", ""impactNumeric"": 1, ""methodology"": ""expert review""}, ""water_quality"": {""impactRelationship"": ""positive"", ""impactText"": ""low"", ""impactNumeric"": 1, ""methodology"": ""expert review""}}"
icare_0069,mitigation,Complete ecological and agroclimatic mapping,"Use zoning and mapping tools to identify areas best suited for sustainable agriculture and those that require environmental preservation. Incorporate findings into planning or zoning regulations, Economic Plans, Climate Action Plans and associated strategic work or policy design. Include mappings of local Indigenous and smallholder-linked land, public spaces, socio-economic data and other priorities. This will help inform plans to accelerate agroecological production locally and preserve ecologically important areas, and can be a useful tool for engaging stakeholders.",The city completes ecological and agroclimatic mapping and integrates it into planning.,Land use aligns with ecological and agricultural suitability.,planning,intervention,low,<5 years,icare,expert_reviewed,Complete ecological and agroclimatic mapping,Completar el mapeo ecológico y agroclimático,Concluir o mapeamento ecológico e agroclimático,"Use zoning and mapping tools to identify areas best suited for sustainable agriculture and those that require environmental preservation. Incorporate findings into planning or zoning regulations, Economic Plans, Climate Action Plans and associated strategic work or policy design. Include mappings of local Indigenous and smallholder-linked land, public spaces, socio-economic data and other priorities. This will help inform plans to accelerate agroecological production locally and preserve ecologically important areas, and can be a useful tool for engaging stakeholders.","Utilice herramientas de zonificación y mapeo para identificar las áreas más adecuadas para la agricultura sostenible y aquellas que requieren preservación ambiental. Incorpore los hallazgos en la planificación o regulaciones de zonificación, planes económicos, planes de acción climática y el diseño de políticas o trabajos estratégicos asociados. Incluya mapeos de tierras vinculadas a comunidades indígenas y pequeños productores locales, espacios públicos, datos socioeconómicos y otras prioridades. Esto ayudará a informar los planes para acelerar la producción agroecológica a nivel local y preservar áreas ecológicamente importantes, y puede ser una herramienta útil para involucrar a las partes interesadas.","Utilize ferramentas de zoneamento e mapeamento para identificar áreas mais adequadas para agricultura sustentável e aquelas que requerem preservação ambiental. Incorpore os resultados nos regulamentos de planejamento ou zoneamento, Planos Econômicos, Planos de Ação Climática e trabalhos estratégicos ou elaboração de políticas associadas. Inclua mapeamentos de terras locais ligadas a povos indígenas e pequenos produtores, espaços públicos, dados socioeconômicos e outras prioridades. Isso ajudará a informar planos para acelerar a produção agroecológica localmente e preservar áreas ecologicamente importantes, além de ser uma ferramenta útil para engajar as partes interessadas.",The city completes ecological and agroclimatic mapping and integrates it into planning.,La ciudad completa el mapeo ecológico y agroclimático y lo integra en la planificación.,A cidade completa o mapeamento ecológico e agroclimático e o integra ao planejamento.,Land use aligns with ecological and agricultural suitability.,El uso de la tierra se alinea con la idoneidad ecológica y agrícola.,O uso da terra está alinhado com a adequação ecológica e agrícola.,positive,low,2,expert review,V,[2],"[""V.2""]",{}
icare_0071,mitigation,Increase efficiency of industrial furnaces and kilns,"Enhancing the design and operation of furnaces and kilns to improve energy efficiency and reduce emissions. Includes technologies such as improved heat and energy recovery from process gases, advanced process controls, and better furnace designs to minimize temperature cycles and optimize fuel usage.",,Industrial furnaces and kilns operate at higher energy efficiency.,,outcome,medium,5-10 years,icare,expert_reviewed,Increase efficiency of industrial furnaces and kilns,Aumentar la eficiencia de los hornos y calderas industriales,Aumentar a eficiência de fornos e fornalhas industriais,"Enhancing the design and operation of furnaces and kilns to improve energy efficiency and reduce emissions. Includes technologies such as improved heat and energy recovery from process gases, advanced process controls, and better furnace designs to minimize temperature cycles and optimize fuel usage.","Mejorar el diseño y la operación de hornos y calderas para aumentar la eficiencia energética y reducir las emisiones. Incluye tecnologías como la recuperación mejorada de calor y energía de los gases de proceso, controles avanzados de procesos y mejores diseños de hornos para minimizar los ciclos de temperatura y optimizar el uso de combustible.","Aprimorar o design e a operação de fornos e fornalhas para melhorar a eficiência energética e reduzir as emissões. Inclui tecnologias como recuperação aprimorada de calor e energia dos gases do processo, controles avançados de processo e melhores projetos de fornos para minimizar ciclos de temperatura e otimizar o uso de combustível.",,,,Industrial furnaces and kilns operate at higher energy efficiency.,Los hornos industriales funcionan con mayor eficiencia energética.,Fornos e fornos industriais operam com maior eficiência energética.,positive,very low,1,expert review,IV,[1],"[""IV.1""]","{""air_quality"": {""impactRelationship"": ""positive"", ""impactText"": ""low"", ""impactNumeric"": 1, ""methodology"": ""expert review""}, ""habitat"": {""impactRelationship"": ""positive"", ""impactText"": ""low"", ""impactNumeric"": 1, ""methodology"": ""expert review""}, ""stakeholder_engagement"": {""impactRelationship"": ""positive"", ""impactText"": ""low"", ""impactNumeric"": 1, ""methodology"": ""expert review""}, ""water_quality"": {""impactRelationship"": ""positive"", ""impactText"": ""low"", ""impactNumeric"": 1, ""methodology"": ""expert review""}}"
icare_0072,mitigation,Improve Heat Recovery and Reuse through Heat Exchanger Networks or Heat Pumps,"This action involves improving heat-use energy efficiency by utilizing heat exchanger networks and high-temperature heat pumps to recover and reuse waste heat in industrial processes. Techniques include reducing heat needs via thermal insulation, reusing waste heat at various temperature grades, and recycling waste heat for power generation through technologies such as mechanical vapor recompression and thermoelectric conversion.",,Industrial waste heat is recovered and reused through heat exchanger networks and heat pumps.,,outcome,low,<5 years,icare,expert_reviewed,Improve Heat Recovery and Reuse through Heat Exchanger Networks or Heat Pumps,Mejorar la recuperación y reutilización de calor mediante redes de intercambiadores de calor o bombas de calor,Melhorar a Recuperação e Reutilização de Calor por meio de Redes de Trocadores de Calor ou Bombas de Calor,"This action involves improving heat-use energy efficiency by utilizing heat exchanger networks and high-temperature heat pumps to recover and reuse waste heat in industrial processes. Techniques include reducing heat needs via thermal insulation, reusing waste heat at various temperature grades, and recycling waste heat for power generation through technologies such as mechanical vapor recompression and thermoelectric conversion.","Esta acción consiste en mejorar la eficiencia energética en el uso del calor mediante la utilización de redes de intercambiadores de calor y bombas de calor de alta temperatura para recuperar y reutilizar el calor residual en los procesos industriales. Las técnicas incluyen reducir las necesidades de calor mediante aislamiento térmico, reutilizar el calor residual en diferentes rangos de temperatura y reciclar el calor residual para la generación de energía a través de tecnologías como la recomprensión mecánica de vapor y la conversión termoeléctrica.","Esta ação envolve a melhoria da eficiência energética no uso do calor por meio da utilização de redes de trocadores de calor e bombas de calor de alta temperatura para recuperar e reutilizar o calor residual em processos industriais. As técnicas incluem a redução da necessidade de calor por meio de isolamento térmico, a reutilização do calor residual em diferentes faixas de temperatura e a reciclagem do calor residual para geração de energia através de tecnologias como recompressão mecânica de vapor e conversão termoelétrica.",,,,Industrial waste heat is recovered and reused through heat exchanger networks and heat pumps.,El calor residual industrial se recupera y reutiliza mediante redes de intercambiadores de calor y bombas de calor.,O calor residual industrial é recuperado e reutilizado através de redes de trocadores de calor e bombas de calor.,positive,very low,1,expert review,IV,[1],"[""IV.1""]","{""air_quality"": {""impactRelationship"": ""positive"", ""impactText"": ""low"", ""impactNumeric"": 1, ""methodology"": ""expert review""}, ""stakeholder_engagement"": {""impactRelationship"": ""positive"", ""impactText"": ""low"", ""impactNumeric"": 1, ""methodology"": ""expert review""}, ""water_quality"": {""impactRelationship"": ""positive"", ""impactText"": ""low"", ""impactNumeric"": 1, ""methodology"": ""expert review""}}"
icare_0074,mitigation,Adopt industrial energy efficiency technologies,"Implementation of energy-efficient technologies in mining processes, particularly in comminution, by upgrading ore concentration methods, using efficient grinding and crushing technologies, and optimizing particle size feed. Other opportunities include improving separation, drying, and materials handling processes.",,Mining processes adopt energy-efficient comminution and materials handling technologies.,,outcome,medium,5-10 years,icare,expert_reviewed,Adopt industrial energy efficiency technologies,Adoptar tecnologías de eficiencia energética industrial,Adotar tecnologias de eficiência energética industrial,"Implementation of energy-efficient technologies in mining processes, particularly in comminution, by upgrading ore concentration methods, using efficient grinding and crushing technologies, and optimizing particle size feed. Other opportunities include improving separation, drying, and materials handling processes.","Implementación de tecnologías energéticamente eficientes en los procesos mineros, particularmente en la conminución, mediante la modernización de los métodos de concentración de mineral, el uso de tecnologías eficientes de molienda y trituración, y la optimización del tamaño de partícula de alimentación. Otras oportunidades incluyen la mejora de los procesos de separación, secado y manejo de materiales.","Implementação de tecnologias energeticamente eficientes nos processos de mineração, especialmente na cominuição, por meio da modernização dos métodos de concentração de minério, uso de tecnologias eficientes de moagem e britagem, e otimização do tamanho das partículas alimentadas. Outras oportunidades incluem a melhoria dos processos de separação, secagem e manuseio de materiais.",,,,Mining processes adopt energy-efficient comminution and materials handling technologies.,Los procesos mineros adoptan tecnologías de trituración y manipulación de materiales energéticamente eficientes.,Os processos de mineração adotam tecnologias de trituração e manuseio de materiais com eficiência energética.,positive,very low,1,expert review,IV,[1],"[""IV.1""]","{""air_quality"": {""impactRelationship"": ""positive"", ""impactText"": ""low"", ""impactNumeric"": 1, ""methodology"": ""expert review""}, ""cost_of_living"": {""impactRelationship"": ""positive"", ""impactText"": ""low"", ""impactNumeric"": 1, ""methodology"": ""expert review""}, ""habitat"": {""impactRelationship"": ""positive"", ""impactText"": ""low"", ""impactNumeric"": 1, ""methodology"": ""expert review""}, ""stakeholder_engagement"": {""impactRelationship"": ""positive"", ""impactText"": ""low"", ""impactNumeric"": 1, ""methodology"": ""expert review""}, ""water_quality"": {""impactRelationship"": ""positive"", ""impactText"": ""low"", ""impactNumeric"": 1, ""methodology"": ""expert review""}}"
icare_0076,mitigation,Electrify Industrial Processes (with Renewable Power),"Transitioning steel production processes to electrified methods such as molten oxide electrolysis, advanced direct reduction, and other methods powered by low-carbon electricity to reduce emissions and improve energy efficiency.",,Industrial processes electrify with renewable power.,,outcome,medium,>10 years,icare,expert_reviewed,Electrify Industrial Processes (with Renewable Power),Electrificar los procesos industriales (con energía renovable),Eletrificar Processos Industriais (com Energia Renovável),"Transitioning steel production processes to electrified methods such as molten oxide electrolysis, advanced direct reduction, and other methods powered by low-carbon electricity to reduce emissions and improve energy efficiency.","Transición de los procesos de producción de acero hacia métodos electrificados como la electrólisis de óxidos fundidos, la reducción directa avanzada y otros métodos impulsados por electricidad de bajo carbono para reducir las emisiones y mejorar la eficiencia energética.","Transição dos processos de produção de aço para métodos eletrificados, como eletrólise de óxidos fundidos, redução direta avançada e outros métodos alimentados por eletricidade de baixo carbono para reduzir as emissões e melhorar a eficiência energética.",,,,Industrial processes electrify with renewable power.,Los procesos industriales se electrifican con energía renovable.,Os processos industriais eletrificam com energia renovável.,positive,low,2,expert review,IV,[1],"[""IV.1""]","{""air_quality"": {""impactRelationship"": ""positive"", ""impactText"": ""low"", ""impactNumeric"": 1, ""methodology"": ""expert review""}, ""cost_of_living"": {""impactRelationship"": ""positive"", ""impactText"": ""low"", ""impactNumeric"": 1, ""methodology"": ""expert review""}, ""habitat"": {""impactRelationship"": ""positive"", ""impactText"": ""low"", ""impactNumeric"": 1, ""methodology"": ""expert review""}, ""stakeholder_engagement"": {""impactRelationship"": ""positive"", ""impactText"": ""low"", ""impactNumeric"": 1, ""methodology"": ""expert review""}, ""water_quality"": {""impactRelationship"": ""positive"", ""impactText"": ""low"", ""impactNumeric"": 1, ""methodology"": ""expert review""}}"
icare_0078,mitigation,Decarbonize industrial feedstocks,"Decarbonising feedstocks for industrial processes through Carbon Capture and Storage (CCS), Carbon Capture and Utilisation (CCU), and integration with low-carbon energy sources. This includes capturing carbon from various industrial emissions and reusing or storing it to reduce greenhouse gas emissions. Applications include creating synthetic fuels, chemicals, and materials while using renewable energy or biogenic carbon sources.",,"Industrial feedstocks are decarbonised through CCS, CCU, and low-carbon energy integration.",,outcome,medium,5-10 years,icare,expert_reviewed,Decarbonize industrial feedstocks,Descarbonizar las materias primas industriales,Descarbonizar matérias-primas industriais,"Decarbonising feedstocks for industrial processes through Carbon Capture and Storage (CCS), Carbon Capture and Utilisation (CCU), and integration with low-carbon energy sources. This includes capturing carbon from various industrial emissions and reusing or storing it to reduce greenhouse gas emissions. Applications include creating synthetic fuels, chemicals, and materials while using renewable energy or biogenic carbon sources.","Descarbonizar las materias primas para los procesos industriales mediante Captura y Almacenamiento de Carbono (CCS), Captura y Utilización de Carbono (CCU) e integración con fuentes de energía de bajas emisiones de carbono. Esto incluye capturar carbono de diversas emisiones industriales y reutilizarlo o almacenarlo para reducir las emisiones de gases de efecto invernadero. Las aplicaciones incluyen la creación de combustibles sintéticos, productos químicos y materiales, utilizando energía renovable o fuentes de carbono biogénico.","Descarbonização de matérias-primas para processos industriais por meio de Captura e Armazenamento de Carbono (CCS), Captura e Utilização de Carbono (CCU) e integração com fontes de energia de baixo carbono. Isso inclui capturar carbono de diversas emissões industriais e reutilizá-lo ou armazená-lo para reduzir as emissões de gases de efeito estufa. As aplicações incluem a criação de combustíveis sintéticos, produtos químicos e materiais, utilizando energia renovável ou fontes de carbono biogênico.",,,,"Industrial feedstocks are decarbonised through CCS, CCU, and low-carbon energy integration.","Las materias primas industriales se descarbonizan mediante la CAC, la CCU y la integración de energías bajas en carbono.","As matérias-primas industriais são descarbonizadas através da CCS, da CCU e da integração energética de baixo carbono.",positive,very low,1,expert review,IV,[1],"[""IV.1""]","{""air_quality"": {""impactRelationship"": ""positive"", ""impactText"": ""low"", ""impactNumeric"": 1, ""methodology"": ""expert review""}, ""cost_of_living"": {""impactRelationship"": ""positive"", ""impactText"": ""low"", ""impactNumeric"": 1, ""methodology"": ""expert review""}, ""habitat"": {""impactRelationship"": ""positive"", ""impactText"": ""low"", ""impactNumeric"": 1, ""methodology"": ""expert review""}, ""stakeholder_engagement"": {""impactRelationship"": ""positive"", ""impactText"": ""low"", ""impactNumeric"": 1, ""methodology"": ""expert review""}, ""water_quality"": {""impactRelationship"": ""positive"", ""impactText"": ""low"", ""impactNumeric"": 1, ""methodology"": ""expert review""}}"
icare_0079,mitigation,Implement carbon capture and utilization (CCU),"Capturing CO₂ from industrial processes or combustion gases and reusing it for producing fuels, chemicals, and building materials, reducing emissions from the initial source and substituting new fossil/biogenic feedstocks. Prioritize CCU for residual emissions and for end-uses with robust MRV and, where possible, durable carbon retention; do not displace higher-priority efficiency and material circularity measures.",The city supports implementation of carbon capture and utilisation.,Industrial CO₂ is captured and reused as feedstock.,infrastructure,intervention,low,<5 years,icare,expert_reviewed,Implement carbon capture and utilization (CCU),Implementar la captura y utilización de carbono (CCU),Implementar captura e utilização de carbono (CCU),"Capturing CO₂ from industrial processes or combustion gases and reusing it for producing fuels, chemicals, and building materials, reducing emissions from the initial source and substituting new fossil/biogenic feedstocks. Prioritize CCU for residual emissions and for end-uses with robust MRV and, where possible, durable carbon retention; do not displace higher-priority efficiency and material circularity measures.","Capturar CO₂ de procesos industriales o gases de combustión y reutilizarlo para producir combustibles, productos químicos y materiales de construcción, reduciendo las emisiones de la fuente inicial y sustituyendo nuevas materias primas fósiles o biogénicas. Priorizar la utilización de CO₂ (CCU) para emisiones residuales y para usos finales con sistemas sólidos de monitoreo, reporte y verificación (MRV) y, cuando sea posible, con retención de carbono duradera; no desplazar medidas de eficiencia y circularidad de materiales de mayor prioridad.","Capturar CO₂ de processos industriais ou gases de combustão e reutilizá-lo para produzir combustíveis, produtos químicos e materiais de construção, reduzindo as emissões na fonte inicial e substituindo novas matérias-primas fósseis/biogênicas. Priorizar o CCU para emissões residuais e para usos finais com MRV robusto e, quando possível, retenção durável de carbono; não substituir medidas de eficiência e circularidade de materiais de maior prioridade.",The city supports implementation of carbon capture and utilisation.,La ciudad apoya la implementación de la captura y utilización de carbono.,A cidade apoia a implementação da captura e utilização de carbono.,Industrial CO₂ is captured and reused as feedstock.,El CO₂ industrial se captura y reutiliza como materia prima.,O CO₂ industrial é capturado e reutilizado como matéria-prima.,positive,low,2,expert review,IV,[1],"[""IV.1""]","{""air_quality"": {""impactRelationship"": ""positive"", ""impactText"": ""low"", ""impactNumeric"": 1, ""methodology"": ""expert review""}, ""cost_of_living"": {""impactRelationship"": ""positive"", ""impactText"": ""low"", ""impactNumeric"": 1, ""methodology"": ""expert review""}, ""stakeholder_engagement"": {""impactRelationship"": ""positive"", ""impactText"": ""low"", ""impactNumeric"": 1, ""methodology"": ""expert review""}, ""water_quality"": {""impactRelationship"": ""positive"", ""impactText"": ""low"", ""impactNumeric"": 1, ""methodology"": ""expert review""}}"
icare_0082,mitigation,Implement carbon capture and storage (CCS),"Carbon Capture and Storage (CCS) involves capturing CO₂ from industrial processes, energy generation, or the atmosphere and storing it in geological formations for millennia. CCS can enable near-zero or negative emissions when combined with sustainably sourced biofuels or direct air capture. Apply CCS primarily to residual/process emissions (e.g., calcination) after efficiency, circularity, and electrification have been pursued where feasible.",The city supports implementation of carbon capture and storage.,Industrial CO₂ is captured and stored in geological formations.,infrastructure,intervention,high,>10 years,icare,expert_reviewed,Implement carbon capture and storage (CCS),Implementar la captura y almacenamiento de carbono (CCS),Implementar captura e armazenamento de carbono (CCS),"Carbon Capture and Storage (CCS) involves capturing CO₂ from industrial processes, energy generation, or the atmosphere and storing it in geological formations for millennia. CCS can enable near-zero or negative emissions when combined with sustainably sourced biofuels or direct air capture. Apply CCS primarily to residual/process emissions (e.g., calcination) after efficiency, circularity, and electrification have been pursued where feasible.","La Captura y Almacenamiento de Carbono (CCS) consiste en capturar CO₂ de procesos industriales, generación de energía o de la atmósfera y almacenarlo en formaciones geológicas durante milenios. La CCS puede permitir emisiones casi nulas o negativas cuando se combina con biocombustibles de origen sostenible o captura directa del aire. Aplicar la CCS principalmente a emisiones residuales o de proceso (por ejemplo, calcinación) después de haber implementado medidas de eficiencia, circularidad y electrificación donde sea factible.","A Captura e Armazenamento de Carbono (CCS) envolve capturar CO₂ de processos industriais, geração de energia ou da atmosfera e armazená-lo em formações geológicas por milênios. A CCS pode possibilitar emissões quase zero ou negativas quando combinada com biocombustíveis de origem sustentável ou captura direta do ar. Aplique a CCS principalmente às emissões residuais/de processo (por exemplo, calcinação) após a busca por eficiência, circularidade e eletrificação, quando viável.",The city supports implementation of carbon capture and storage.,La ciudad apoya la implementación de la captura y almacenamiento de carbono.,A cidade apoia a implementação da captura e armazenamento de carbono.,Industrial CO₂ is captured and stored in geological formations.,El CO₂ industrial se captura y almacena en formaciones geológicas.,O CO₂ industrial é capturado e armazenado em formações geológicas.,positive,low,2,expert review,IV,[1],"[""IV.1""]","{""air_quality"": {""impactRelationship"": ""positive"", ""impactText"": ""low"", ""impactNumeric"": 1, ""methodology"": ""expert review""}, ""cost_of_living"": {""impactRelationship"": ""positive"", ""impactText"": ""low"", ""impactNumeric"": 1, ""methodology"": ""expert review""}, ""habitat"": {""impactRelationship"": ""positive"", ""impactText"": ""low"", ""impactNumeric"": 1, ""methodology"": ""expert review""}, ""stakeholder_engagement"": {""impactRelationship"": ""positive"", ""impactText"": ""low"", ""impactNumeric"": 1, ""methodology"": ""expert review""}, ""water_quality"": {""impactRelationship"": ""positive"", ""impactText"": ""low"", ""impactNumeric"": 1, ""methodology"": ""expert review""}}"
icare_0099,mitigation,Increase local participation in Agroecological Certification Programmes,"Agroecological product certifications confirm products meet sustainability criteria and have low environmental impact. Certifications may help rural producers to understand sustainable practices, improve their use of sustainable practices, and increase demand for their products. Actions include creating a dedicated local programme, starting a partnership with an existing certification programme, or raising awareness of certification options and routes to compliance among local producers.",,More local rural producers hold agroecological certifications.,,outcome,low,<5 years,icare,expert_reviewed,Increase local participation in Agroecological Certification Programmes,Aumentar la participación local en los Programas de Certificación Agroecológica,Aumentar a participação local em Programas de Certificação Agroecológica,"Agroecological product certifications confirm products meet sustainability criteria and have low environmental impact. Certifications may help rural producers to understand sustainable practices, improve their use of sustainable practices, and increase demand for their products. Actions include creating a dedicated local programme, starting a partnership with an existing certification programme, or raising awareness of certification options and routes to compliance among local producers.","Las certificaciones de productos agroecológicos confirman que los productos cumplen con criterios de sostenibilidad y tienen un bajo impacto ambiental. Las certificaciones pueden ayudar a los productores rurales a comprender las prácticas sostenibles, mejorar su uso de prácticas sostenibles e incrementar la demanda de sus productos. Las acciones incluyen crear un programa local dedicado, iniciar una alianza con un programa de certificación existente o aumentar la concienciación sobre las opciones de certificación y las vías de cumplimiento entre los productores locales.","Certificações de produtos agroecológicos confirmam que os produtos atendem a critérios de sustentabilidade e têm baixo impacto ambiental. As certificações podem ajudar os produtores rurais a compreender práticas sustentáveis, aprimorar o uso dessas práticas e aumentar a demanda por seus produtos. As ações incluem criar um programa local dedicado, iniciar uma parceria com um programa de certificação já existente ou aumentar a conscientização sobre as opções de certificação e caminhos para conformidade entre os produtores locais.",,,,More local rural producers hold agroecological certifications.,Más productores rurales locales cuentan con certificaciones agroecológicas.,Mais produtores rurais locais possuem certificações agroecológicas.,positive,low,2,expert review,V,"[1, 2]","[""V.1"", ""V.2""]","{""air_quality"": {""impactRelationship"": ""positive"", ""impactText"": ""low"", ""impactNumeric"": 1, ""methodology"": ""expert review""}, ""cost_of_living"": {""impactRelationship"": ""positive"", ""impactText"": ""low"", ""impactNumeric"": 1, ""methodology"": ""expert review""}, ""habitat"": {""impactRelationship"": ""positive"", ""impactText"": ""low"", ""impactNumeric"": 1, ""methodology"": ""expert review""}, ""stakeholder_engagement"": {""impactRelationship"": ""positive"", ""impactText"": ""low"", ""impactNumeric"": 1, ""methodology"": ""expert review""}, ""water_quality"": {""impactRelationship"": ""positive"", ""impactText"": ""low"", ""impactNumeric"": 1, ""methodology"": ""expert review""}}"
icare_0101,mitigation,Accelerate the adoption of Zero Emission Agricultural Machinery,"Support the transition to zero-emission agricultural machinery, such as tractors and equipment powered by renewable electricity or solar energy. These technologies eliminate greenhouse gas emissions, reduce harmful air pollution and noise, and offer opportunities to modernize and improve agricultural tools and practices. Cities and regions can take multiple actions to accelerate this transition, including: - Replacing existing municipal machinery with zero-emission alternatives. - Establishing equipment leasing or sharing schemes to increase accessibility. - Launching local awareness campaigns through training, education, and communication channels. - Creating financial incentive or loan programs to encourage adoption. - Partnering with manufacturers and organizing fairs or demonstrations to showcase zero-emission technologies and other sustainable agricultural solutions to local producers.",,Agricultural machinery shifts to zero-emission power.,,outcome,medium,5-10 years,icare,expert_reviewed,Accelerate the adoption of Zero Emission Agricultural Machinery,Acelerar la adopción de maquinaria agrícola de cero emisiones,Acelerar a adoção de Máquinas Agrícolas de Emissão Zero,"Support the transition to zero-emission agricultural machinery, such as tractors and equipment powered by renewable electricity or solar energy. These technologies eliminate greenhouse gas emissions, reduce harmful air pollution and noise, and offer opportunities to modernize and improve agricultural tools and practices. Cities and regions can take multiple actions to accelerate this transition, including: - Replacing existing municipal machinery with zero-emission alternatives. - Establishing equipment leasing or sharing schemes to increase accessibility. - Launching local awareness campaigns through training, education, and communication channels. - Creating financial incentive or loan programs to encourage adoption. - Partnering with manufacturers and organizing fairs or demonstrations to showcase zero-emission technologies and other sustainable agricultural solutions to local producers.","Apoyar la transición hacia maquinaria agrícola de cero emisiones, como tractores y equipos impulsados por electricidad renovable o energía solar. Estas tecnologías eliminan las emisiones de gases de efecto invernadero, reducen la contaminación atmosférica y acústica perjudicial, y ofrecen oportunidades para modernizar y mejorar las herramientas y prácticas agrícolas. Las ciudades y regiones pueden tomar múltiples acciones para acelerar esta transición, incluyendo:\n- Reemplazar la maquinaria municipal existente por alternativas de cero emisiones.\n- Establecer esquemas de arrendamiento o compartición de equipos para aumentar la accesibilidad.\n- Lanzar campañas locales de concienciación a través de formación, educación y canales de comunicación.\n- Crear programas de incentivos financieros o préstamos para fomentar la adopción.\n- Colaborar con fabricantes y organizar ferias o demostraciones para mostrar tecnologías de cero emisiones y otras soluciones agrícolas sostenibles a los productores locales.","Apoiar a transição para máquinas agrícolas de zero emissões, como tratores e equipamentos movidos por eletricidade renovável ou energia solar. Essas tecnologias eliminam as emissões de gases de efeito estufa, reduzem a poluição do ar e o ruído prejudiciais, e oferecem oportunidades para modernizar e aprimorar ferramentas e práticas agrícolas. Cidades e regiões podem tomar diversas ações para acelerar essa transição, incluindo:\n- Substituir as máquinas municipais existentes por alternativas de zero emissões.\n- Estabelecer esquemas de aluguel ou compartilhamento de equipamentos para aumentar a acessibilidade.\n- Lançar campanhas locais de conscientização por meio de treinamentos, educação e canais de comunicação.\n- Criar programas de incentivos financeiros ou empréstimos para incentivar a adoção.\n- Fazer parcerias com fabricantes e organizar feiras ou demonstrações para apresentar tecnologias de zero emissões e outras soluções agrícolas sustentáveis aos produtores locais.",,,,Agricultural machinery shifts to zero-emission power.,La maquinaria agrícola pasa a ser eléctrica con cero emisiones.,A maquinaria agrícola muda para uma potência com emissões zero.,positive,very low,1,expert review,V,[2],"[""V.2""]","{""air_quality"": {""impactRelationship"": ""positive"", ""impactText"": ""low"", ""impactNumeric"": 1, ""methodology"": ""expert review""}, ""habitat"": {""impactRelationship"": ""positive"", ""impactText"": ""low"", ""impactNumeric"": 1, ""methodology"": ""expert review""}, ""stakeholder_engagement"": {""impactRelationship"": ""positive"", ""impactText"": ""low"", ""impactNumeric"": 1, ""methodology"": ""expert review""}, ""water_quality"": {""impactRelationship"": ""positive"", ""impactText"": ""low"", ""impactNumeric"": 1, ""methodology"": ""expert review""}}"
icare_0104,mitigation,Adopt hybrid renewable energy systems (solar-wind),"Combine solar and wind energy technologies to create reliable, diversified renewable energy systems suitable for various environmental conditions.",,Local renewable generation diversifies into hybrid solar-wind systems.,,outcome,high,>10 years,icare,expert_reviewed,Adopt hybrid renewable energy systems (solar-wind),Adoptar sistemas híbridos de energía renovable (solar-eólica),Adotar sistemas híbridos de energia renovável (solar-eólica),"Combine solar and wind energy technologies to create reliable, diversified renewable energy systems suitable for various environmental conditions.","Combinar tecnologías de energía solar y eólica para crear sistemas de energía renovable fiables y diversificados, adecuados para diversas condiciones ambientales.","Combine tecnologias de energia solar e eólica para criar sistemas de energia renovável confiáveis e diversificados, adequados para diversas condições ambientais.",,,,Local renewable generation diversifies into hybrid solar-wind systems.,La generación renovable local se diversifica hacia sistemas híbridos solar-eólicos.,A geração renovável local diversifica-se em sistemas híbridos solar-eólicos.,positive,low,2,expert review,I,[4],"[""I.4.4""]","{""stakeholder_engagement"": {""impactRelationship"": ""positive"", ""impactText"": ""low"", ""impactNumeric"": 1, ""methodology"": ""expert review""}}"
icare_0105,mitigation,Reduce technical losses in energy distribution networks,"Upgrade and maintain electrical infrastructure to minimize energy lost during transmission and distribution, improving overall grid efficiency.",,Technical losses in energy distribution networks fall.,,outcome,medium,5-10 years,icare,expert_reviewed,Reduce technical losses in energy distribution networks,Reducir las pérdidas técnicas en las redes de distribución de energía,Reduzir as perdas técnicas nas redes de distribuição de energia,"Upgrade and maintain electrical infrastructure to minimize energy lost during transmission and distribution, improving overall grid efficiency.","Actualizar y mantener la infraestructura eléctrica para minimizar la energía perdida durante la transmisión y distribución, mejorando la eficiencia general de la red.","Atualizar e manter a infraestrutura elétrica para minimizar a perda de energia durante a transmissão e distribuição, melhorando a eficiência geral da rede.",,,,Technical losses in energy distribution networks fall.,Disminuyen las pérdidas técnicas en las redes de distribución de energía.,As perdas técnicas nas redes de distribuição de energia caem.,positive,very low,1,expert review,I,[4],"[""I.4.1"", ""I.4.2""]","{""air_quality"": {""impactRelationship"": ""positive"", ""impactText"": ""low"", ""impactNumeric"": 1, ""methodology"": ""expert review""}, ""cost_of_living"": {""impactRelationship"": ""positive"", ""impactText"": ""low"", ""impactNumeric"": 1, ""methodology"": ""expert review""}, ""stakeholder_engagement"": {""impactRelationship"": ""positive"", ""impactText"": ""low"", ""impactNumeric"": 1, ""methodology"": ""expert review""}}"
icare_0110,mitigation,"Regulate Construction and Demolition Waste Management to improve deconstruction, segregation at source, reutilization and recycling","Establish comprehensive guidelines for the sustainable management of construction and demolition waste (CDW) to promote efficiency, circularity, and environmental responsibility across the construction sector. The action aims to reduce waste generation at the source, encourage selective deconstruction instead of conventional demolition, and foster material segregation, reuse, and recycling. These guidelines should define technical standards, responsibilities, and incentives for all stakeholders involved — including contractors, developers, and waste operators — to ensure that valuable materials such as concrete, metals, wood, and aggregates are recovered and reintegrated into new construction cycles. The framework should also establish procedures for safe handling, transportation, and disposal of non-recyclable materials, ensuring compliance with environmental regulations and minimizing landfill use.","The city regulates construction and demolition waste management for deconstruction, segregation, and reuse.","Construction and demolition waste is reduced, reused, and recycled.",regulatory,intervention,medium,<5 years,icare,expert_reviewed,"Regulate Construction and Demolition Waste Management to improve deconstruction, segregation at source, reutilization and recycling","Regular la gestión de residuos de construcción y demolición para mejorar la deconstrucción, la segregación en origen, la reutilización y el reciclaje","Regulamentar a Gestão de Resíduos da Construção e Demolição para melhorar a desconstrução, a segregação na origem, a reutilização e a reciclagem","Establish comprehensive guidelines for the sustainable management of construction and demolition waste (CDW) to promote efficiency, circularity, and environmental responsibility across the construction sector. The action aims to reduce waste generation at the source, encourage selective deconstruction instead of conventional demolition, and foster material segregation, reuse, and recycling. These guidelines should define technical standards, responsibilities, and incentives for all stakeholders involved — including contractors, developers, and waste operators — to ensure that valuable materials such as concrete, metals, wood, and aggregates are recovered and reintegrated into new construction cycles. The framework should also establish procedures for safe handling, transportation, and disposal of non-recyclable materials, ensuring compliance with environmental regulations and minimizing landfill use.","Establecer directrices integrales para la gestión sostenible de los residuos de construcción y demolición (RCD) con el fin de promover la eficiencia, la circularidad y la responsabilidad ambiental en todo el sector de la construcción. La acción tiene como objetivo reducir la generación de residuos en origen, fomentar la deconstrucción selectiva en lugar de la demolición convencional y promover la segregación, reutilización y reciclaje de materiales.\n\nEstas directrices deben definir estándares técnicos, responsabilidades e incentivos para todas las partes interesadas involucradas —incluidos contratistas, desarrolladores y operadores de residuos— para asegurar que materiales valiosos como hormigón, metales, madera y áridos sean recuperados y reintegrados en nuevos ciclos de construcción. El marco también debe establecer procedimientos para la manipulación, el transporte y la disposición segura de materiales no reciclables, garantizando el cumplimiento de las normativas ambientales y minimizando el uso de vertederos.","Estabelecer diretrizes abrangentes para a gestão sustentável de resíduos de construção e demolição (RCD) a fim de promover eficiência, circularidade e responsabilidade ambiental em todo o setor da construção. A ação visa reduzir a geração de resíduos na origem, incentivar a desconstrução seletiva em vez da demolição convencional e promover a segregação, reutilização e reciclagem de materiais.\n\nEssas diretrizes devem definir padrões técnicos, responsabilidades e incentivos para todas as partes interessadas envolvidas — incluindo empreiteiros, incorporadores e operadores de resíduos — para garantir que materiais valiosos como concreto, metais, madeira e agregados sejam recuperados e reintegrados em novos ciclos de construção. O marco regulatório também deve estabelecer procedimentos para o manuseio, transporte e descarte seguro de materiais não recicláveis, assegurando o cumprimento das normas ambientais e minimizando o uso de aterros sanitários.","The city regulates construction and demolition waste management for deconstruction, segregation, and reuse.","La ciudad regula la gestión de residuos de construcción y demolición para su deconstrucción, segregación y reutilización.","A cidade regulamenta a gestão de resíduos de construção e demolição para desconstrução, segregação e reutilização.","Construction and demolition waste is reduced, reused, and recycled.","Los residuos de construcción y demolición se reducen, reutilizan y reciclan.","Os resíduos de construção e demolição são reduzidos, reutilizados e reciclados.",positive,low,2,expert review,III,[1],"[""III.1.1""]","{""habitat"": {""impactRelationship"": ""positive"", ""impactText"": ""low"", ""impactNumeric"": 1, ""methodology"": ""expert review""}, ""water_quality"": {""impactRelationship"": ""positive"", ""impactText"": ""low"", ""impactNumeric"": 1, ""methodology"": ""expert review""}}"
icare_0111,mitigation,Strengthen Extended Producer Responsibility (EPR) Systems,"Enhance processes for returning products to the production cycle, encouraging collection, reuse, and recycling.",The city strengthens Extended Producer Responsibility systems.,"Products re-enter production cycles through return, reuse, and recycling.",regulatory,intervention,medium,5-10 years,icare,expert_reviewed,Strengthen Extended Producer Responsibility (EPR) Systems,Fortalecer los sistemas de Responsabilidad Extendida del Productor (EPR),Fortalecer os Sistemas de Responsabilidade Estendida do Produtor (EPR),"Enhance processes for returning products to the production cycle, encouraging collection, reuse, and recycling.","Mejorar los procesos para devolver productos al ciclo de producción, fomentando la recolección, la reutilización y el reciclaje.","Aprimorar os processos de retorno de produtos ao ciclo de produção, incentivando a coleta, o reúso e a reciclagem.",The city strengthens Extended Producer Responsibility systems.,La ciudad fortalece los sistemas de Responsabilidad Extendida del Productor.,A cidade fortalece os sistemas de Responsabilidade Estendida do Produtor.,"Products re-enter production cycles through return, reuse, and recycling.","Los productos vuelven a entrar en los ciclos de producción mediante la devolución, la reutilización y el reciclaje.","Os produtos entram novamente nos ciclos de produção por meio de devolução, reutilização e reciclagem.",positive,low,2,expert review,III,[1],"[""III.1.1""]","{""cost_of_living"": {""impactRelationship"": ""positive"", ""impactText"": ""low"", ""impactNumeric"": 1, ""methodology"": ""expert review""}, ""habitat"": {""impactRelationship"": ""positive"", ""impactText"": ""low"", ""impactNumeric"": 1, ""methodology"": ""expert review""}, ""stakeholder_engagement"": {""impactRelationship"": ""positive"", ""impactText"": ""low"", ""impactNumeric"": 1, ""methodology"": ""expert review""}, ""water_quality"": {""impactRelationship"": ""positive"", ""impactText"": ""low"", ""impactNumeric"": 1, ""methodology"": ""expert review""}}"
icare_0117,mitigation,Improve public transport systems to promote modal shift,"Implements measures to enhance the coverage, frequency, capacity, speed, reliability, accessibility, resilience, safety, affordability, comfort, and convenience of public transport systems (e.g., buses, BRT, informal transport, intra-city rail). Specific actions include expanding routes, improving service frequency and reliability, integrating ticketing systems, and ensuring universal accessibility. These improvements encourage passengers to shift from private motorized transport to public transport, reducing emissions and supporting more sustainable mobility.",,Passengers shift from private motorised transport to public transport.,,outcome,medium,5-10 years,icare,expert_reviewed,Improve public transport systems to promote modal shift,Mejorar los sistemas de transporte público para promover el cambio modal,Melhorar os sistemas de transporte público para promover a mudança modal,"Implements measures to enhance the coverage, frequency, capacity, speed, reliability, accessibility, resilience, safety, affordability, comfort, and convenience of public transport systems (e.g., buses, BRT, informal transport, intra-city rail). Specific actions include expanding routes, improving service frequency and reliability, integrating ticketing systems, and ensuring universal accessibility. These improvements encourage passengers to shift from private motorized transport to public transport, reducing emissions and supporting more sustainable mobility.","Implementa medidas para mejorar la cobertura, frecuencia, capacidad, velocidad, fiabilidad, accesibilidad, resiliencia, seguridad, asequibilidad, comodidad y conveniencia de los sistemas de transporte público (por ejemplo, autobuses, BRT, transporte informal, trenes urbanos). Las acciones específicas incluyen la expansión de rutas, la mejora de la frecuencia y fiabilidad del servicio, la integración de sistemas de boletaje y la garantía de accesibilidad universal. Estas mejoras incentivan a los pasajeros a cambiar del transporte motorizado privado al transporte público, reduciendo las emisiones y apoyando una movilidad más sostenible.","Implementa medidas para aumentar a cobertura, frequência, capacidade, velocidade, confiabilidade, acessibilidade, resiliência, segurança, acessibilidade econômica, conforto e conveniência dos sistemas de transporte público (por exemplo, ônibus, BRT, transporte informal, trem intraurbano). As ações específicas incluem a expansão de rotas, melhoria da frequência e confiabilidade do serviço, integração dos sistemas de bilhetagem e garantia de acessibilidade universal. Essas melhorias incentivam os passageiros a migrarem do transporte motorizado privado para o transporte público, reduzindo as emissões e promovendo uma mobilidade mais sustentável.",,,,Passengers shift from private motorised transport to public transport.,Los pasajeros pasan del transporte motorizado privado al transporte público.,Os passageiros mudam do transporte motorizado privado para o transporte público.,positive,low,2,expert review,II,[1],"[""II.1.1""]","{""air_quality"": {""impactRelationship"": ""positive"", ""impactText"": ""low"", ""impactNumeric"": 1, ""methodology"": ""expert review""}, ""cost_of_living"": {""impactRelationship"": ""positive"", ""impactText"": ""low"", ""impactNumeric"": 1, ""methodology"": ""expert review""}, ""mobility"": {""impactRelationship"": ""positive"", ""impactText"": ""low"", ""impactNumeric"": 1, ""methodology"": ""expert review""}}"
icare_0120,mitigation,"Implement energy efficiency criteria and indicators in the procurement of goods, services, or works by the municipal public administration.","The architectural projects for all renovations and constructions contracted must be designed to minimize the use of artificial lighting and internal cooling, allowing for the use of natural light and cross ventilation. It sould include all energy end-uses in municipal buildings, promote the use of sustainable materials, and adoption of passive design principles.",The city embeds energy-efficiency criteria into public procurement.,Municipal buildings and works are procured to minimise energy demand and use sustainable materials.,regulatory,intervention,low,<5 years,icare,expert_reviewed,"Implement energy efficiency criteria and indicators in the procurement of goods, services, or works by the municipal public administration.","Implementar criterios e indicadores de eficiencia energética en la adquisición de bienes, servicios u obras por parte de la administración pública municipal.","Implementar critérios e indicadores de eficiência energética na aquisição de bens, serviços ou obras pela administração pública municipal.","The architectural projects for all renovations and constructions contracted must be designed to minimize the use of artificial lighting and internal cooling, allowing for the use of natural light and cross ventilation. It sould include all energy end-uses in municipal buildings, promote the use of sustainable materials, and adoption of passive design principles.","Los proyectos arquitectónicos para todas las renovaciones y construcciones contratadas deben ser diseñados para minimizar el uso de iluminación artificial y enfriamiento interno, permitiendo el uso de luz natural y ventilación cruzada. Deben incluir todos los usos finales de energía en los edificios municipales, promover el uso de materiales sostenibles y la adopción de principios de diseño pasivo.","Os projetos arquitetônicos para todas as reformas e construções contratadas devem ser elaborados para minimizar o uso de iluminação artificial e resfriamento interno, permitindo o aproveitamento da luz natural e da ventilação cruzada. Devem incluir todos os usos finais de energia em edifícios municipais, promover o uso de materiais sustentáveis e a adoção de princípios de design passivo.",The city embeds energy-efficiency criteria into public procurement.,La ciudad incorpora criterios de eficiencia energética en la contratación pública.,A cidade incorpora critérios de eficiência energética nos contratos públicos.,Municipal buildings and works are procured to minimise energy demand and use sustainable materials.,Se contratan edificios y obras municipales para minimizar la demanda energética y utilizar materiales sostenibles.,Os edifícios e obras municipais são adquiridos para minimizar a procura de energia e utilizar materiais sustentáveis.,positive,low,2,expert review,I,[6],"[""I.6.1""]","{""stakeholder_engagement"": {""impactRelationship"": ""positive"", ""impactText"": ""low"", ""impactNumeric"": 1, ""methodology"": ""expert review""}}"
icare_0121,mitigation,"Incentive to create bike-sharing programs in urban areas, with a focus on electric bikes.","This action encourages the establishment of bike-sharing systems in cities, specifically promoting the use of electric bicycles. These systems allow residents to rent electric bikes for short trips, reducing the dependence on cars for urban transportation. By integrating electric bikes, cities can further reduce greenhouse gas emissions, alleviate traffic congestion, and promote a healthier and more sustainable mode of transportation for both urban and rural areas. This initiative also supports mobility equality, as it makes bikes more accessible to a wider range of people.",The city incentivises electric bike-sharing programs.,Short urban trips shift from cars to electric bicycles.,financial,intervention,medium,<5 years,icare,expert_reviewed,"Incentive to create bike-sharing programs in urban areas, with a focus on electric bikes.","Incentivo para crear programas de bicicletas compartidas en áreas urbanas, con un enfoque en bicicletas eléctricas.","Incentivo à criação de programas de compartilhamento de bicicletas em áreas urbanas, com foco em bicicletas elétricas.","This action encourages the establishment of bike-sharing systems in cities, specifically promoting the use of electric bicycles. These systems allow residents to rent electric bikes for short trips, reducing the dependence on cars for urban transportation. By integrating electric bikes, cities can further reduce greenhouse gas emissions, alleviate traffic congestion, and promote a healthier and more sustainable mode of transportation for both urban and rural areas. This initiative also supports mobility equality, as it makes bikes more accessible to a wider range of people.","Esta acción fomenta el establecimiento de sistemas de bicicletas compartidas en las ciudades, promoviendo específicamente el uso de bicicletas eléctricas. Estos sistemas permiten a los residentes alquilar bicicletas eléctricas para trayectos cortos, reduciendo la dependencia de los automóviles para el transporte urbano. Al integrar bicicletas eléctricas, las ciudades pueden reducir aún más las emisiones de gases de efecto invernadero, aliviar la congestión del tráfico y promover un modo de transporte más saludable y sostenible tanto para áreas urbanas como rurales. Esta iniciativa también apoya la igualdad en la movilidad, ya que hace que las bicicletas sean más accesibles para un mayor número de personas.","Esta ação incentiva o estabelecimento de sistemas de compartilhamento de bicicletas nas cidades, promovendo especificamente o uso de bicicletas elétricas. Esses sistemas permitem que os moradores aluguem bicicletas elétricas para trajetos curtos, reduzindo a dependência de carros para o transporte urbano. Ao integrar bicicletas elétricas, as cidades podem reduzir ainda mais as emissões de gases de efeito estufa, aliviar a congestão do trânsito e promover um modo de transporte mais saudável e sustentável tanto para áreas urbanas quanto rurais. Esta iniciativa também apoia a igualdade de mobilidade, tornando as bicicletas mais acessíveis para um público mais amplo.",The city incentivises electric bike-sharing programs.,La ciudad incentiva los programas de uso compartido de bicicletas eléctricas.,A cidade incentiva programas de compartilhamento de bicicletas elétricas.,Short urban trips shift from cars to electric bicycles.,Los viajes urbanos cortos pasan de los coches a las bicicletas eléctricas.,As viagens urbanas curtas mudam dos carros para as bicicletas elétricas.,positive,low,2,expert review,II,[1],"[""II.1.1""]","{""air_quality"": {""impactRelationship"": ""positive"", ""impactText"": ""low"", ""impactNumeric"": 1, ""methodology"": ""expert review""}, ""cost_of_living"": {""impactRelationship"": ""positive"", ""impactText"": ""low"", ""impactNumeric"": 1, ""methodology"": ""expert review""}, ""mobility"": {""impactRelationship"": ""positive"", ""impactText"": ""low"", ""impactNumeric"": 1, ""methodology"": ""expert review""}, ""stakeholder_engagement"": {""impactRelationship"": ""positive"", ""impactText"": ""low"", ""impactNumeric"": 1, ""methodology"": ""expert review""}}"
icare_0122,mitigation,Establish eco-parks.,"An eco-park is a facility for the mechanical and biological treatment of urban solid waste, integrating different technologies for the segregation and treatment of various fractions within the waste. This treatment aims to maximize the recovery of dry and organic waste and reduce the volume of waste to be sent for final disposal in landfills, using technologies such as energy generation, composting, recycling recovery, proper disposal of residual waste, and other existing treatment methods available in the market. By integrating these processes , eco-parks operate as multi-technology hubs for waste management, fostering synergies between waste reduction, energy recovery, and environmental protection for the cities. They also contribute to green job creation, climate change mitigation, and urban sustainability.",The city establishes eco-park facilities for mechanical and biological waste treatment.,Urban solid waste is treated in multi-technology eco-park hubs.,infrastructure,intervention,medium,<5 years,icare,expert_reviewed,Establish eco-parks.,Establecer eco-parques.,Estabelecer eco-parques.,"An eco-park is a facility for the mechanical and biological treatment of urban solid waste, integrating different technologies for the segregation and treatment of various fractions within the waste. This treatment aims to maximize the recovery of dry and organic waste and reduce the volume of waste to be sent for final disposal in landfills, using technologies such as energy generation, composting, recycling recovery, proper disposal of residual waste, and other existing treatment methods available in the market. By integrating these processes , eco-parks operate as multi-technology hubs for waste management, fostering synergies between waste reduction, energy recovery, and environmental protection for the cities. They also contribute to green job creation, climate change mitigation, and urban sustainability.","Un eco-parque es una instalación para el tratamiento mecánico y biológico de residuos sólidos urbanos, que integra diferentes tecnologías para la segregación y tratamiento de varias fracciones dentro de los residuos. Este tratamiento tiene como objetivo maximizar la recuperación de residuos secos y orgánicos y reducir el volumen de residuos que se envían a disposición final en vertederos, utilizando tecnologías como la generación de energía, el compostaje, la recuperación de materiales reciclables, la disposición adecuada de residuos residuales y otros métodos de tratamiento existentes en el mercado. Al integrar estos procesos, los eco-parques operan como centros multi-tecnológicos para la gestión de residuos, fomentando sinergias entre la reducción de residuos, la recuperación de energía y la protección ambiental para las ciudades. También contribuyen a la creación de empleos verdes, la mitigación del cambio climático y la sostenibilidad urbana.","Um eco-parque é uma instalação para o tratamento mecânico e biológico de resíduos sólidos urbanos, integrando diferentes tecnologias para a segregação e tratamento de várias frações dentro dos resíduos. Esse tratamento visa maximizar a recuperação de resíduos secos e orgânicos e reduzir o volume de resíduos a serem enviados para disposição final em aterros sanitários, utilizando tecnologias como geração de energia, compostagem, recuperação para reciclagem, destinação adequada dos resíduos residuais e outros métodos de tratamento existentes no mercado. Ao integrar esses processos, os eco-parques operam como polos multi-tecnológicos para a gestão de resíduos, promovendo sinergias entre a redução de resíduos, recuperação de energia e proteção ambiental para as cidades. Eles também contribuem para a criação de empregos verdes, mitigação das mudanças climáticas e sustentabilidade urbana.",The city establishes eco-park facilities for mechanical and biological waste treatment.,La ciudad establece instalaciones de parques ecológicos para el tratamiento mecánico y biológico de residuos.,A cidade estabelece instalações de parque ecológico para tratamento de resíduos mecânicos e biológicos.,Urban solid waste is treated in multi-technology eco-park hubs.,Los residuos sólidos urbanos se tratan en centros de ecoparques multitecnológicos.,Os resíduos sólidos urbanos são tratados em centros de ecoparques multitecnológicos.,positive,low,2,expert review,V,[2],"[""V.2""]","{""air_quality"": {""impactRelationship"": ""positive"", ""impactText"": ""low"", ""impactNumeric"": 1, ""methodology"": ""expert review""}, ""habitat"": {""impactRelationship"": ""positive"", ""impactText"": ""low"", ""impactNumeric"": 1, ""methodology"": ""expert review""}, ""housing"": {""impactRelationship"": ""positive"", ""impactText"": ""low"", ""impactNumeric"": 1, ""methodology"": ""expert review""}, ""water_quality"": {""impactRelationship"": ""positive"", ""impactText"": ""low"", ""impactNumeric"": 1, ""methodology"": ""expert review""}}"
icare_0127,mitigation,Improve Accelerate Environmental Regularization of Rural Properties,Implement programs to register properties in the Rural Environmental Registry (CAR) and adhere to environmental restoration commitments.,,Rural properties are registered in the Rural Environmental Registry and subject to restoration commitments.,,outcome,medium,5-10 years,icare,expert_reviewed,Improve Accelerate Environmental Regularization of Rural Properties,Mejorar y acelerar la regularización ambiental de las propiedades rurales,Aprimorar e Acelerar a Regularização Ambiental de Propriedades Rurais,Implement programs to register properties in the Rural Environmental Registry (CAR) and adhere to environmental restoration commitments.,Implementar programas para registrar propiedades en el Registro Ambiental Rural (CAR) y cumplir con los compromisos de restauración ambiental.,Implementar programas para registrar propriedades no Cadastro Ambiental Rural (CAR) e aderir aos compromissos de restauração ambiental.,,,,Rural properties are registered in the Rural Environmental Registry and subject to restoration commitments.,Las propiedades rústicas están inscritas en el Registro Ambiental Rural y sujetas a compromisos de restauración.,Os imóveis rurais são inscritos no Cadastro Ambiental Rural e sujeitos a compromissos de restauração.,positive,low,2,expert review,V,[2],"[""V.2""]","{""air_quality"": {""impactRelationship"": ""positive"", ""impactText"": ""low"", ""impactNumeric"": 1, ""methodology"": ""expert review""}, ""habitat"": {""impactRelationship"": ""positive"", ""impactText"": ""low"", ""impactNumeric"": 1, ""methodology"": ""expert review""}, ""stakeholder_engagement"": {""impactRelationship"": ""positive"", ""impactText"": ""low"", ""impactNumeric"": 1, ""methodology"": ""expert review""}, ""water_quality"": {""impactRelationship"": ""positive"", ""impactText"": ""low"", ""impactNumeric"": 1, ""methodology"": ""expert review""}}"
icare_0128,mitigation,Establish Municipal Programs for Payment for Environmental Services and other ecological financial incentives,"Financial incentives such as loans, taxes, grants and rebates can be effective ways to promote ecological conservation and more sustainable practices. Municipalities can initiate schemes or help implement regional or national programmes. Payment for Environmental Services involves paying landowners for maintaining or improving environmental conditions on their properties.",The city establishes municipal payment-for-environmental-services programs.,Landowners receive payments for maintaining or improving environmental conditions.,financial,intervention,medium,5-10 years,icare,expert_reviewed,Establish Municipal Programs for Payment for Environmental Services and other ecological financial incentives,Establecer programas municipales de pago por servicios ambientales y otros incentivos financieros ecológicos,Estabelecer Programas Municipais de Pagamento por Serviços Ambientais e outros incentivos financeiros ecológicos,"Financial incentives such as loans, taxes, grants and rebates can be effective ways to promote ecological conservation and more sustainable practices. Municipalities can initiate schemes or help implement regional or national programmes. Payment for Environmental Services involves paying landowners for maintaining or improving environmental conditions on their properties.","Los incentivos financieros como préstamos, impuestos, subvenciones y reembolsos pueden ser formas efectivas de promover la conservación ecológica y prácticas más sostenibles. Los municipios pueden iniciar esquemas o ayudar a implementar programas regionales o nacionales. El Pago por Servicios Ambientales implica pagar a los propietarios de tierras por mantener o mejorar las condiciones ambientales en sus propiedades.","Incentivos financeiros, como empréstimos, impostos, subsídios e reembolsos, podem ser formas eficazes de promover a conservação ecológica e práticas mais sustentáveis. Os municípios podem iniciar esquemas ou ajudar a implementar programas regionais ou nacionais. Pagamento por Serviços Ambientais envolve pagar proprietários de terras por manterem ou melhorarem as condições ambientais em suas propriedades.",The city establishes municipal payment-for-environmental-services programs.,La ciudad establece programas municipales de pago por servicios ambientales.,A cidade estabelece programas municipais de pagamento por serviços ambientais.,Landowners receive payments for maintaining or improving environmental conditions.,Los propietarios de tierras reciben pagos por mantener o mejorar las condiciones ambientales.,Os proprietários de terras recebem pagamentos pela manutenção ou melhoria das condições ambientais.,positive,low,2,expert review,V,[2],"[""V.2""]","{""air_quality"": {""impactRelationship"": ""positive"", ""impactText"": ""low"", ""impactNumeric"": 1, ""methodology"": ""expert review""}, ""cost_of_living"": {""impactRelationship"": ""positive"", ""impactText"": ""low"", ""impactNumeric"": 1, ""methodology"": ""expert review""}, ""habitat"": {""impactRelationship"": ""positive"", ""impactText"": ""low"", ""impactNumeric"": 1, ""methodology"": ""expert review""}, ""housing"": {""impactRelationship"": ""positive"", ""impactText"": ""low"", ""impactNumeric"": 1, ""methodology"": ""expert review""}, ""stakeholder_engagement"": {""impactRelationship"": ""positive"", ""impactText"": ""low"", ""impactNumeric"": 1, ""methodology"": ""expert review""}, ""water_quality"": {""impactRelationship"": ""positive"", ""impactText"": ""low"", ""impactNumeric"": 1, ""methodology"": ""expert review""}}"
icare_0131,mitigation,Prioritize Procurement of Locally Produced Agroecological Products in Public Purchases,"Focus on buying sustainable, locally produced food for public institutions. Additional actions could include identifying reliable local suppliers, partnering with producers and allocating funding to wider sustainable procurement programs and establishing monitoring systems to ensure compliance with sustainability goals",The city prioritises local agroecological products in public procurement.,Public-institution food purchases shift to locally produced agroecological products.,regulatory,intervention,low,<5 years,icare,expert_reviewed,Prioritize Procurement of Locally Produced Agroecological Products in Public Purchases,Priorizar la adquisición de productos agroecológicos de producción local en las compras públicas,Priorizar a aquisição de produtos agroecológicos produzidos localmente nas compras públicas,"Focus on buying sustainable, locally produced food for public institutions. Additional actions could include identifying reliable local suppliers, partnering with producers and allocating funding to wider sustainable procurement programs and establishing monitoring systems to ensure compliance with sustainability goals","Centrarse en la compra de alimentos sostenibles y producidos localmente para las instituciones públicas. Acciones adicionales podrían incluir la identificación de proveedores locales confiables, la colaboración con productores y la asignación de fondos a programas más amplios de adquisiciones sostenibles, así como el establecimiento de sistemas de monitoreo para garantizar el cumplimiento de los objetivos de sostenibilidad.","Focar na compra de alimentos sustentáveis e produzidos localmente para instituições públicas. Ações adicionais podem incluir a identificação de fornecedores locais confiáveis, parcerias com produtores e alocação de recursos para programas mais amplos de compras sustentáveis, além do estabelecimento de sistemas de monitoramento para garantir o cumprimento das metas de sustentabilidade.",The city prioritises local agroecological products in public procurement.,La ciudad prioriza los productos agroecológicos locales en la contratación pública.,A cidade prioriza produtos agroecológicos locais nas compras públicas.,Public-institution food purchases shift to locally produced agroecological products.,Las compras de alimentos de las instituciones públicas se desplazan hacia productos agroecológicos producidos localmente.,As compras de alimentos por instituições públicas mudam para produtos agroecológicos produzidos localmente.,positive,low,2,expert review,V,[2],"[""V.2""]","{""air_quality"": {""impactRelationship"": ""positive"", ""impactText"": ""low"", ""impactNumeric"": 1, ""methodology"": ""expert review""}, ""cost_of_living"": {""impactRelationship"": ""positive"", ""impactText"": ""low"", ""impactNumeric"": 1, ""methodology"": ""expert review""}, ""habitat"": {""impactRelationship"": ""positive"", ""impactText"": ""low"", ""impactNumeric"": 1, ""methodology"": ""expert review""}, ""stakeholder_engagement"": {""impactRelationship"": ""positive"", ""impactText"": ""low"", ""impactNumeric"": 1, ""methodology"": ""expert review""}, ""water_quality"": {""impactRelationship"": ""positive"", ""impactText"": ""low"", ""impactNumeric"": 1, ""methodology"": ""expert review""}}"
icare_0132,mitigation,Encourage Local Agroecological Production and Short Supply Chains,"Support local, sustainable agricultural practices and reduce emissions associated with food transport. Actions could include incentives for local food distribution networks, partnerships with producers and investment in infrastructure to support local markets and policies to prioritize low-emission transportation methods. These should be underpinned by other programmes to encourage local sustainable agriculture methods.",The city supports local agroecological production and low-emission distribution networks.,Local agroecological production expands through short supply chains.,program,intervention,low,<5 years,icare,expert_reviewed,Encourage Local Agroecological Production and Short Supply Chains,Fomentar la producción agroecológica local y las cadenas de suministro cortas,Incentivar a produção agroecológica local e cadeias curtas de abastecimento,"Support local, sustainable agricultural practices and reduce emissions associated with food transport. Actions could include incentives for local food distribution networks, partnerships with producers and investment in infrastructure to support local markets and policies to prioritize low-emission transportation methods. These should be underpinned by other programmes to encourage local sustainable agriculture methods.","Apoyar prácticas agrícolas locales y sostenibles y reducir las emisiones asociadas al transporte de alimentos. Las acciones pueden incluir incentivos para redes locales de distribución de alimentos, asociaciones con productores e inversión en infraestructura para apoyar los mercados locales y políticas que prioricen métodos de transporte de bajas emisiones. Estas acciones deben estar respaldadas por otros programas que fomenten métodos de agricultura sostenible local.","Apoiar práticas agrícolas locais e sustentáveis e reduzir as emissões associadas ao transporte de alimentos. As ações podem incluir incentivos para redes locais de distribuição de alimentos, parcerias com produtores e investimento em infraestrutura para apoiar mercados locais e políticas que priorizem métodos de transporte de baixa emissão. Essas medidas devem ser complementadas por outros programas que incentivem métodos locais de agricultura sustentável.",The city supports local agroecological production and low-emission distribution networks.,La ciudad apoya la producción agroecológica local y las redes de distribución de bajas emisiones.,A cidade apoia a produção agroecológica local e redes de distribuição de baixas emissões.,Local agroecological production expands through short supply chains.,La producción agroecológica local se expande a través de cadenas de suministro cortas.,A produção agroecológica local se expande por meio de cadeias de abastecimento curtas.,positive,low,2,expert review,V,[2],"[""V.2""]","{""air_quality"": {""impactRelationship"": ""positive"", ""impactText"": ""low"", ""impactNumeric"": 1, ""methodology"": ""expert review""}, ""cost_of_living"": {""impactRelationship"": ""positive"", ""impactText"": ""low"", ""impactNumeric"": 1, ""methodology"": ""expert review""}, ""habitat"": {""impactRelationship"": ""positive"", ""impactText"": ""low"", ""impactNumeric"": 1, ""methodology"": ""expert review""}, ""stakeholder_engagement"": {""impactRelationship"": ""positive"", ""impactText"": ""low"", ""impactNumeric"": 1, ""methodology"": ""expert review""}, ""water_quality"": {""impactRelationship"": ""positive"", ""impactText"": ""low"", ""impactNumeric"": 1, ""methodology"": ""expert review""}}"
icare_0137,mitigation,Replace Inefficient Lighting with LED Technology in Public Spaces,"This action focuses on replacing outdated and inefficient lighting systems in public spaces with energy-efficient LED technology. The objective is to enhance energy efficiency, reduce operational costs, and lower carbon emissions, contributing to a more sustainable and environmentally-friendly municipal infrastructure.",The city replaces outdated public-space lighting with LED fixtures.,Public-space lighting runs on efficient LED technology.,infrastructure,intervention,medium,<5 years,icare,expert_reviewed,Replace Inefficient Lighting with LED Technology in Public Spaces,Reemplazar la iluminación ineficiente por tecnología LED en espacios públicos,Substituir Iluminação Ineficiente por Tecnologia LED em Espaços Públicos,"This action focuses on replacing outdated and inefficient lighting systems in public spaces with energy-efficient LED technology. The objective is to enhance energy efficiency, reduce operational costs, and lower carbon emissions, contributing to a more sustainable and environmentally-friendly municipal infrastructure.","Esta acción se centra en reemplazar los sistemas de iluminación obsoletos e ineficientes en los espacios públicos por tecnología LED de bajo consumo energético. El objetivo es mejorar la eficiencia energética, reducir los costos operativos y disminuir las emisiones de carbono, contribuyendo a una infraestructura municipal más sostenible y respetuosa con el medio ambiente.","Esta ação foca na substituição de sistemas de iluminação antigos e ineficientes em espaços públicos por tecnologia LED eficiente em termos energéticos. O objetivo é aumentar a eficiência energética, reduzir os custos operacionais e diminuir as emissões de carbono, contribuindo para uma infraestrutura municipal mais sustentável e ambientalmente amigável.",The city replaces outdated public-space lighting with LED fixtures.,La ciudad reemplaza la iluminación obsoleta del espacio público con luminarias LED.,A cidade substitui a iluminação obsoleta dos espaços públicos por luminárias LED.,Public-space lighting runs on efficient LED technology.,La iluminación de los espacios públicos funciona con tecnología LED eficiente.,A iluminação de espaços públicos funciona com tecnologia LED eficiente.,positive,low,2,expert review,I,[2],"[""I.2.1"", ""I.2.2""]","{""housing"": {""impactRelationship"": ""positive"", ""impactText"": ""low"", ""impactNumeric"": 1, ""methodology"": ""expert review""}, ""mobility"": {""impactRelationship"": ""positive"", ""impactText"": ""low"", ""impactNumeric"": 1, ""methodology"": ""expert review""}}"
icare_0139,mitigation,Implement congestion pricing and restrictions on high-polluting vehicles,"The city introduces congestion pricing and related restrictions (such as tolls, charges, or bans) on high-polluting vehicles that cover significant parts of the city. To ensure equity and social acceptance, design measures may include exemptions or discounts for low-income drivers, reinvestment of revenues into public transport and active mobility, and strong communication campaigns. While congestion pricing can deliver major emission reductions, it requires substantial governance capacity and is best suited for larger metropolitan areas.",The city introduces congestion pricing and restrictions on high-polluting vehicles.,Private vehicle use falls in central urban areas.,regulatory,intervention,low,<5 years,icare,expert_reviewed,Implement congestion pricing and restrictions on high-polluting vehicles,Implementar tarifas de congestión y restricciones a los vehículos altamente contaminantes,Implementar cobrança de pedágio urbano e restrições a veículos altamente poluentes,"The city introduces congestion pricing and related restrictions (such as tolls, charges, or bans) on high-polluting vehicles that cover significant parts of the city. To ensure equity and social acceptance, design measures may include exemptions or discounts for low-income drivers, reinvestment of revenues into public transport and active mobility, and strong communication campaigns. While congestion pricing can deliver major emission reductions, it requires substantial governance capacity and is best suited for larger metropolitan areas.","La ciudad introduce un sistema de tarificación por congestión y restricciones relacionadas (como peajes, cargos o prohibiciones) para vehículos altamente contaminantes que cubren partes significativas de la ciudad. Para garantizar la equidad y la aceptación social, las medidas de diseño pueden incluir exenciones o descuentos para conductores de bajos ingresos, reinversión de los ingresos en el transporte público y la movilidad activa, y campañas de comunicación sólidas. Si bien la tarificación por congestión puede lograr reducciones importantes de emisiones, requiere una capacidad de gobernanza sustancial y es más adecuada para áreas metropolitanas grandes.","A cidade introduz a cobrança de pedágio urbano e restrições relacionadas (como taxas, cobranças ou proibições) para veículos altamente poluentes que circulam por áreas significativas da cidade. Para garantir equidade e aceitação social, as medidas de design podem incluir isenções ou descontos para motoristas de baixa renda, reinvestimento das receitas em transporte público e mobilidade ativa, além de fortes campanhas de comunicação. Embora a cobrança de pedágio urbano possa proporcionar grandes reduções de emissões, ela exige uma capacidade substancial de governança e é mais adequada para grandes áreas metropolitanas.",The city introduces congestion pricing and restrictions on high-polluting vehicles.,La ciudad introduce tarifas de congestión y restricciones a los vehículos altamente contaminantes.,A cidade introduz preços de congestionamento e restrições a veículos altamente poluentes.,Private vehicle use falls in central urban areas.,El uso del vehículo privado cae en las zonas urbanas centrales.,O uso de veículos particulares cai nas áreas urbanas centrais.,positive,low,2,expert review,II,[1],"[""II.1.1""]","{""air_quality"": {""impactRelationship"": ""positive"", ""impactText"": ""low"", ""impactNumeric"": 1, ""methodology"": ""expert review""}, ""cost_of_living"": {""impactRelationship"": ""positive"", ""impactText"": ""low"", ""impactNumeric"": 1, ""methodology"": ""expert review""}, ""mobility"": {""impactRelationship"": ""positive"", ""impactText"": ""low"", ""impactNumeric"": 1, ""methodology"": ""expert review""}}"
c40_0010,mitigation,Introduce energy-efficiency standards for new residential buildings,"The city adopts new energy-efficiency standards for residential construction, ensuring all new buildings incorporate design and performance requirements such as improved thermal insulation, natural ventilation, shading devices, efficient lighting (LED), and solar-ready wiring for PV integration. Standards may also establish region-dependent requirements for cooling demand reduction (e.g., reflective roofs, cross-ventilation) and may also include whole life carbon requirements and promote the use of sustainable materials. Smaller cities can integrate these requirements into basic building codes, while larger cities can introduce advanced certifications or municipal green building standards.",The city adopts energy-efficiency requirements in the building code for new residential construction.,New residential buildings meet higher energy-efficiency standards.,regulatory,intervention,low,<5 years,c40,expert_reviewed,Introduce energy-efficiency standards for new residential buildings,Introducir estándares de eficiencia energética para nuevas viviendas residenciales,Introduzir padrões de eficiência energética para novas residências,"The city adopts new energy-efficiency standards for residential construction, ensuring all new buildings incorporate design and performance requirements such as improved thermal insulation, natural ventilation, shading devices, efficient lighting (LED), and solar-ready wiring for PV integration. Standards may also establish region-dependent requirements for cooling demand reduction (e.g., reflective roofs, cross-ventilation) and may also include whole life carbon requirements and promote the use of sustainable materials. Smaller cities can integrate these requirements into basic building codes, while larger cities can introduce advanced certifications or municipal green building standards.","La ciudad adopta nuevos estándares de eficiencia energética para la construcción residencial, asegurando que todos los edificios nuevos incorporen requisitos de diseño y desempeño como mejor aislamiento térmico, ventilación natural, dispositivos de sombreado, iluminación eficiente (LED) y cableado preparado para la integración de paneles solares fotovoltaicos. Los estándares también pueden establecer requisitos dependientes de la región para la reducción de la demanda de refrigeración (por ejemplo, techos reflectantes, ventilación cruzada) y pueden incluir requisitos de carbono durante todo el ciclo de vida, así como promover el uso de materiales sostenibles. Las ciudades más pequeñas pueden integrar estos requisitos en los códigos básicos de construcción, mientras que las ciudades más grandes pueden introducir certificaciones avanzadas o estándares municipales de construcción ecológica.","A cidade adota novos padrões de eficiência energética para a construção residencial, garantindo que todos os novos edifícios incorporem requisitos de projeto e desempenho, como melhor isolamento térmico, ventilação natural, dispositivos de sombreamento, iluminação eficiente (LED) e fiação preparada para integração de painéis solares fotovoltaicos. Os padrões também podem estabelecer requisitos dependentes da região para reduzir a demanda de resfriamento (por exemplo, telhados refletivos, ventilação cruzada) e podem incluir requisitos de carbono ao longo de todo o ciclo de vida, além de promover o uso de materiais sustentáveis. Cidades menores podem integrar esses requisitos aos códigos básicos de construção, enquanto cidades maiores podem introduzir certificações avançadas ou padrões municipais de construção verde.",The city adopts energy-efficiency requirements in the building code for new residential construction.,La ciudad adopta requisitos de eficiencia energética en el código de construcción para nuevas viviendas residenciales.,A cidade adota requisitos de eficiência energética no código de construção para novas residências.,New residential buildings meet higher energy-efficiency standards.,Los nuevos edificios residenciales cumplen estándares más altos de eficiencia energética.,As novas residências atendem a padrões mais altos de eficiência energética.,positive,very low,1,expert review,I,[1],"[""I.1.1"", ""I.1.2""]","{""air_quality"": {""impactRelationship"": ""positive"", ""impactText"": ""low"", ""impactNumeric"": 1, ""methodology"": ""expert review""}, ""housing"": {""impactRelationship"": ""positive"", ""impactText"": ""low"", ""impactNumeric"": 1, ""methodology"": ""expert review""}}"
c40_0012,mitigation,Introduce energy-efficiency standards for new institutional buildings,"The city introduces energy-efficient and resource-efficient standards for schools, hospitals, and other public buildings, setting an example for sustainable construction. Standards should mandate efficient HVAC systems with proper zoning, daylighting strategies to reduce artificial lighting, occupancy sensors, reflective roofs, and integration of photovoltaic (PV) systems where feasibleand. They can also include whole life carbon requirements and promote the use of sustainable materials. Requirements may vary depending on regional climate conditions to address specific cooling or thermal comfort needs.","The city sets energy-efficiency standards for new schools, hospitals, and other public buildings.",New institutional buildings meet higher energy-efficiency standards.,regulatory,intervention,low,<5 years,c40,expert_reviewed,Introduce energy-efficiency standards for new institutional buildings,,,"The city introduces energy-efficient and resource-efficient standards for schools, hospitals, and other public buildings, setting an example for sustainable construction. Standards should mandate efficient HVAC systems with proper zoning, daylighting strategies to reduce artificial lighting, occupancy sensors, reflective roofs, and integration of photovoltaic (PV) systems where feasibleand. They can also include whole life carbon requirements and promote the use of sustainable materials. Requirements may vary depending on regional climate conditions to address specific cooling or thermal comfort needs.",,,"The city sets energy-efficiency standards for new schools, hospitals, and other public buildings.",,,New institutional buildings meet higher energy-efficiency standards.,,,positive,very low,1,expert review,I,[2],"[""I.2.1"", ""I.2.2""]","{""air_quality"": {""impactRelationship"": ""positive"", ""impactText"": ""low"", ""impactNumeric"": 1, ""methodology"": ""expert review""}, ""housing"": {""impactRelationship"": ""positive"", ""impactText"": ""low"", ""impactNumeric"": 1, ""methodology"": ""expert review""}}"
c40_0013,mitigation,Support Implementation of Industrial Building Efficiency Standards.,"Support Implementation of Industrial Building Efficiency Standards set guidelines for environmentally responsible construction, ensuring that new structures adhere to energy-efficient practices, thereby reducing carbon emissions and promoting sustainable urban development. Standards may also include whole life carbon requirements and promote the use of sustainable materials.",The city supports implementation of industrial building efficiency standards.,New industrial buildings meet energy-efficiency and sustainable-materials standards.,regulatory,intervention,low,<5 years,c40,expert_reviewed,Support Implementation of Industrial Building Efficiency Standards.,Apoyar la implementación de normas de eficiencia energética en edificios industriales.,Apoiar a implementação de padrões de eficiência energética em edifícios industriais.,"Support Implementation of Industrial Building Efficiency Standards set guidelines for environmentally responsible construction, ensuring that new structures adhere to energy-efficient practices, thereby reducing carbon emissions and promoting sustainable urban development. Standards may also include whole life carbon requirements and promote the use of sustainable materials.","Apoyar la implementación de normas de eficiencia en edificios industriales establece directrices para una construcción ambientalmente responsable, asegurando que las nuevas estructuras cumplan con prácticas de eficiencia energética, reduciendo así las emisiones de carbono y promoviendo un desarrollo urbano sostenible. Las normas también pueden incluir requisitos de carbono durante todo el ciclo de vida y fomentar el uso de materiales sostenibles.","Apoiar a implementação de padrões de eficiência em edifícios industriais estabelece diretrizes para uma construção ambientalmente responsável, garantindo que novas estruturas adotem práticas de eficiência energética, reduzindo assim as emissões de carbono e promovendo o desenvolvimento urbano sustentável. Os padrões também podem incluir requisitos de carbono de ciclo de vida completo e promover o uso de materiais sustentáveis.",The city supports implementation of industrial building efficiency standards.,La ciudad apoya la implementación de estándares de eficiencia en edificios industriales.,A cidade apoia a implementação de padrões de eficiência em edifícios industriais.,New industrial buildings meet energy-efficiency and sustainable-materials standards.,Los nuevos edificios industriales cumplen estándares de eficiencia energética y uso de materiales sostenibles.,Novos edifícios industriais atendem a padrões de eficiência energética e uso de materiais sustentáveis.,positive,very low,1,expert review,I,[3],"[""I.3.1"", ""I.3.2""]","{""air_quality"": {""impactRelationship"": ""positive"", ""impactText"": ""low"", ""impactNumeric"": 1, ""methodology"": ""expert review""}, ""housing"": {""impactRelationship"": ""positive"", ""impactText"": ""low"", ""impactNumeric"": 1, ""methodology"": ""expert review""}}"
c40_0015,mitigation,Retrofit residential buildings for energy efficiency,"The city supports retrofitting existing residential buildings to improve energy efficiency and reduce emissions. Key interventions include replacing inefficient refrigerators, air conditioners, and lighting with high-efficiency models (e.g., PROCEL Seal appliances), sealing windows and doors to reduce air leakage, and improving indoor comfort through natural ventilation and shading. Municipalities can facilitate access to financing programs, bulk procurement, and technical assistance for households to adopt upgrades. Retrofits should prioritize passive cooling strategies (shading, ventilation) before installing high-efficiency cooling technologies using low-GWP refrigerants.",The city funds and supports residential energy-efficiency retrofits.,Existing residential buildings use less energy.,infrastructure,intervention,low,<5 years,c40,expert_reviewed,Retrofit residential buildings for energy efficiency,Rehabilitar edificios residenciales para mejorar la eficiencia energética,Requalificar edifícios residenciais para eficiência energética,"The city supports retrofitting existing residential buildings to improve energy efficiency and reduce emissions. Key interventions include replacing inefficient refrigerators, air conditioners, and lighting with high-efficiency models (e.g., PROCEL Seal appliances), sealing windows and doors to reduce air leakage, and improving indoor comfort through natural ventilation and shading. Municipalities can facilitate access to financing programs, bulk procurement, and technical assistance for households to adopt upgrades. Retrofits should prioritize passive cooling strategies (shading, ventilation) before installing high-efficiency cooling technologies using low-GWP refrigerants.","La ciudad apoya la modernización de edificios residenciales existentes para mejorar la eficiencia energética y reducir las emisiones. Las intervenciones clave incluyen reemplazar refrigeradores, aires acondicionados y sistemas de iluminación ineficientes por modelos de alta eficiencia (por ejemplo, electrodomésticos con Sello PROCEL), sellar ventanas y puertas para reducir fugas de aire, y mejorar el confort interior mediante ventilación natural y sombreado. Los municipios pueden facilitar el acceso a programas de financiamiento, compras en volumen y asistencia técnica para que los hogares adopten estas mejoras. Las modernizaciones deben priorizar estrategias de enfriamiento pasivo (sombreado, ventilación) antes de instalar tecnologías de enfriamiento de alta eficiencia que utilicen refrigerantes de bajo GWP.","A cidade apoia a requalificação de edifícios residenciais existentes para melhorar a eficiência energética e reduzir emissões. As principais intervenções incluem substituir geladeiras, aparelhos de ar-condicionado e iluminação ineficientes por modelos de alta eficiência (por exemplo, eletrodomésticos com selo PROCEL), vedar janelas e portas para reduzir infiltrações de ar e melhorar o conforto interno por meio de ventilação natural e sombreamento. Os municípios podem facilitar o acesso a programas de financiamento, compras em volume e assistência técnica para que as famílias adotem essas melhorias. As requalificações devem priorizar estratégias de resfriamento passivo (sombreamento, ventilação) antes de instalar tecnologias de resfriamento de alta eficiência com refrigerantes de baixo GWP.",The city funds and supports residential energy-efficiency retrofits.,La ciudad financia y apoya la rehabilitación energética de viviendas residenciales.,A cidade financia e apoia requalificações residenciais de eficiência energética.,Existing residential buildings use less energy.,Los edificios residenciales existentes consumen menos energía.,Edifícios residenciais existentes passam a consumir menos energia.,positive,very low,1,expert review,I,[1],"[""I.1.1"", ""I.1.2""]","{""air_quality"": {""impactRelationship"": ""positive"", ""impactText"": ""low"", ""impactNumeric"": 1, ""methodology"": ""expert review""}, ""housing"": {""impactRelationship"": ""positive"", ""impactText"": ""low"", ""impactNumeric"": 1, ""methodology"": ""expert review""}}"
c40_0016,mitigation,Retrofit commercial and institutional other non-residential buildings for energy efficiency,"The city promotes energy retrofits in commercial and institutional buildings such as offices, shopping centers, universities, and hotels. Measures include upgrading HVAC systems with variable refrigerant flow (VRF) units, replacing fluorescent and halogen lighting with LEDs, implementing building automation and energy management systems, and improving the thermal envelope (insulation, reflective coatings, shading). Region-specific adaptations may also be required to address cooling and comfort needs. Retrofits often deliver short payback periods through lower operating costs and enhanced occupant comfort. Retrofits should prioritize passive cooling strategies (shading, ventilation) before installing high-efficiency cooling technologies using low-GWP refrigerants.",The city promotes energy retrofits in commercial and institutional buildings.,Existing commercial and institutional buildings use less energy.,infrastructure,intervention,low,<5 years,c40,expert_reviewed,Retrofit commercial and institutional other non-residential buildings for energy efficiency,Reacondicionar edificios comerciales e institucionales no residenciales para mejorar la eficiencia energética,Requalificar edifícios comerciais e institucionais não residenciais para eficiência energética,"The city promotes energy retrofits in commercial and institutional buildings such as offices, shopping centers, universities, and hotels. Measures include upgrading HVAC systems with variable refrigerant flow (VRF) units, replacing fluorescent and halogen lighting with LEDs, implementing building automation and energy management systems, and improving the thermal envelope (insulation, reflective coatings, shading). Region-specific adaptations may also be required to address cooling and comfort needs. Retrofits often deliver short payback periods through lower operating costs and enhanced occupant comfort. Retrofits should prioritize passive cooling strategies (shading, ventilation) before installing high-efficiency cooling technologies using low-GWP refrigerants.","La ciudad promueve la modernización energética en edificios comerciales e institucionales como oficinas, centros comerciales, universidades y hoteles. Las medidas incluyen la actualización de los sistemas HVAC con unidades de flujo de refrigerante variable (VRF), el reemplazo de iluminación fluorescente y halógena por LEDs, la implementación de sistemas de automatización y gestión energética de edificios, y la mejora de la envolvente térmica (aislamiento, recubrimientos reflectantes, sombreado). También pueden ser necesarias adaptaciones específicas según la región para abordar las necesidades de enfriamiento y confort. Las modernizaciones suelen ofrecer periodos de recuperación cortos gracias a la reducción de los costos operativos y la mejora del confort de los ocupantes. Las modernizaciones deben priorizar estrategias de enfriamiento pasivo (sombreado, ventilación) antes de instalar tecnologías de enfriamiento de alta eficiencia que utilicen refrigerantes de bajo GWP.","A cidade promove requalificações energéticas em edifícios comerciais e institucionais, como escritórios, centros comerciais, universidades e hotéis. As medidas incluem atualização dos sistemas HVAC com unidades de fluxo de refrigerante variável (VRF), substituição de iluminação fluorescente e halógena por LEDs, implementação de sistemas de automação e gestão energética predial e melhoria da envoltória térmica (isolamento, revestimentos refletivos, sombreamento). Também podem ser necessárias adaptações específicas por região para atender às necessidades de resfriamento e conforto. As requalificações costumam oferecer retorno rápido devido à redução de custos operacionais e melhoria do conforto dos ocupantes. As requalificações devem priorizar estratégias de resfriamento passivo (sombreamento, ventilação) antes de instalar tecnologias de resfriamento de alta eficiência com refrigerantes de baixo GWP.",The city promotes energy retrofits in commercial and institutional buildings.,La ciudad promueve la rehabilitación energética en edificios comerciales e institucionales.,A cidade promove requalificações energéticas em edifícios comerciais e institucionais.,Existing commercial and institutional buildings use less energy.,Los edificios comerciales e institucionales existentes consumen menos energía.,Edifícios comerciais e institucionais existentes passam a consumir menos energia.,positive,very low,1,expert review,I,[2],"[""I.2.1"", ""I.2.2""]","{""air_quality"": {""impactRelationship"": ""positive"", ""impactText"": ""low"", ""impactNumeric"": 1, ""methodology"": ""expert review""}, ""housing"": {""impactRelationship"": ""positive"", ""impactText"": ""low"", ""impactNumeric"": 1, ""methodology"": ""expert review""}}"
c40_0017,mitigation,Retrofit municipal buildings for energy efficiency,"The city leads by example through energy retrofits in municipal buildings, including schools, health centers, and administrative offices. Interventions include replacing outdated air conditioners with high-efficiency models, upgrading lighting to LEDs with smart controls, improving building envelopes with reflective roofs and shading, and installing energy management systems for real-time monitoring. Adaptations should reflect regional climate conditions to ensure cost-effective energy savings. By prioritizing its own facilities, the city demonstrates leadership, reduces operating expenses, and showcases practical solutions that can be replicated by the private sector. Retrofits should prioritize passive cooling strategies (shading, ventilation) before installing high-efficiency cooling technologies using low-GWP refrigerants.",The city retrofits its own municipal buildings for energy efficiency.,Municipal buildings use less energy.,infrastructure,intervention,low,<5 years,c40,expert_reviewed,Retrofit municipal buildings for energy efficiency,Reacondicionar los edificios municipales para mejorar la eficiencia energética,Requalificar edifícios municipais para eficiência energética,"The city leads by example through energy retrofits in municipal buildings, including schools, health centers, and administrative offices. Interventions include replacing outdated air conditioners with high-efficiency models, upgrading lighting to LEDs with smart controls, improving building envelopes with reflective roofs and shading, and installing energy management systems for real-time monitoring. Adaptations should reflect regional climate conditions to ensure cost-effective energy savings. By prioritizing its own facilities, the city demonstrates leadership, reduces operating expenses, and showcases practical solutions that can be replicated by the private sector. Retrofits should prioritize passive cooling strategies (shading, ventilation) before installing high-efficiency cooling technologies using low-GWP refrigerants.","La ciudad lidera con el ejemplo mediante la modernización energética de edificios municipales, incluyendo escuelas, centros de salud y oficinas administrativas. Las intervenciones incluyen reemplazar aires acondicionados obsoletos por modelos de alta eficiencia, actualizar la iluminación a LEDs con controles inteligentes, mejorar la envolvente de los edificios con techos reflectantes y sombreado, e instalar sistemas de gestión energética para monitoreo en tiempo real. Las adaptaciones deben reflejar las condiciones climáticas regionales para asegurar ahorros energéticos rentables. Al priorizar sus propias instalaciones, la ciudad demuestra liderazgo, reduce los gastos operativos y muestra soluciones prácticas que pueden ser replicadas por el sector privado. Las modernizaciones deben priorizar estrategias de enfriamiento pasivo (sombreado, ventilación) antes de instalar tecnologías de enfriamiento de alta eficiencia que utilicen refrigerantes de bajo GWP.","A cidade lidera pelo exemplo por meio de requalificações energéticas em edifícios municipais, incluindo escolas, centros de saúde e escritórios administrativos. As intervenções incluem substituir aparelhos de ar-condicionado obsoletos por modelos de alta eficiência, atualizar a iluminação para LEDs com controles inteligentes, melhorar a envoltória dos edifícios com telhados refletivos e sombreamento e instalar sistemas de gestão de energia para monitoramento em tempo real. As adaptações devem refletir as condições climáticas regionais para garantir economia de energia com bom custo-benefício. Ao priorizar suas próprias instalações, a cidade demonstra liderança, reduz despesas operacionais e mostra soluções práticas que podem ser replicadas pelo setor privado. As requalificações devem priorizar estratégias de resfriamento passivo (sombreamento, ventilação) antes de instalar tecnologias de resfriamento de alta eficiência com refrigerantes de baixo GWP.",The city retrofits its own municipal buildings for energy efficiency.,La ciudad rehabilita sus propios edificios municipales para mejorar su eficiencia energética.,A cidade requalifica seus próprios edifícios municipais para eficiência energética.,Municipal buildings use less energy.,Los edificios municipales consumen menos energía.,Edifícios municipais passam a consumir menos energia.,positive,very low,1,expert review,I,[2],"[""I.2.1"", ""I.2.2""]","{""air_quality"": {""impactRelationship"": ""positive"", ""impactText"": ""low"", ""impactNumeric"": 1, ""methodology"": ""expert review""}, ""housing"": {""impactRelationship"": ""positive"", ""impactText"": ""low"", ""impactNumeric"": 1, ""methodology"": ""expert review""}}"
c40_0018,mitigation,Optimize energy efficiency and sustainability standards for existing industrial infrastructure,"The city will promote the optimization of energy and environmental performance in existing industrial infrastructure, aiming to maximize efficiency, reduce emissions, and lower operational costs. This action focuses on upgrading equipment, improving process efficiency, and retrofitting industrial facilities to meet higher sustainability standards. Municipal roles may include providing incentives for energy audits and retrofits, facilitating partnerships with industry associations and utilities, and adopting regulations or voluntary standards aligned with national efficiency programs. These measures enhance industrial competitiveness, reduce resource intensity, and contribute to the city’s broader decarbonization and circular economy objectives.",The city incentivises energy audits and retrofits in existing industrial infrastructure.,Existing industrial facilities operate at higher energy and environmental performance.,regulatory,intervention,low,<5 years,c40,expert_reviewed,Optimize energy efficiency and sustainability standards for existing industrial infrastructure,Optimizar la eficiencia energética y los estándares de sostenibilidad para la infraestructura industrial existente,Otimizar a eficiência energética e os padrões de sustentabilidade da infraestrutura industrial existente,"The city will promote the optimization of energy and environmental performance in existing industrial infrastructure, aiming to maximize efficiency, reduce emissions, and lower operational costs. This action focuses on upgrading equipment, improving process efficiency, and retrofitting industrial facilities to meet higher sustainability standards. Municipal roles may include providing incentives for energy audits and retrofits, facilitating partnerships with industry associations and utilities, and adopting regulations or voluntary standards aligned with national efficiency programs. These measures enhance industrial competitiveness, reduce resource intensity, and contribute to the city’s broader decarbonization and circular economy objectives.","La ciudad promoverá la optimización del rendimiento energético y ambiental en la infraestructura industrial existente, con el objetivo de maximizar la eficiencia, reducir las emisiones y disminuir los costos operativos. Esta acción se centra en la modernización de equipos, la mejora de la eficiencia de los procesos y la adaptación de las instalaciones industriales para cumplir con estándares de sostenibilidad más altos. Los roles municipales pueden incluir la provisión de incentivos para auditorías energéticas y modernizaciones, la facilitación de alianzas con asociaciones industriales y empresas de servicios públicos, y la adopción de regulaciones o estándares voluntarios alineados con los programas nacionales de eficiencia. Estas medidas mejoran la competitividad industrial, reducen la intensidad en el uso de recursos y contribuyen a los objetivos más amplios de descarbonización y economía circular de la ciudad.","A cidade promoverá a otimização do desempenho energético e ambiental da infraestrutura industrial existente, com o objetivo de maximizar a eficiência, reduzir emissões e diminuir custos operacionais. Esta ação foca na modernização de equipamentos, melhoria da eficiência de processos e retrofit de instalações industriais para atender a padrões mais elevados de sustentabilidade. O papel municipal pode incluir oferecer incentivos para auditorias energéticas e retrofits, facilitar parcerias com associações industriais e concessionárias e adotar regulações ou padrões voluntários alinhados a programas nacionais de eficiência. Essas medidas aumentam a competitividade industrial, reduzem a intensidade de uso de recursos e contribuem para os objetivos mais amplos de descarbonização e economia circular da cidade.",The city incentivises energy audits and retrofits in existing industrial infrastructure.,La ciudad incentiva auditorías energéticas y rehabilitaciones en infraestructura industrial existente.,A cidade incentiva auditorias energéticas e retrofits na infraestrutura industrial existente.,Existing industrial facilities operate at higher energy and environmental performance.,Las instalaciones industriales existentes operan con mayor eficiencia energética y ambiental.,Instalações industriais existentes passam a operar com maior desempenho energético e ambiental.,positive,very low,1,expert review,I,[3],"[""I.3.1"", ""I.3.2""]","{""air_quality"": {""impactRelationship"": ""positive"", ""impactText"": ""low"", ""impactNumeric"": 1, ""methodology"": ""expert review""}, ""housing"": {""impactRelationship"": ""positive"", ""impactText"": ""low"", ""impactNumeric"": 1, ""methodology"": ""expert review""}}"
c40_0023,mitigation,Adopt zero-emission bus fleets for public transport,"Adopt zero-emission bus fleets for public transport mitigation focuses on transitioning public transport fleets to zero-emission buses. According to the HIA, this means that the city or transit operator procures only zero-emission buses (from 2020 onwards). This strategy eliminates tailpipe emissions from traditional buses, improves air quality, and supports a sustainable and resilient urban transport system. Eco-driving training and maintenance programs can be implemented in parallel to maximize efficiency gains and emission reductions during the fleet transition.",,Public transport fleets shift to zero-emission buses.,,outcome,high,<5 years,c40,expert_reviewed,Adopt zero-emission bus fleets for public transport,Adoptar flotas de autobuses de cero emisiones para el transporte público,Adotar frotas de ônibus de emissão zero para o transporte público,"Adopt zero-emission bus fleets for public transport mitigation focuses on transitioning public transport fleets to zero-emission buses. According to the HIA, this means that the city or transit operator procures only zero-emission buses (from 2020 onwards). This strategy eliminates tailpipe emissions from traditional buses, improves air quality, and supports a sustainable and resilient urban transport system. Eco-driving training and maintenance programs can be implemented in parallel to maximize efficiency gains and emission reductions during the fleet transition.","""Adoptar flotas de autobuses de cero emisiones para el transporte público"" se centra en la mitigación mediante la transición de las flotas de transporte público a autobuses de cero emisiones. Según la HIA, esto significa que la ciudad o el operador de transporte adquiere únicamente autobuses de cero emisiones (a partir de 2020). Esta estrategia elimina las emisiones de escape de los autobuses tradicionales, mejora la calidad del aire y apoya un sistema de transporte urbano sostenible y resiliente. Se pueden implementar programas de formación en eco-conducción y mantenimiento en paralelo para maximizar las ganancias de eficiencia y la reducción de emisiones durante la transición de la flota.","A adoção de frotas de ônibus de emissão zero para o transporte público concentra-se na mitigação por meio da transição das frotas de transporte público para ônibus de emissão zero. Segundo a HIA, isso significa que a cidade ou o operador de transporte adquire apenas ônibus de emissão zero (a partir de 2020). Essa estratégia elimina as emissões de escapamento dos ônibus tradicionais, melhora a qualidade do ar e apoia um sistema de transporte urbano sustentável e resiliente. Programas de eco-driving e manutenção podem ser implementados em paralelo para maximizar ganhos de eficiência e redução de emissões durante a transição da frota.",,,,Public transport fleets shift to zero-emission buses.,Las flotas de transporte público migran a autobuses de cero emisiones.,As frotas de transporte público migram para ônibus de emissão zero.,positive,low,2,expert review,II,[1],"[""II.1.1""]","{""air_quality"": {""impactRelationship"": ""positive"", ""impactText"": ""low"", ""impactNumeric"": 1, ""methodology"": ""expert review""}}"
c40_0025,mitigation,Promote deployment of zero-emission freight fleets (trucks),"Promote deployment of zero-emission freight fleets (trucks) mitigation involves adopting cleaner fuels and technologies to reduce the environmental impact of freight transportation. This initiative aims to decrease air pollution, promote sustainability, and improve the overall efficiency of urban logistics. Eco-driving training and maintenance programs can be implemented in parallel to maximize efficiency gains and emission reductions during the fleet transition.",The city promotes zero-emission freight fleet adoption.,Urban freight fleets shift to zero-emission trucks.,program,intervention,medium,<5 years,c40,expert_reviewed,Promote deployment of zero-emission freight fleets (trucks),Promover el despliegue de flotas de transporte de carga de cero emisiones (camiones),Promover a implantação de frotas de carga de emissão zero (caminhões),"Promote deployment of zero-emission freight fleets (trucks) mitigation involves adopting cleaner fuels and technologies to reduce the environmental impact of freight transportation. This initiative aims to decrease air pollution, promote sustainability, and improve the overall efficiency of urban logistics. Eco-driving training and maintenance programs can be implemented in parallel to maximize efficiency gains and emission reductions during the fleet transition.","Promover el despliegue de flotas de transporte de mercancías de cero emisiones (camiones) implica adoptar combustibles y tecnologías más limpias para reducir el impacto ambiental del transporte de carga. Esta iniciativa tiene como objetivo disminuir la contaminación del aire, promover la sostenibilidad y mejorar la eficiencia general de la logística urbana. Se pueden implementar programas de capacitación en conducción ecológica y mantenimiento en paralelo para maximizar las ganancias de eficiencia y la reducción de emisiones durante la transición de la flota.","Promover a implantação de frotas de carga de emissão zero (caminhões) envolve adotar combustíveis e tecnologias mais limpos para reduzir o impacto ambiental do transporte de cargas. Essa iniciativa visa diminuir a poluição do ar, promover a sustentabilidade e melhorar a eficiência geral da logística urbana. Programas de eco-driving e manutenção podem ser implementados em paralelo para maximizar ganhos de eficiência e redução de emissões durante a transição da frota.",The city promotes zero-emission freight fleet adoption.,La ciudad promueve la adopción de flotas de carga de cero emisiones.,A cidade promove a adoção de frotas de carga de emissão zero.,Urban freight fleets shift to zero-emission trucks.,Las flotas urbanas de carga migran a camiones de cero emisiones.,As frotas urbanas de carga migram para caminhões de emissão zero.,positive,very low,1,expert review,II,[1],"[""II.1.1""]","{""air_quality"": {""impactRelationship"": ""positive"", ""impactText"": ""low"", ""impactNumeric"": 1, ""methodology"": ""expert review""}}"
c40_0029,mitigation,Electrify municipal vehicle fleets,"The city transitions its municipal vehicle fleets to electric vehicles, beginning with high-impact segments such as buses and garbage trucks. According to HIA guidance, this aligns with the broader objective of implementing key measures to promote transport electrification. Cities can adopt phased strategies, starting with their own fleets, then expanding through incentives for private sector fleets and gradually scaling as charging infrastructure develops. Emphasis should be placed on equity to ensure low-income areas also benefit from cleaner, quieter transport. Eco-driving training and maintenance programs can be implemented in parallel to maximize efficiency gains and emission reductions during the fleet transition.",,Municipal vehicle fleets shift to electric power.,,outcome,high,5-10 years,c40,expert_reviewed,Electrify municipal vehicle fleets,Electrificar las flotas de vehículos municipales,Eletrificar as frotas de veículos municipais,"The city transitions its municipal vehicle fleets to electric vehicles, beginning with high-impact segments such as buses and garbage trucks. According to HIA guidance, this aligns with the broader objective of implementing key measures to promote transport electrification. Cities can adopt phased strategies, starting with their own fleets, then expanding through incentives for private sector fleets and gradually scaling as charging infrastructure develops. Emphasis should be placed on equity to ensure low-income areas also benefit from cleaner, quieter transport. Eco-driving training and maintenance programs can be implemented in parallel to maximize efficiency gains and emission reductions during the fleet transition.","La ciudad está realizando la transición de sus flotas municipales de vehículos hacia vehículos eléctricos, comenzando por los segmentos de mayor impacto como autobuses y camiones de basura. Según la orientación de HIA, esto se alinea con el objetivo más amplio de implementar medidas clave para promover la electrificación del transporte. Las ciudades pueden adoptar estrategias por fases, comenzando con sus propias flotas y luego expandiéndose mediante incentivos para las flotas del sector privado, escalando gradualmente a medida que se desarrolla la infraestructura de carga. Se debe poner énfasis en la equidad para asegurar que las zonas de bajos ingresos también se beneficien de un transporte más limpio y silencioso. Se pueden implementar programas de capacitación en eco-conducción y mantenimiento en paralelo para maximizar las ganancias de eficiencia y la reducción de emisiones durante la transición de la flota.","A cidade está realizando a transição de suas frotas municipais para veículos elétricos, começando por segmentos de maior impacto, como ônibus e caminhões de coleta de lixo. Segundo a orientação da HIA, isso se alinha ao objetivo mais amplo de implementar medidas-chave para promover a eletrificação do transporte. As cidades podem adotar estratégias em fases, começando com suas próprias frotas e depois expandindo por meio de incentivos para frotas do setor privado, escalando gradualmente à medida que a infraestrutura de recarga se desenvolve. Deve-se dar ênfase à equidade para garantir que áreas de baixa renda também se beneficiem de um transporte mais limpo e silencioso. Programas de eco-driving e manutenção podem ser implementados em paralelo para maximizar ganhos de eficiência e redução de emissões durante a transição da frota.",,,,Municipal vehicle fleets shift to electric power.,Las flotas de vehículos municipales migran a energía eléctrica.,As frotas de veículos municipais migram para energia elétrica.,positive,medium,3,expert review,II,[1],"[""II.1.1""]","{""air_quality"": {""impactRelationship"": ""positive"", ""impactText"": ""low"", ""impactNumeric"": 1, ""methodology"": ""expert review""}, ""habitat"": {""impactRelationship"": ""positive"", ""impactText"": ""low"", ""impactNumeric"": 1, ""methodology"": ""expert review""}, ""stakeholder_engagement"": {""impactRelationship"": ""positive"", ""impactText"": ""low"", ""impactNumeric"": 1, ""methodology"": ""expert review""}}"
c40_0034,mitigation,Enact and enforce material bans in order to restrict single use and non-recyclable materials,"Impose restrictions on single-use or non-recyclable materials (e.g., single-use plastics, Styrofoam bans) to reduce environmental impact and promote the use of sustainable alternatives, contributing to waste reduction and overall environmental conservation.",The city enacts and enforces bans on single-use and non-recyclable materials.,Single-use and non-recyclable materials are removed from circulation.,regulatory,intervention,low,<5 years,c40,expert_reviewed,Enact and enforce material bans in order to restrict single use and non-recyclable materials,Promulgar y hacer cumplir prohibiciones de materiales para restringir el uso de materiales de un solo uso y no reciclables,Promulgar e aplicar proibições de materiais para restringir materiais de uso único e não recicláveis,"Impose restrictions on single-use or non-recyclable materials (e.g., single-use plastics, Styrofoam bans) to reduce environmental impact and promote the use of sustainable alternatives, contributing to waste reduction and overall environmental conservation.","Imponer restricciones sobre materiales de un solo uso o no reciclables (por ejemplo, prohibiciones de plásticos de un solo uso, Styrofoam) para reducir el impacto ambiental y promover el uso de alternativas sostenibles, contribuyendo a la reducción de residuos y a la conservación ambiental en general.","Impor restrições a materiais de uso único ou não recicláveis (por exemplo, proibição de plásticos de uso único, isopor) para reduzir o impacto ambiental e promover o uso de alternativas sustentáveis, contribuindo para a redução de resíduos e a conservação ambiental em geral.",The city enacts and enforces bans on single-use and non-recyclable materials.,La ciudad promulga y hace cumplir prohibiciones sobre materiales de un solo uso y no reciclables.,A cidade promulga e aplica proibições a materiais de uso único e não recicláveis.,Single-use and non-recyclable materials are removed from circulation.,Los materiales de un solo uso y no reciclables se retiran de circulación.,Materiais de uso único e não recicláveis são retirados de circulação.,positive,very low,1,expert review,III,[1],"[""III.1.1""]","{""water_quality"": {""impactRelationship"": ""positive"", ""impactText"": ""low"", ""impactNumeric"": 1, ""methodology"": ""expert review""}}"
c40_0035,mitigation,Optmize waste management systems,"Improve the efficiency of waste management systems, throught the development ou actualization of municipal planning or strategies and implementation of alterntives to expand the service coverage to more areas of the municipality, increase energy efficiency, segregated collection, adequate treatment, promote sustainable waste disposal practices, improve the monitoring of regular disposal and waste deposits, reduce resource consumption and minimize environmental impact.","The city develops municipal waste plans and expands collection, treatment, and disposal monitoring.",Waste management systems cover more of the city with higher efficiency.,planning,intervention,medium,<5 years,c40,expert_reviewed,Optmize waste management systems,,,"Improve the efficiency of waste management systems, throught the development ou actualization of municipal planning or strategies and implementation of alterntives to expand the service coverage to more areas of the municipality, increase energy efficiency, segregated collection, adequate treatment, promote sustainable waste disposal practices, improve the monitoring of regular disposal and waste deposits, reduce resource consumption and minimize environmental impact.",,,"The city develops municipal waste plans and expands collection, treatment, and disposal monitoring.",,,Waste management systems cover more of the city with higher efficiency.,,,positive,very low,1,expert review,III,[1],"[""III.1.1""]","{""cost_of_living"": {""impactRelationship"": ""positive"", ""impactText"": ""low"", ""impactNumeric"": 1, ""methodology"": ""expert review""}, ""habitat"": {""impactRelationship"": ""positive"", ""impactText"": ""low"", ""impactNumeric"": 1, ""methodology"": ""expert review""}, ""stakeholder_engagement"": {""impactRelationship"": ""positive"", ""impactText"": ""low"", ""impactNumeric"": 1, ""methodology"": ""expert review""}, ""water_quality"": {""impactRelationship"": ""positive"", ""impactText"": ""low"", ""impactNumeric"": 1, ""methodology"": ""expert review""}}"
c40_0036,mitigation,Upgrade Landfills to Engineered Sanitary Landfills with Gas Capture.,"Upgrade Landfills to Engineered Sanitary Landfills with Gas Capture. strategies focus on responsible and sustainable landfill practices to minimize environmental degradation. By adopting effective management techniques, cities aim to reduce the ecological footprint associated with landfill sites and encourage waste reduction.",The city upgrades landfills to engineered sanitary facilities with gas capture.,Landfill methane is captured rather than vented.,infrastructure,intervention,medium,<5 years,c40,expert_reviewed,Upgrade Landfills to Engineered Sanitary Landfills with Gas Capture.,Actualizar los vertederos a rellenos sanitarios diseñados con captura de gases.,Atualizar aterros para aterros sanitários de engenharia com captura de gás.,"Upgrade Landfills to Engineered Sanitary Landfills with Gas Capture. strategies focus on responsible and sustainable landfill practices to minimize environmental degradation. By adopting effective management techniques, cities aim to reduce the ecological footprint associated with landfill sites and encourage waste reduction.","""Actualizar los vertederos a vertederos sanitarios diseñados con captura de gases."" Las estrategias se centran en prácticas responsables y sostenibles de gestión de vertederos para minimizar la degradación ambiental. Al adoptar técnicas de gestión eficaces, las ciudades buscan reducir la huella ecológica asociada a los vertederos y fomentar la reducción de residuos.","Atualizar aterros para aterros sanitários de engenharia com captura de gás. As estratégias focam em práticas responsáveis e sustentáveis de gestão de aterros para minimizar a degradação ambiental. Ao adotar técnicas de gestão eficazes, as cidades buscam reduzir a pegada ecológica associada a aterros e incentivar a redução de resíduos.",The city upgrades landfills to engineered sanitary facilities with gas capture.,La ciudad moderniza vertederos para convertirlos en rellenos sanitarios diseñados con captura de gas.,A cidade moderniza aterros para instalações sanitárias de engenharia com captura de gás.,Landfill methane is captured rather than vented.,El metano de los vertederos se captura en lugar de liberarse.,O metano de aterros é capturado em vez de liberado.,positive,very low,1,expert review,III,[1],"[""III.1.1""]","{""air_quality"": {""impactRelationship"": ""positive"", ""impactText"": ""low"", ""impactNumeric"": 1, ""methodology"": ""expert review""}, ""water_quality"": {""impactRelationship"": ""positive"", ""impactText"": ""low"", ""impactNumeric"": 1, ""methodology"": ""expert review""}}"
c40_0037,mitigation,"Implement residential and business segregated collection of recyclables, organic, and residual waste","Establish citywide three-bin waste separation systems-recyclables, organic waste, and residual waste, for households and businesses. Municipal governments play a central role by organizing segregated collection, running awareness campaigns, and providing training and engagement programs to ensure residents and businesses adopt correct waste sorting practices. Clear communication, adequate infrastructure, and continuous monitoring make this action scalable and practical for cities of all sizes, improving recycling rates and reducing landfill dependency. Cities should ensure universal coverage, address underserved areas, and monitor illegal dumping to achieve full implementation of segregated collection. Ensure that both dry and organic materials are collected separately, and strengthen recycling cooperatives as part of the system’s implementation.",The city establishes citywide three-bin waste collection.,"Households and businesses separate recyclables, organics, and residual waste at source.",program,intervention,medium,<5 years,c40,expert_reviewed,"Implement residential and business segregated collection of recyclables, organic, and residual waste","Implementar la recolección segregada de residuos reciclables, orgánicos y residuales en viviendas y negocios","Implementar coleta segregada de recicláveis, orgânicos e resíduos rejeitos em residências e negócios","Establish citywide three-bin waste separation systems-recyclables, organic waste, and residual waste, for households and businesses. Municipal governments play a central role by organizing segregated collection, running awareness campaigns, and providing training and engagement programs to ensure residents and businesses adopt correct waste sorting practices. Clear communication, adequate infrastructure, and continuous monitoring make this action scalable and practical for cities of all sizes, improving recycling rates and reducing landfill dependency. Cities should ensure universal coverage, address underserved areas, and monitor illegal dumping to achieve full implementation of segregated collection. Ensure that both dry and organic materials are collected separately, and strengthen recycling cooperatives as part of the system’s implementation.","Establecer sistemas de separación de residuos en tres contenedores a nivel ciudad: reciclables, residuos orgánicos y residuos no reciclables, tanto para hogares como para empresas. Los gobiernos municipales desempeñan un papel central al organizar la recolección segregada, realizar campañas de concienciación y ofrecer programas de formación y participación para asegurar que los residentes y las empresas adopten prácticas correctas de separación de residuos. Una comunicación clara, infraestructura adecuada y monitoreo continuo hacen que esta acción sea escalable y práctica para ciudades de todos los tamaños, mejorando las tasas de reciclaje y reduciendo la dependencia de los vertederos. Las ciudades deben garantizar la cobertura universal, atender las áreas desatendidas y monitorear los vertidos ilegales para lograr la implementación total de la recolección segregada. Asegurar que tanto los materiales secos como los orgánicos se recojan por separado y fortalecer las cooperativas de reciclaje como parte de la implementación del sistema.","Estabelecer sistemas de separação de resíduos em três recipientes em toda a cidade — recicláveis, resíduos orgânicos e rejeitos — para residências e empresas. Os governos municipais têm papel central ao organizar a coleta segregada, realizar campanhas de conscientização e oferecer programas de capacitação e engajamento para garantir que residentes e empresas adotem práticas corretas de separação de resíduos. Comunicação clara, infraestrutura adequada e monitoramento contínuo tornam esta ação escalável e prática para cidades de todos os portes, melhorando as taxas de reciclagem e reduzindo a dependência de aterros. As cidades devem garantir cobertura universal, atender áreas desassistidas e monitorar descarte ilegal para alcançar a implementação plena da coleta segregada. Garantir que materiais secos e orgânicos sejam coletados separadamente e fortalecer cooperativas de reciclagem como parte da implementação do sistema.",The city establishes citywide three-bin waste collection.,La ciudad establece la recolección segregada en tres flujos a nivel de toda la ciudad.,A cidade estabelece coleta segregada em três fluxos em toda a cidade.,"Households and businesses separate recyclables, organics, and residual waste at source.","Los hogares y negocios separan reciclables, orgánicos y residuos residuales en el origen.","Residências e negócios separam recicláveis, orgânicos e rejeitos na origem.",positive,very low,1,expert review,III,[1],"[""III.1.1""]",{}
c40_0040,mitigation,Implement Volume-Based Collection policy,Implement volume based collection fees that reward generators that geneerate less waste and impose higher fees on larger generators. This policy should incentivize waste reduction in the cities.,The city implements a volume-based waste collection fee policy.,Waste generation falls in response to volume-based fees.,regulatory,intervention,low,5-10 years,c40,expert_reviewed,Implement Volume-Based Collection policy,Implementar la política de recolección basada en volumen,Implementar política de coleta baseada em volume,Implement volume based collection fees that reward generators that geneerate less waste and impose higher fees on larger generators. This policy should incentivize waste reduction in the cities.,Implementar tarifas de recolección basadas en el volumen que recompensen a los generadores que produzcan menos residuos e impongan tarifas más altas a los generadores más grandes. Esta política debería incentivar la reducción de residuos en las ciudades.,Implementar tarifas de coleta baseadas em volume que recompensem geradores que produzem menos resíduos e imponham tarifas maiores a grandes geradores. Essa política deve incentivar a redução de resíduos nas cidades.,The city implements a volume-based waste collection fee policy.,La ciudad implementa una política de tarifas de recolección de residuos basada en volumen.,A cidade implementa uma política de tarifa de coleta de resíduos baseada em volume.,Waste generation falls in response to volume-based fees.,La generación de residuos disminuye en respuesta a tarifas basadas en volumen.,A geração de resíduos diminui em resposta a tarifas baseadas em volume.,positive,very low,1,expert review,III,[1],"[""III.1.1""]",{}
c40_0042,mitigation,Expand urban and peri-urban green spaces,"Expand and connect green spaces in cities and surrounding areas. This could include street tree planting, establishing green corridors, and developing pocket or largescale parks. Such efforts have many significant, long-lasting benefits. Increasing green space will enhance carbon sequestration and biodiversity. Green spaces improve climate resilience by providing shade, reducing the urban heat island effect and managing flood water. They also improve wellbeing, health and access to nature, while reducing noise and helping tackle air pollution. By integrating these measures into urban planning, cities can strengthen ecosystem services, improve resilience, and contribute to mitigation targets.","The city plants, expands, and connects green spaces across the urban area.",Urban and peri-urban green-space cover increases.,infrastructure,intervention,low,5-10 years,c40,expert_reviewed,Expand urban and peri-urban green spaces,,,"Expand and connect green spaces in cities and surrounding areas. This could include street tree planting, establishing green corridors, and developing pocket or largescale parks. Such efforts have many significant, long-lasting benefits. Increasing green space will enhance carbon sequestration and biodiversity. Green spaces improve climate resilience by providing shade, reducing the urban heat island effect and managing flood water. They also improve wellbeing, health and access to nature, while reducing noise and helping tackle air pollution. By integrating these measures into urban planning, cities can strengthen ecosystem services, improve resilience, and contribute to mitigation targets.",,,"The city plants, expands, and connects green spaces across the urban area.",,,Urban and peri-urban green-space cover increases.,,,positive,low,2,expert review,V,[2],"[""V.2""]","{""air_quality"": {""impactRelationship"": ""positive"", ""impactText"": ""low"", ""impactNumeric"": 1, ""methodology"": ""expert review""}, ""habitat"": {""impactRelationship"": ""positive"", ""impactText"": ""low"", ""impactNumeric"": 1, ""methodology"": ""expert review""}, ""water_quality"": {""impactRelationship"": ""positive"", ""impactText"": ""low"", ""impactNumeric"": 1, ""methodology"": ""expert review""}}"
c40_0071,mitigation,Promote the phase out the reliance on fossil fuels for cooking (in favour of high-efficiency electric cookstoves such as induction stoves).,"Promote the phase out the reliance on fossil fuels for cooking encourage environmentally friendly cooking practices, including the use of energy-efficient appliances and sustainable cooking methods. This strategy promotes resource conservation and contributes to overall sustainability in food preparation.",The city promotes electric cookstove adoption.,Households shift from fossil-fuel cooking to high-efficiency electric stoves.,program,intervention,low,5-10 years,c40,expert_reviewed,Promote the phase out the reliance on fossil fuels for cooking (in favour of high-efficiency electric cookstoves such as induction stoves).,"Promover la eliminación progresiva de la dependencia de los combustibles fósiles para cocinar (a favor de cocinas eléctricas de alta eficiencia, como las cocinas de inducción).","Promover a eliminação gradual da dependência de combustíveis fósseis para cozinhar (em favor de fogões elétricos de alta eficiência, como fogões de indução).","Promote the phase out the reliance on fossil fuels for cooking encourage environmentally friendly cooking practices, including the use of energy-efficient appliances and sustainable cooking methods. This strategy promotes resource conservation and contributes to overall sustainability in food preparation.","Promover la eliminación progresiva de la dependencia de los combustibles fósiles para la cocina, fomentando prácticas de cocina respetuosas con el medio ambiente, incluyendo el uso de electrodomésticos energéticamente eficientes y métodos de cocina sostenibles. Esta estrategia promueve la conservación de los recursos y contribuye a la sostenibilidad general en la preparación de alimentos.","Promover a eliminação gradual da dependência de combustíveis fósseis para cozinhar incentiva práticas de preparo de alimentos ambientalmente responsáveis, incluindo o uso de eletrodomésticos energeticamente eficientes e métodos de cozinha sustentáveis. Essa estratégia promove a conservação de recursos e contribui para a sustentabilidade geral na preparação de alimentos.",The city promotes electric cookstove adoption.,La ciudad promueve la adopción de cocinas eléctricas eficientes.,A cidade promove a adoção de fogões elétricos eficientes.,Households shift from fossil-fuel cooking to high-efficiency electric stoves.,Los hogares cambian de cocción con combustibles fósiles a cocinas eléctricas de alta eficiencia.,As famílias migram de cozinhar com combustíveis fósseis para fogões elétricos de alta eficiência.,positive,very low,1,expert review,I,[1],"[""I.1.1""]",{}
ipcc_0001,mitigation,Promote compact urban form and transit-oriented development,"Encourages compact and mixed-use urban development to reduce travel distances, car dependency, and related GHG emissions. Measures include transit-oriented development (TOD), zoning reforms, densification around transport corridors, and integration of land use and mobility planning. Particularly suited for larger cities with the capacity to update master plans and invest in transit infrastructure.",The city promotes transit-oriented development and densification around transport corridors.,Urban form becomes more compact and mixed-use.,planning,intervention,high,>10 years,ipcc,expert_reviewed,Promote compact urban form and transit-oriented development,Promover un desarrollo urbano compacto y orientado al transporte público,Promover a forma urbana compacta e o desenvolvimento orientado para o transporte coletivo,"Encourages compact and mixed-use urban development to reduce travel distances, car dependency, and related GHG emissions. Measures include transit-oriented development (TOD), zoning reforms, densification around transport corridors, and integration of land use and mobility planning. Particularly suited for larger cities with the capacity to update master plans and invest in transit infrastructure.","Fomenta el desarrollo urbano compacto y de uso mixto para reducir las distancias de viaje, la dependencia del automóvil y las emisiones de GEI asociadas. Las medidas incluyen el desarrollo orientado al transporte público (TOD), reformas de zonificación, densificación alrededor de los corredores de transporte e integración de la planificación del uso del suelo y la movilidad. Especialmente adecuado para ciudades grandes con capacidad para actualizar planes maestros e invertir en infraestructura de transporte público.","Incentiva o desenvolvimento urbano compacto e de uso misto para reduzir distâncias de deslocamento, dependência de carros e as emissões de GEE associadas. As medidas incluem desenvolvimento orientado ao transporte público (TOD), reformas de zoneamento, adensamento ao longo de corredores de transporte e integração do planejamento do uso do solo e da mobilidade. Especialmente adequado para cidades maiores com capacidade de atualizar planos diretores e investir em infraestrutura de transporte coletivo.",The city promotes transit-oriented development and densification around transport corridors.,La ciudad promueve el desarrollo orientado al tránsito y la densificación alrededor de los corredores de transporte.,A cidade promove o desenvolvimento orientado para o trânsito e a densificação em torno dos corredores de transporte.,Urban form becomes more compact and mixed-use.,La forma urbana se vuelve más compacta y de uso mixto.,A forma urbana torna-se mais compacta e de uso misto.,positive,very low,1,expert review,II,[1],"[""II.1.1""]","{""air_quality"": {""impactRelationship"": ""positive"", ""impactText"": ""low"", ""impactNumeric"": 1, ""methodology"": ""expert review""}, ""cost_of_living"": {""impactRelationship"": ""positive"", ""impactText"": ""low"", ""impactNumeric"": 1, ""methodology"": ""expert review""}, ""housing"": {""impactRelationship"": ""positive"", ""impactText"": ""low"", ""impactNumeric"": 1, ""methodology"": ""expert review""}, ""mobility"": {""impactRelationship"": ""positive"", ""impactText"": ""low"", ""impactNumeric"": 1, ""methodology"": ""expert review""}, ""stakeholder_engagement"": {""impactRelationship"": ""positive"", ""impactText"": ""low"", ""impactNumeric"": 1, ""methodology"": ""expert review""}}"
ipcc_0023,mitigation,Design products with lightweight materials,"This action involves improving material efficiency by designing lighter products, optimizing material usage to maintain functionality, and incorporating circular economy principles such as reusability, repairability, and recyclability. It spans the entire product lifecycle, from design to end-of-life management.",The city promotes lightweight and circular product design.,Products are designed with less material and higher circularity.,program,intervention,high,5-10 years,ipcc,expert_reviewed,Design products with lightweight materials,Diseñar productos con materiales ligeros,Projetar produtos com materiais leves,"This action involves improving material efficiency by designing lighter products, optimizing material usage to maintain functionality, and incorporating circular economy principles such as reusability, repairability, and recyclability. It spans the entire product lifecycle, from design to end-of-life management.","Esta acción implica mejorar la eficiencia de los materiales mediante el diseño de productos más ligeros, la optimización del uso de materiales para mantener la funcionalidad e incorporar principios de economía circular como la reutilización, la reparabilidad y la reciclabilidad. Abarca todo el ciclo de vida del producto, desde el diseño hasta la gestión al final de su vida útil.","Esta ação envolve melhorar a eficiência dos materiais por meio do design de produtos mais leves, otimizando o uso de materiais para manter a funcionalidade e incorporando princípios da economia circular, como reutilização, reparabilidade e reciclabilidade. Ela abrange todo o ciclo de vida do produto, desde o design até a gestão do fim de vida.",The city promotes lightweight and circular product design.,La ciudad promueve el diseño de productos ligeros y circulares.,A cidade promove design de produtos leves e circulares.,Products are designed with less material and higher circularity.,Los productos están diseñados con menos material y mayor circularidad.,Os produtos são projetados com menos material e maior circularidade.,positive,low,2,expert review,IV,[1],"[""IV.1""]","{""air_quality"": {""impactRelationship"": ""positive"", ""impactText"": ""low"", ""impactNumeric"": 1, ""methodology"": ""expert review""}}"
ipcc_0024,mitigation,Improve material utilization efficiency in production,"This action focuses on enhancing material efficiency by adopting near-net shape casting and similar innovative manufacturing techniques. These methods reduce material wastage during production, improve yield from raw materials, and enhance energy efficiency by minimizing reprocessing. Strategies include optimizing product design, lightweighting, and improving recycling and reuse processes.",,Manufacturing raises yield from raw materials.,,outcome,high,5-10 years,ipcc,expert_reviewed,Improve material utilization efficiency in production,Mejorar la eficiencia en la utilización de materiales en la producción,Melhorar a eficiência da utilização de materiais na produção,"This action focuses on enhancing material efficiency by adopting near-net shape casting and similar innovative manufacturing techniques. These methods reduce material wastage during production, improve yield from raw materials, and enhance energy efficiency by minimizing reprocessing. Strategies include optimizing product design, lightweighting, and improving recycling and reuse processes.","Esta acción se centra en mejorar la eficiencia de los materiales mediante la adopción de técnicas innovadoras de fabricación como la fundición de forma casi neta y métodos similares. Estos métodos reducen el desperdicio de material durante la producción, mejoran el rendimiento de las materias primas y aumentan la eficiencia energética al minimizar el reprocesamiento. Las estrategias incluyen la optimización del diseño de productos, la reducción de peso y la mejora de los procesos de reciclaje y reutilización.","Esta ação foca em aumentar a eficiência do uso de materiais por meio da adoção de técnicas inovadoras de fabricação, como a fundição near-net shape e similares. Esses métodos reduzem o desperdício de material durante a produção, melhoram o aproveitamento das matérias-primas e aumentam a eficiência energética ao minimizar o retrabalho. As estratégias incluem a otimização do design dos produtos, redução de peso e aprimoramento dos processos de reciclagem e reutilização.",,,,Manufacturing raises yield from raw materials.,La manufactura aumenta el rendimiento de las materias primas.,A fabricação aumenta o rendimento das matérias-primas.,positive,low,2,expert review,IV,[1],"[""IV.1""]","{""air_quality"": {""impactRelationship"": ""positive"", ""impactText"": ""low"", ""impactNumeric"": 1, ""methodology"": ""expert review""}}"
ipcc_0025,mitigation,"Design for Recovery, Reuse, or Repurposing","This action involves designing products to enable circular principles such as extended product life, reusability, repairability, and ease of recycling. It emphasizes lightweighting, material optimization, and improved recovery of materials at the end of their lifecycle through reuse, remanufacturing, or recycling.",The city promotes circular product design principles.,"Products are designed for reuse, repair, and recycling.",program,intervention,high,5-10 years,ipcc,expert_reviewed,"Design for Recovery, Reuse, or Repurposing","Diseñar para la recuperación, reutilización o revalorización","Projetar para Recuperação, Reutilização ou Reaproveitamento","This action involves designing products to enable circular principles such as extended product life, reusability, repairability, and ease of recycling. It emphasizes lightweighting, material optimization, and improved recovery of materials at the end of their lifecycle through reuse, remanufacturing, or recycling.","Esta acción implica diseñar productos para permitir principios circulares como la extensión de la vida útil del producto, la reutilización, la reparabilidad y la facilidad de reciclaje. Se enfatiza la reducción de peso, la optimización de materiales y la mejora en la recuperación de materiales al final de su ciclo de vida mediante la reutilización, la remanufactura o el reciclaje.","Esta ação envolve o design de produtos para possibilitar princípios circulares, como vida útil prolongada, reutilização, reparabilidade e facilidade de reciclagem. Ela enfatiza a redução de peso, a otimização de materiais e a melhoria na recuperação de materiais ao final de seu ciclo de vida por meio de reutilização, remanufatura ou reciclagem.",The city promotes circular product design principles.,La ciudad promueve principios de diseño de productos circulares.,A cidade promove princípios circulares de design de produtos.,"Products are designed for reuse, repair, and recycling.","Los productos están diseñados para su reutilización, reparación y reciclaje.","Os produtos são projetados para reutilização, reparo e reciclagem.",positive,low,2,expert review,IV,[1],"[""IV.1""]","{""air_quality"": {""impactRelationship"": ""positive"", ""impactText"": ""low"", ""impactNumeric"": 1, ""methodology"": ""expert review""}}"
ipcc_0026,mitigation,Adopt alternative feedstocks in industrial production,"Utilizing alternative feedstocks, such as blast furnace slag, fly ash, and pozzolans, to reduce the clinker-to-cement ratio in cement production. These alternatives lower emissions associated with calcination and energy-intensive processes. Improved material efficiency through high-strength concretes and innovative placement methods further reduces material usage.",,Cement production shifts to alternative feedstocks.,,outcome,high,5-10 years,ipcc,expert_reviewed,Adopt alternative feedstocks in industrial production,Adoptar materias primas alternativas en la producción industrial,Adotar matérias-primas alternativas na produção industrial,"Utilizing alternative feedstocks, such as blast furnace slag, fly ash, and pozzolans, to reduce the clinker-to-cement ratio in cement production. These alternatives lower emissions associated with calcination and energy-intensive processes. Improved material efficiency through high-strength concretes and innovative placement methods further reduces material usage.","Utilizar materias primas alternativas, como escoria de alto horno, cenizas volantes y puzolanas, para reducir la proporción de clínker en la producción de cemento. Estas alternativas disminuyen las emisiones asociadas con la calcinación y los procesos de alta demanda energética. Una mayor eficiencia en el uso de materiales mediante concretos de alta resistencia y métodos innovadores de colocación reduce aún más el consumo de materiales.","Utilizar matérias-primas alternativas, como escória de alto-forno, cinzas volantes e pozolanas, para reduzir a proporção de clínquer no cimento durante a produção. Essas alternativas diminuem as emissões associadas à calcinação e aos processos de alta intensidade energética. A eficiência aprimorada dos materiais, por meio de concretos de alta resistência e métodos inovadores de aplicação, reduz ainda mais o uso de materiais.",,,,Cement production shifts to alternative feedstocks.,La producción de cemento se desplaza hacia materias primas alternativas.,A produção de cimento muda para matérias-primas alternativas.,positive,high,4,expert review,IV,[1],"[""IV.1""]","{""air_quality"": {""impactRelationship"": ""positive"", ""impactText"": ""low"", ""impactNumeric"": 1, ""methodology"": ""expert review""}}"
ipcc_0028,mitigation,"Behavioral Changes for Reduced Waste (e.g., Food)","Encouraging behavioral changes to reduce waste in industrial processes and consumer habits, particularly in food production and consumption. This includes reducing food waste through better planning, optimizing portion sizes, and improving recycling and reuse practices in production and post-consumption stages.",,Food waste falls across production and consumption.,,outcome,high,5-10 years,ipcc,expert_reviewed,"Behavioral Changes for Reduced Waste (e.g., Food)","Cambios de comportamiento para reducir los residuos (por ejemplo, alimentos)","Mudanças de comportamento para redução de resíduos (por exemplo, alimentos)","Encouraging behavioral changes to reduce waste in industrial processes and consumer habits, particularly in food production and consumption. This includes reducing food waste through better planning, optimizing portion sizes, and improving recycling and reuse practices in production and post-consumption stages.","Fomentar cambios de comportamiento para reducir los residuos en los procesos industriales y los hábitos de consumo, especialmente en la producción y el consumo de alimentos. Esto incluye reducir el desperdicio de alimentos mediante una mejor planificación, la optimización de los tamaños de las porciones y la mejora de las prácticas de reciclaje y reutilización en las etapas de producción y postconsumo.","Incentivar mudanças de comportamento para reduzir o desperdício nos processos industriais e nos hábitos de consumo, especialmente na produção e no consumo de alimentos. Isso inclui a redução do desperdício de alimentos por meio de um melhor planejamento, otimização do tamanho das porções e aprimoramento das práticas de reciclagem e reutilização nas etapas de produção e pós-consumo.",,,,Food waste falls across production and consumption.,El desperdicio de alimentos se distribuye entre la producción y el consumo.,O desperdício de alimentos repercute na produção e no consumo.,positive,low,2,expert review,V,[2],"[""V.2""]",{}
ipcc_0031,mitigation,Enhanced product service levels per product (e.g. product sharing),"Promotes more intensive use of durable products by encouraging product sharing, which reduces the demand for new products and the associated GHG emissions from their manufacturing and supply chain.",,Durable products are used more intensively through sharing.,,outcome,high,5-10 years,ipcc,expert_reviewed,Enhanced product service levels per product (e.g. product sharing),"Niveles de servicio de producto mejorados por producto (por ejemplo, compartición de productos)","Níveis de serviço de produto aprimorados por produto (por exemplo, compartilhamento de produtos)","Promotes more intensive use of durable products by encouraging product sharing, which reduces the demand for new products and the associated GHG emissions from their manufacturing and supply chain.","Promueve un uso más intensivo de productos duraderos fomentando el intercambio de productos, lo que reduce la demanda de nuevos productos y las emisiones de GEI asociadas a su fabricación y cadena de suministro.","Promove o uso mais intensivo de produtos duráveis ao incentivar o compartilhamento de produtos, o que reduz a demanda por novos produtos e as emissões de GEE associadas à sua fabricação e cadeia de suprimentos.",,,,Durable products are used more intensively through sharing.,Los productos duraderos se utilizan más intensamente compartiéndolos.,Produtos duráveis ​​são usados ​​mais intensamente através do compartilhamento.,positive,low,2,expert review,IV,[1],"[""IV.1""]","{""mobility"": {""impactRelationship"": ""positive"", ""impactText"": ""low"", ""impactNumeric"": 1, ""methodology"": ""expert review""}, ""stakeholder_engagement"": {""impactRelationship"": ""positive"", ""impactText"": ""low"", ""impactNumeric"": 1, ""methodology"": ""expert review""}}"
ipcc_0033,mitigation,Improve product maintenance to extend lifespan,Extending the lifespan of buildings and infrastructure by maintaining their structural integrity through improved product stock maintenance. This involves ensuring concrete structures remain functional for over 200 years.,,Buildings and infrastructure remain structurally sound for longer.,,outcome,high,5-10 years,ipcc,expert_reviewed,Improve product maintenance to extend lifespan,Mejorar el mantenimiento de los productos para extender su vida útil,Melhorar a manutenção dos produtos para prolongar a vida útil,Extending the lifespan of buildings and infrastructure by maintaining their structural integrity through improved product stock maintenance. This involves ensuring concrete structures remain functional for over 200 years.,Ampliar la vida útil de los edificios e infraestructuras mediante el mantenimiento de su integridad estructural a través de una mejor gestión del stock de productos. Esto implica asegurar que las estructuras de hormigón permanezcan funcionales durante más de 200 años.,Prolongar a vida útil de edifícios e infraestruturas mantendo sua integridade estrutural por meio de uma melhor manutenção do estoque de produtos. Isso envolve garantir que estruturas de concreto permaneçam funcionais por mais de 200 anos.,,,,Buildings and infrastructure remain structurally sound for longer.,Los edificios y la infraestructura permanecen estructuralmente sólidos por más tiempo.,Os edifícios e as infraestruturas permanecem estruturalmente sólidos durante mais tempo.,positive,medium,3,expert review,IV,[1],"[""IV.1""]","{""air_quality"": {""impactRelationship"": ""positive"", ""impactText"": ""low"", ""impactNumeric"": 1, ""methodology"": ""expert review""}}"
ipcc_0034,mitigation,Promote consumer behavior focused on sufficiency and reduced consumption,"Promotes behavioral and consumption changes to reduce overall industrial emissions, emphasizing reduced demand for products, reuse and recycling, and more efficient use of resources.",The city promotes behavioural and consumption change toward sufficiency.,Consumption patterns shift toward sufficiency.,program,intervention,high,5-10 years,ipcc,expert_reviewed,Promote consumer behavior focused on sufficiency and reduced consumption,Promover un comportamiento del consumidor enfocado en la suficiencia y la reducción del consumo,Promover o comportamento do consumidor focado na suficiência e na redução do consumo,"Promotes behavioral and consumption changes to reduce overall industrial emissions, emphasizing reduced demand for products, reuse and recycling, and more efficient use of resources.","Promueve cambios en el comportamiento y el consumo para reducir las emisiones industriales totales, haciendo hincapié en la disminución de la demanda de productos, la reutilización y el reciclaje, y un uso más eficiente de los recursos.","Promove mudanças de comportamento e de consumo para reduzir as emissões industriais totais, enfatizando a diminuição da demanda por produtos, a reutilização e a reciclagem, além do uso mais eficiente dos recursos.",The city promotes behavioural and consumption change toward sufficiency.,La ciudad promueve cambios de comportamiento y consumo hacia la suficiencia.,A cidade promove mudanças comportamentais e de consumo em direção à suficiência.,Consumption patterns shift toward sufficiency.,Los patrones de consumo se desplazan hacia la suficiencia.,Os padrões de consumo mudam em direção à suficiência.,positive,medium,3,expert review,V,[2],"[""V.2""]",{}
ipcc_0037,mitigation,Adopt net-zero-emissions materials and supply chains,"Transition to net-zero embodied carbon in construction by substituting emissions-intensive materials (e.g., steel, concrete) with engineered timber systems (including mass timber for mid-rise buildings) and by integrating circular practices (reuse, recycling, design for disassembly). Prioritize certified sustainable forestry (e.g., FSC/PEFC), cascading use, and no-deforestation safeguards, ensuring timber use does not conflict with energy feedstocks. Use lifecycle assessment to guide material choices and supply-chain improvements.",,Construction shifts to net-zero embodied-carbon materials and supply chains.,,outcome,high,>10 years,ipcc,expert_reviewed,Adopt net-zero-emissions materials and supply chains,Adoptar materiales y cadenas de suministro con emisiones netas cero,Adotar materiais e cadeias de suprimentos com emissões líquidas zero,"Transition to net-zero embodied carbon in construction by substituting emissions-intensive materials (e.g., steel, concrete) with engineered timber systems (including mass timber for mid-rise buildings) and by integrating circular practices (reuse, recycling, design for disassembly). Prioritize certified sustainable forestry (e.g., FSC/PEFC), cascading use, and no-deforestation safeguards, ensuring timber use does not conflict with energy feedstocks. Use lifecycle assessment to guide material choices and supply-chain improvements.","Transición hacia carbono incorporado neto cero en la construcción mediante la sustitución de materiales con altas emisiones (por ejemplo, acero, hormigón) por sistemas de madera ingenierizada (incluida la madera maciza para edificios de mediana altura) y la integración de prácticas circulares (reutilización, reciclaje, diseño para el desmontaje). Priorizar la silvicultura sostenible certificada (por ejemplo, FSC/PEFC), el uso en cascada y salvaguardas contra la deforestación, asegurando que el uso de la madera no entre en conflicto con los insumos energéticos. Utilizar la evaluación del ciclo de vida para guiar la selección de materiales y las mejoras en la cadena de suministro.","Transição para carbono incorporado líquido zero na construção, substituindo materiais com altas emissões (por exemplo, aço, concreto) por sistemas de madeira engenheirada (incluindo madeira maciça para edifícios de média altura) e integrando práticas circulares (reutilização, reciclagem, design para desmontagem). Priorizar o manejo florestal sustentável certificado (por exemplo, FSC/PEFC), uso em cascata e salvaguardas contra o desmatamento, garantindo que o uso da madeira não entre em conflito com matérias-primas para energia. Utilizar avaliação do ciclo de vida para orientar a escolha de materiais e melhorias na cadeia de suprimentos.",,,,Construction shifts to net-zero embodied-carbon materials and supply chains.,La construcción cambia hacia materiales y cadenas de suministro con emisiones netas de carbono incorporado.,A construção muda para materiais e cadeias de abastecimento com carbono incorporado e zero líquido.,positive,medium,3,expert review,IV,[2],"[""IV.2""]","{""air_quality"": {""impactRelationship"": ""positive"", ""impactText"": ""low"", ""impactNumeric"": 1, ""methodology"": ""expert review""}}"
ipcc_0038,mitigation,Stimulate solar energy production in industrial facilities,Encourage the installation of solar energy systems in factories to reduce dependence on fossil fuels and minimize associated emissions.,The city encourages solar installations in industrial facilities.,Industrial facilities generate more of their energy from on-site solar.,infrastructure,intervention,high,5-10 years,ipcc,expert_reviewed,Stimulate solar energy production in industrial facilities,Estimular la producción de energía solar en instalaciones industriales,Estimular a produção de energia solar em instalações industriais,Encourage the installation of solar energy systems in factories to reduce dependence on fossil fuels and minimize associated emissions.,Fomentar la instalación de sistemas de energía solar en las fábricas para reducir la dependencia de los combustibles fósiles y minimizar las emisiones asociadas.,Incentivar a instalação de sistemas de energia solar em fábricas para reduzir a dependência de combustíveis fósseis e minimizar as emissões associadas.,The city encourages solar installations in industrial facilities.,La ciudad fomenta las instalaciones solares en instalaciones industriales.,A cidade incentiva instalações solares em instalações industriais.,Industrial facilities generate more of their energy from on-site solar.,Las instalaciones industriales generan una mayor parte de su energía a partir de energía solar in situ.,As instalações industriais geram mais energia a partir da energia solar local.,positive,low,2,expert review,IV,[2],"[""IV.2""]","{""air_quality"": {""impactRelationship"": ""positive"", ""impactText"": ""low"", ""impactNumeric"": 1, ""methodology"": ""expert review""}}"
ipcc_0039,mitigation,Promote the substitution of traditional materials with sustainable alternatives,"Stimulate the replacement of conventional materials in consumer goods with alternatives from Brazil's bioeconomy, such as sugarcane-based bioplastics, high-quality recycled polymers, bio-textiles made from biomass fibers or agricultural waste such as açaí seeds and coconut husks.",The city promotes material substitution toward sustainable alternatives.,Conventional materials are replaced with sustainable bioeconomy alternatives.,program,intervention,high,>10 years,ipcc,expert_reviewed,Promote the substitution of traditional materials with sustainable alternatives,Promover la sustitución de materiales tradicionales por alternativas sostenibles,Promover a substituição de materiais tradicionais por alternativas sustentáveis,"Stimulate the replacement of conventional materials in consumer goods with alternatives from Brazil's bioeconomy, such as sugarcane-based bioplastics, high-quality recycled polymers, bio-textiles made from biomass fibers or agricultural waste such as açaí seeds and coconut husks.","Estimular la sustitución de materiales convencionales en bienes de consumo por alternativas provenientes de la bioeconomía de Brasil, como bioplásticos a base de caña de azúcar, polímeros reciclados de alta calidad, biotextiles elaborados a partir de fibras de biomasa o residuos agrícolas como semillas de açaí y cáscaras de coco.","Estimular a substituição de materiais convencionais em bens de consumo por alternativas da bioeconomia brasileira, como bioplásticos à base de cana-de-açúcar, polímeros reciclados de alta qualidade, biotêxteis feitos de fibras de biomassa ou resíduos agrícolas como sementes de açaí e cascas de coco.",The city promotes material substitution toward sustainable alternatives.,La ciudad promueve la sustitución material hacia alternativas sustentables.,A cidade promove a substituição de materiais por alternativas sustentáveis.,Conventional materials are replaced with sustainable bioeconomy alternatives.,Los materiales convencionales se sustituyen por alternativas de bioeconomía sostenible.,Os materiais convencionais são substituídos por alternativas de bioeconomia sustentável.,positive,medium,3,expert review,IV,[2],"[""IV.2""]","{""air_quality"": {""impactRelationship"": ""positive"", ""impactText"": ""low"", ""impactNumeric"": 1, ""methodology"": ""expert review""}}"
ipcc_0040,mitigation,Promote industry-government collaborations on emissions reduction,Foster collaborations between industry and government to create policies and incentives for reducing industrial emissions and supporting sustainability goals.,The city fosters industry-government collaboration on emissions reduction.,Industrial emissions policy is co-developed with industry.,planning,intervention,medium,5-10 years,ipcc,expert_reviewed,Promote industry-government collaborations on emissions reduction,Promover colaboraciones entre la industria y el gobierno para la reducción de emisiones,Promover colaborações entre a indústria e o governo para a redução de emissões,Foster collaborations between industry and government to create policies and incentives for reducing industrial emissions and supporting sustainability goals.,Fomentar la colaboración entre la industria y el gobierno para crear políticas e incentivos que reduzcan las emisiones industriales y apoyen los objetivos de sostenibilidad.,Promover colaborações entre a indústria e o governo para criar políticas e incentivos para reduzir as emissões industriais e apoiar metas de sustentabilidade.,The city fosters industry-government collaboration on emissions reduction.,La ciudad fomenta la colaboración entre la industria y el gobierno para la reducción de emisiones.,A cidade promove a colaboração indústria-governo na redução de emissões.,Industrial emissions policy is co-developed with industry.,La política de emisiones industriales se desarrolla conjuntamente con la industria.,A política de emissões industriais é desenvolvida em conjunto com a indústria.,positive,medium,3,expert review,IV,[1],"[""IV.1""]",{}
ipcc_0041,mitigation,Support research into carbon-neutral manufacturing technologies,Invest in research and development of carbon-neutral technologies and encourage their adoption in industrial production.,The city supports R&D into carbon-neutral manufacturing.,Carbon-neutral manufacturing technologies are developed and adopted.,program,intervention,medium,5-10 years,ipcc,expert_reviewed,Support research into carbon-neutral manufacturing technologies,Apoyar la investigación en tecnologías de fabricación neutras en carbono,Apoiar pesquisas em tecnologias de manufatura neutras em carbono,Invest in research and development of carbon-neutral technologies and encourage their adoption in industrial production.,Invertir en investigación y desarrollo de tecnologías neutras en carbono y fomentar su adopción en la producción industrial.,Investir em pesquisa e desenvolvimento de tecnologias neutras em carbono e incentivar sua adoção na produção industrial.,The city supports R&D into carbon-neutral manufacturing.,La ciudad apoya la I+D en la fabricación neutra en carbono.,A cidade apoia P&D em manufatura neutra em carbono.,Carbon-neutral manufacturing technologies are developed and adopted.,Se desarrollan y adoptan tecnologías de fabricación neutras en carbono.,Tecnologias de fabricação neutras em carbono são desenvolvidas e adotadas.,positive,low,2,expert review,IV,[1],"[""IV.1""]",{}
ipcc_0042,mitigation,Set carbon emissions reduction targets for industrial sectors,Establish clear and achievable carbon emissions reduction goals for industries and require periodic reporting to ensure progress.,The city sets carbon emissions reduction targets for industrial sectors.,Industries operate under clear emissions-reduction targets.,regulatory,intervention,high,5-10 years,ipcc,expert_reviewed,Set carbon emissions reduction targets for industrial sectors,Establecer objetivos de reducción de emisiones de carbono para los sectores industriales,Definir metas de redução de emissões de carbono para os setores industriais,Establish clear and achievable carbon emissions reduction goals for industries and require periodic reporting to ensure progress.,Establecer objetivos claros y alcanzables de reducción de emisiones de carbono para las industrias y exigir informes periódicos para garantizar el progreso.,Estabelecer metas claras e alcançáveis de redução de emissões de carbono para as indústrias e exigir relatórios periódicos para garantir o progresso.,The city sets carbon emissions reduction targets for industrial sectors.,La ciudad establece objetivos de reducción de emisiones de carbono para los sectores industriales.,A cidade estabelece metas de redução de emissões de carbono para os setores industriais.,Industries operate under clear emissions-reduction targets.,Las industrias operan bajo objetivos claros de reducción de emisiones.,As indústrias operam sob metas claras de redução de emissões.,positive,medium,3,expert review,IV,[1],"[""IV.1""]","{""stakeholder_engagement"": {""impactRelationship"": ""positive"", ""impactText"": ""low"", ""impactNumeric"": 1, ""methodology"": ""expert review""}}"
ipcc_0043,mitigation,Encourage the Use of Zero-Emission Fuels in Industrial Processes,"Promote the transition to zero-emission energy sources and feedstocks in industrial processes, such as green hydrogen, biogas from sustainable sources, and synthetic e-fuels or chemicals produced with renewable electricity. These alternatives significantly reduce or eliminate process emissions compared to fossil-based fuels. Cities can accelerate this shift by implementing pilot and demonstration projects, establishing green procurement standards, streamlining permitting processes, and creating targeted incentives, all aligned with national and sectoral decarbonization roadmaps.",The city encourages zero-emission fuel use in industry.,Industrial processes shift to zero-emission fuels.,program,intervention,high,5-10 years,ipcc,expert_reviewed,Encourage the Use of Zero-Emission Fuels in Industrial Processes,Fomentar el uso de combustibles de cero emisiones en los procesos industriales,Incentivar o uso de combustíveis de emissão zero em processos industriais,"Promote the transition to zero-emission energy sources and feedstocks in industrial processes, such as green hydrogen, biogas from sustainable sources, and synthetic e-fuels or chemicals produced with renewable electricity. These alternatives significantly reduce or eliminate process emissions compared to fossil-based fuels. Cities can accelerate this shift by implementing pilot and demonstration projects, establishing green procurement standards, streamlining permitting processes, and creating targeted incentives, all aligned with national and sectoral decarbonization roadmaps.","Promover la transición hacia fuentes de energía y materias primas de cero emisiones en los procesos industriales, como el hidrógeno verde, el biogás de fuentes sostenibles y los e-combustibles sintéticos o productos químicos producidos con electricidad renovable. Estas alternativas reducen significativamente o eliminan las emisiones de los procesos en comparación con los combustibles de origen fósil. Las ciudades pueden acelerar este cambio implementando proyectos piloto y de demostración, estableciendo estándares de compras verdes, agilizando los procesos de permisos y creando incentivos específicos, todo ello alineado con las hojas de ruta nacionales y sectoriales de descarbonización.","Promover a transição para fontes de energia e matérias-primas de emissão zero nos processos industriais, como hidrogênio verde, biogás de fontes sustentáveis e e-combustíveis sintéticos ou produtos químicos produzidos com eletricidade renovável. Essas alternativas reduzem significativamente ou eliminam as emissões dos processos em comparação com combustíveis de origem fóssil. As cidades podem acelerar essa mudança implementando projetos-piloto e de demonstração, estabelecendo padrões de compras verdes, simplificando processos de licenciamento e criando incentivos direcionados, todos alinhados com roteiros nacionais e setoriais de descarbonização.",The city encourages zero-emission fuel use in industry.,La ciudad fomenta el uso de combustibles de cero emisiones en la industria.,A cidade incentiva o uso de combustível com emissão zero na indústria.,Industrial processes shift to zero-emission fuels.,Los procesos industriales cambian hacia combustibles de cero emisiones.,Os processos industriais mudam para combustíveis com emissão zero.,positive,medium,3,expert review,IV,[1],"[""IV.1""]",{}
ipcc_0045,mitigation,Transition to renewable energy for industrial operations,"Encourage the shift to renewable energy sources such as wind, solar, and hydroelectric power in industrial operations to reduce fossil fuel use.",,Industrial operations shift to renewable energy.,,outcome,medium,<5 years,ipcc,expert_reviewed,Transition to renewable energy for industrial operations,Transición a energías renovables para las operaciones industriales,Transição para energia renovável nas operações industriais,"Encourage the shift to renewable energy sources such as wind, solar, and hydroelectric power in industrial operations to reduce fossil fuel use.","Fomentar la transición hacia fuentes de energía renovable como la eólica, solar e hidroeléctrica en las operaciones industriales para reducir el uso de combustibles fósiles.","Incentivar a transição para fontes de energia renovável, como eólica, solar e hidrelétrica, nas operações industriais para reduzir o uso de combustíveis fósseis.",,,,Industrial operations shift to renewable energy.,Las operaciones industriales cambian hacia la energía renovable.,As operações industriais mudam para energia renovável.,positive,low,2,expert review,IV,[1],"[""IV.1""]","{""air_quality"": {""impactRelationship"": ""positive"", ""impactText"": ""low"", ""impactNumeric"": 1, ""methodology"": ""expert review""}, ""cost_of_living"": {""impactRelationship"": ""positive"", ""impactText"": ""low"", ""impactNumeric"": 1, ""methodology"": ""expert review""}, ""stakeholder_engagement"": {""impactRelationship"": ""positive"", ""impactText"": ""low"", ""impactNumeric"": 1, ""methodology"": ""expert review""}}"
ipcc_0049,mitigation,Develop and implement circular economy policies,"Circular Economy (CE) policies aim to close the loop for materials and energy flows by reducing, reusing, and recycling resources. These policies promote durable goods, reuse and remanufacturing, industrial symbiosis, and urban symbiosis to minimize waste and reduce GHG emissions. CE policies operate at micro, meso, and macro levels to integrate strategies like eco-design, sustainable supply chains, and urban energy symbiosis.",The city develops and implements circular economy policies.,"Material and energy flows close through reduce, reuse, and recycle strategies.",regulatory,intervention,medium,5-10 years,ipcc,expert_reviewed,Develop and implement circular economy policies,Desarrollar e implementar políticas de economía circular,Desenvolver e implementar políticas de economia circular,"Circular Economy (CE) policies aim to close the loop for materials and energy flows by reducing, reusing, and recycling resources. These policies promote durable goods, reuse and remanufacturing, industrial symbiosis, and urban symbiosis to minimize waste and reduce GHG emissions. CE policies operate at micro, meso, and macro levels to integrate strategies like eco-design, sustainable supply chains, and urban energy symbiosis.","Las políticas de Economía Circular (EC) buscan cerrar el ciclo de los flujos de materiales y energía mediante la reducción, reutilización y reciclaje de recursos. Estas políticas promueven bienes duraderos, la reutilización y la remanufactura, la simbiosis industrial y la simbiosis urbana para minimizar los residuos y reducir las emisiones de GEI. Las políticas de EC operan a nivel micro, meso y macro para integrar estrategias como el ecodiseño, cadenas de suministro sostenibles y la simbiosis energética urbana.","As políticas de Economia Circular (EC) visam fechar o ciclo dos fluxos de materiais e energia por meio da redução, reutilização e reciclagem de recursos. Essas políticas promovem bens duráveis, reutilização e remanufatura, simbiose industrial e simbiose urbana para minimizar resíduos e reduzir as emissões de GEE. As políticas de EC operam nos níveis micro, meso e macro para integrar estratégias como ecodesign, cadeias de suprimentos sustentáveis e simbiose energética urbana.",The city develops and implements circular economy policies.,La ciudad desarrolla e implementa políticas de economía circular.,A cidade desenvolve e implementa políticas de economia circular.,"Material and energy flows close through reduce, reuse, and recycle strategies.","Los flujos de materiales y energía se cierran mediante estrategias de reducción, reutilización y reciclaje.","Os fluxos de materiais e energia fecham-se através de estratégias de redução, reutilização e reciclagem.",positive,medium,3,expert review,IV,[1],"[""IV.1""]",{}
ipcc_0050,mitigation,Create tax incentives for companies adopting clean technologies,"Implement tax incentives and subsidies for companies that invest in clean technologies, leading to substantial emission reductions.",The city creates tax incentives for clean-technology adoption.,Clean-technology adoption by companies accelerates.,financial,intervention,low,<5 years,ipcc,expert_reviewed,Create tax incentives for companies adopting clean technologies,Crear incentivos fiscales para las empresas que adopten tecnologías limpias,Criar incentivos fiscais para empresas que adotam tecnologias limpas,"Implement tax incentives and subsidies for companies that invest in clean technologies, leading to substantial emission reductions.","Implementar incentivos fiscales y subsidios para las empresas que inviertan en tecnologías limpias, lo que conducirá a una reducción sustancial de las emisiones.","Implementar incentivos fiscais e subsídios para empresas que investem em tecnologias limpas, levando a reduções substanciais de emissões.",The city creates tax incentives for clean-technology adoption.,La ciudad crea incentivos fiscales para la adopción de tecnologías limpias.,A cidade cria incentivos fiscais para a adoção de tecnologias limpas.,Clean-technology adoption by companies accelerates.,Se acelera la adopción de tecnologías limpias por parte de las empresas.,A adoção de tecnologias limpas pelas empresas acelera.,positive,low,2,expert review,IV,[1],"[""IV.1""]","{""cost_of_living"": {""impactRelationship"": ""positive"", ""impactText"": ""low"", ""impactNumeric"": 1, ""methodology"": ""expert review""}}"
ipcc_0052,mitigation,Reduce Deforestation and Degradation,Reduce deforestation and forest degradation to conserve carbon sequestered in forest vegetation and soil by avoiding tree cover loss and disturbance. This involves improving forest governance and supporting community forest management. Enhance monitoring and enforcement to prevent illegal deforestation and promote sustainable land use.,,Tree cover loss and forest disturbance are avoided.,,outcome,medium,5-10 years,ipcc,expert_reviewed,Reduce Deforestation and Degradation,Reducir la deforestación y la degradación,Reduzir o Desmatamento e a Degradação,Reduce deforestation and forest degradation to conserve carbon sequestered in forest vegetation and soil by avoiding tree cover loss and disturbance. This involves improving forest governance and supporting community forest management. Enhance monitoring and enforcement to prevent illegal deforestation and promote sustainable land use.,Reducir la deforestación y la degradación de los bosques para conservar el carbono almacenado en la vegetación y el suelo forestal evitando la pérdida de cobertura arbórea y las perturbaciones. Esto implica mejorar la gobernanza forestal y apoyar la gestión comunitaria de los bosques. Fortalecer el monitoreo y la aplicación de la ley para prevenir la deforestación ilegal y promover el uso sostenible del suelo.,"Reduzir o desmatamento e a degradação florestal para conservar o carbono sequestrado na vegetação e no solo das florestas, evitando a perda de cobertura arbórea e distúrbios. Isso envolve melhorar a governança florestal e apoiar a gestão comunitária das florestas. Reforçar o monitoramento e a fiscalização para prevenir o desmatamento ilegal e promover o uso sustentável da terra.",,,,Tree cover loss and forest disturbance are avoided.,Se evita la pérdida de cobertura arbórea y la alteración del bosque.,A perda de cobertura arbórea e a perturbação florestal são evitadas.,positive,high,4,expert review,V,[2],"[""V.2""]","{""air_quality"": {""impactRelationship"": ""positive"", ""impactText"": ""low"", ""impactNumeric"": 1, ""methodology"": ""expert review""}, ""water_quality"": {""impactRelationship"": ""positive"", ""impactText"": ""low"", ""impactNumeric"": 1, ""methodology"": ""expert review""}}"
ipcc_0053,mitigation,"Implement afforestation, reforestation, and forest ecosystem restoration","Advance tree-planting and forest recovery initiatives that strengthen biodiversity, ecosystem services, and carbon sequestration. Afforestation establishes new forests on historically non-forested land, reforestation restores deforested areas, and ecosystem restoration prioritizes native species and ecological integrity. Municipal governments should avoid monocultures, ensure projects deliver long-term benefits, and engage local communities so that restoration efforts provide social, cultural, and economic value alongside environmental gains.","The city implements afforestation, reforestation, and ecosystem restoration.",Forest cover expands and degraded ecosystems are restored.,infrastructure,intervention,high,5-10 years,ipcc,expert_reviewed,"Implement afforestation, reforestation, and forest ecosystem restoration","Implementar la forestación, la reforestación y la restauración de ecosistemas forestales","Implementar o reflorestamento, a aforestação e a restauração de ecossistemas florestais","Advance tree-planting and forest recovery initiatives that strengthen biodiversity, ecosystem services, and carbon sequestration. Afforestation establishes new forests on historically non-forested land, reforestation restores deforested areas, and ecosystem restoration prioritizes native species and ecological integrity. Municipal governments should avoid monocultures, ensure projects deliver long-term benefits, and engage local communities so that restoration efforts provide social, cultural, and economic value alongside environmental gains.","Avanzar en iniciativas de plantación de árboles y recuperación de bosques que fortalezcan la biodiversidad, los servicios ecosistémicos y la captura de carbono. La forestación establece nuevos bosques en tierras que históricamente no eran boscosas, la reforestación restaura áreas deforestadas y la restauración de ecosistemas prioriza las especies nativas y la integridad ecológica. Los gobiernos municipales deben evitar los monocultivos, asegurar que los proyectos generen beneficios a largo plazo e involucrar a las comunidades locales para que los esfuerzos de restauración aporten valor social, cultural y económico junto con beneficios ambientales.","Avançar com iniciativas de plantio de árvores e recuperação florestal que fortaleçam a biodiversidade, os serviços ecossistêmicos e a captura de carbono. A aforestação estabelece novas florestas em áreas historicamente não florestadas, a reflorestação restaura áreas desmatadas e a restauração de ecossistemas prioriza espécies nativas e a integridade ecológica. Os governos municipais devem evitar monoculturas, garantir que os projetos proporcionem benefícios a longo prazo e envolver as comunidades locais para que os esforços de restauração ofereçam valor social, cultural e econômico juntamente com ganhos ambientais.","The city implements afforestation, reforestation, and ecosystem restoration.","La ciudad implementa forestación, reforestación y restauración de ecosistemas.","A cidade implementa florestamento, reflorestamento e restauração de ecossistemas.",Forest cover expands and degraded ecosystems are restored.,La cubierta forestal se expande y se restauran los ecosistemas degradados.,A cobertura florestal expande-se e os ecossistemas degradados são restaurados.,positive,high,4,expert review,V,[2],"[""V.2""]","{""habitat"": {""impactRelationship"": ""positive"", ""impactText"": ""low"", ""impactNumeric"": 1, ""methodology"": ""expert review""}, ""water_quality"": {""impactRelationship"": ""positive"", ""impactText"": ""low"", ""impactNumeric"": 1, ""methodology"": ""expert review""}}"
ipcc_0054,mitigation,Adopt sustainable forest management practices,"Sustainable forest management of already managed forests will increase carbon stocks, improve wood quality, mitigate disturbances, and provide co-benefits like biodiversity conservation, water regulation, and soil protection. Practises include longer rotations, reduced harvesting, mixed stands, and climate-smart forestry, and working with Indigenous Peoples is essential to safeguard their work and practices. Cities can apply these principles if they are responsible for forest management, or partner with those responsible to encourage and support best practice.",,Managed forests accumulate higher carbon stocks under sustainable management practices.,,outcome,high,5-10 years,ipcc,expert_reviewed,Adopt sustainable forest management practices,Adoptar prácticas de gestión forestal sostenible,Adotar práticas de manejo florestal sustentável,"Sustainable forest management of already managed forests will increase carbon stocks, improve wood quality, mitigate disturbances, and provide co-benefits like biodiversity conservation, water regulation, and soil protection. Practises include longer rotations, reduced harvesting, mixed stands, and climate-smart forestry, and working with Indigenous Peoples is essential to safeguard their work and practices. Cities can apply these principles if they are responsible for forest management, or partner with those responsible to encourage and support best practice.","La gestión forestal sostenible de los bosques ya gestionados aumentará las reservas de carbono, mejorará la calidad de la madera, mitigará las perturbaciones y proporcionará co-beneficios como la conservación de la biodiversidad, la regulación del agua y la protección del suelo. Las prácticas incluyen rotaciones más largas, reducción de la tala, bosques mixtos y silvicultura inteligente frente al clima, y trabajar con los Pueblos Indígenas es esencial para salvaguardar su labor y prácticas. Las ciudades pueden aplicar estos principios si son responsables de la gestión forestal, o asociarse con quienes lo son para fomentar y apoyar las mejores prácticas.","O manejo florestal sustentável de florestas já manejadas aumentará os estoques de carbono, melhorará a qualidade da madeira, mitigará distúrbios e proporcionará co-benefícios como conservação da biodiversidade, regulação da água e proteção do solo. As práticas incluem rotações mais longas, redução da extração, povoamentos mistos e silvicultura inteligente para o clima, sendo essencial trabalhar com os Povos Indígenas para salvaguardar seu trabalho e práticas. As cidades podem aplicar esses princípios se forem responsáveis pelo manejo florestal, ou podem se associar com os responsáveis para incentivar e apoiar as melhores práticas.",,,,Managed forests accumulate higher carbon stocks under sustainable management practices.,Los bosques gestionados acumulan mayores reservas de carbono bajo prácticas de gestión sostenible.,As florestas geridas acumulam maiores stocks de carbono sob práticas de gestão sustentável.,positive,medium,3,expert review,V,[2],"[""V.2""]","{""habitat"": {""impactRelationship"": ""positive"", ""impactText"": ""low"", ""impactNumeric"": 1, ""methodology"": ""expert review""}, ""water_quality"": {""impactRelationship"": ""positive"", ""impactText"": ""low"", ""impactNumeric"": 1, ""methodology"": ""expert review""}}"
ipcc_0055,mitigation,"Implement fire management in forests, grasslands, and savannas","Implement fire management practices, including prescribed burning and natural resource management, to reduce uncontrolled wildfires in forests and savannas. Focuses on safeguarding life, property, and resources while mitigating GHG emissions and maintaining carbon stocks. Cities can apply these principles if they are responsible for forest management, or partner with those responsible to encourage and support best practice. Work with Indigenous Peoples to safeguard or support their own burning practices and fire management approaches.",The city implements or partners on fire-management practices.,"Uncontrolled wildfires in forests, grasslands, and savannas are reduced.",infrastructure,intervention,medium,5-10 years,ipcc,expert_reviewed,"Implement fire management in forests, grasslands, and savannas","Implementar la gestión de incendios en bosques, pastizales y sabanas","Implementar o manejo do fogo em florestas, pastagens e savanas","Implement fire management practices, including prescribed burning and natural resource management, to reduce uncontrolled wildfires in forests and savannas. Focuses on safeguarding life, property, and resources while mitigating GHG emissions and maintaining carbon stocks. Cities can apply these principles if they are responsible for forest management, or partner with those responsible to encourage and support best practice. Work with Indigenous Peoples to safeguard or support their own burning practices and fire management approaches.","Implementar prácticas de gestión de incendios, incluyendo quemas prescritas y manejo de recursos naturales, para reducir los incendios forestales incontrolados en bosques y sabanas. Se enfoca en salvaguardar la vida, la propiedad y los recursos, al mismo tiempo que mitiga las emisiones de GEI y mantiene las reservas de carbono. Las ciudades pueden aplicar estos principios si son responsables de la gestión forestal, o asociarse con quienes lo son para fomentar y apoyar las mejores prácticas. Trabajar con los Pueblos Indígenas para proteger o apoyar sus propias prácticas de quema y enfoques de gestión del fuego.","Implementar práticas de manejo do fogo, incluindo queimas prescritas e gestão de recursos naturais, para reduzir incêndios florestais descontrolados em florestas e savanas. O foco é proteger vidas, propriedades e recursos, ao mesmo tempo em que se mitigam as emissões de GEE e se mantêm os estoques de carbono. As cidades podem aplicar esses princípios se forem responsáveis pelo manejo florestal, ou podem fazer parcerias com os responsáveis para incentivar e apoiar as melhores práticas. Trabalhar com Povos Indígenas para proteger ou apoiar suas próprias práticas de queima e abordagens de manejo do fogo.",The city implements or partners on fire-management practices.,La ciudad implementa o se asocia con prácticas de manejo de incendios.,A cidade implementa ou faz parceria em práticas de gestão de incêndios.,"Uncontrolled wildfires in forests, grasslands, and savannas are reduced.","Se reducen los incendios forestales incontrolados en bosques, pastizales y sabanas.","Os incêndios florestais descontrolados em florestas, pastagens e savanas são reduzidos.",positive,low,2,expert review,V,[2],"[""V.2""]","{""air_quality"": {""impactRelationship"": ""positive"", ""impactText"": ""low"", ""impactNumeric"": 1, ""methodology"": ""expert review""}}"
ipcc_0056,mitigation,Reduce and prevent degradation and conversion of Grasslands and Savannas,"Prevent the conversion of grasslands and savannas to croplands to conserve soil carbon and biodiversity, and implement sustainable soil management practices in croplands and grasslands to enhance soil organic carbon. Cities can promote sustainable grazing, reduced tillage, fire management, biochar application, improved grass varieties and vegetation management practices, while discouraging land-use change that accelerates degradation. Partnerships with local communities and alignment with regional conservation initiatives strengthen the protection of these ecosystems.These activities aim to increase soil organic matter, mitigate GHG emissions, and provide co-benefits for biodiversity, water provision, and food security.",,Grasslands and savannas are protected from conversion and managed for higher soil carbon.,,outcome,medium,5-10 years,ipcc,expert_reviewed,Reduce and prevent degradation and conversion of Grasslands and Savannas,Reducir y prevenir la degradación y conversión de pastizales y sabanas,Reduzir e prevenir a degradação e conversão de pastagens e savanas,"Prevent the conversion of grasslands and savannas to croplands to conserve soil carbon and biodiversity, and implement sustainable soil management practices in croplands and grasslands to enhance soil organic carbon. Cities can promote sustainable grazing, reduced tillage, fire management, biochar application, improved grass varieties and vegetation management practices, while discouraging land-use change that accelerates degradation. Partnerships with local communities and alignment with regional conservation initiatives strengthen the protection of these ecosystems.These activities aim to increase soil organic matter, mitigate GHG emissions, and provide co-benefits for biodiversity, water provision, and food security.","Prevenir la conversión de pastizales y sabanas en tierras de cultivo para conservar el carbono del suelo y la biodiversidad, e implementar prácticas sostenibles de manejo del suelo en tierras de cultivo y pastizales para aumentar el carbono orgánico del suelo. Las ciudades pueden promover el pastoreo sostenible, la reducción de la labranza, la gestión del fuego, la aplicación de biochar, la mejora de variedades de pastos y las prácticas de manejo de la vegetación, al mismo tiempo que desincentivan el cambio de uso de suelo que acelera la degradación. Las alianzas con comunidades locales y la alineación con iniciativas regionales de conservación fortalecen la protección de estos ecosistemas. Estas actividades buscan aumentar la materia orgánica del suelo, mitigar las emisiones de GEI y proporcionar co-beneficios para la biodiversidad, el suministro de agua y la seguridad alimentaria.","Prevenir a conversão de pastagens e savanas em áreas agrícolas para conservar o carbono do solo e a biodiversidade, e implementar práticas de manejo sustentável do solo em áreas agrícolas e pastagens para aumentar o carbono orgânico do solo. As cidades podem promover o pastoreio sustentável, a redução do revolvimento do solo, o manejo do fogo, a aplicação de biochar, a melhoria das variedades de gramíneas e práticas de manejo da vegetação, ao mesmo tempo em que desencorajam a mudança de uso da terra que acelera a degradação. Parcerias com comunidades locais e o alinhamento com iniciativas regionais de conservação fortalecem a proteção desses ecossistemas. Essas atividades visam aumentar a matéria orgânica do solo, mitigar as emissões de GEE e proporcionar co-benefícios para a biodiversidade, oferta de água e segurança alimentar.",,,,Grasslands and savannas are protected from conversion and managed for higher soil carbon.,Los pastizales y sabanas están protegidos de la conversión y gestionados para obtener más carbono en el suelo.,As pastagens e savanas são protegidas da conversão e geridas para aumentar o carbono do solo.,positive,low,2,expert review,V,[2],"[""V.2""]",{}
ipcc_0057,mitigation,Restore degraded peatlands and prevent further conversion or degradation.,"Protect intact peatlands from clearing, drainage, and conversion that release large carbon emissions, and rewet and revegetate degraded peatlands to prevent further degradation. Municipal governments can enhance governance and monitoring, restrict agricultural expansion, and collaborate with regional and national programs for wetland conservation. Safeguarding these ecosystems preserves carbon storage, reduces fire risks, and protects biodiversity and ecosystem services. Peatland restoration maintains water regulation, flood prevention, and can foster sustainable livelihoods through paludiculture.",,Peatlands are protected from drainage and degraded peatlands are rewetted.,,outcome,high,5-10 years,ipcc,expert_reviewed,Restore degraded peatlands and prevent further conversion or degradation.,Restaurar turberas degradadas y prevenir su conversión o degradación adicional.,Restaurar turfeiras degradadas e prevenir novas conversões ou degradações.,"Protect intact peatlands from clearing, drainage, and conversion that release large carbon emissions, and rewet and revegetate degraded peatlands to prevent further degradation. Municipal governments can enhance governance and monitoring, restrict agricultural expansion, and collaborate with regional and national programs for wetland conservation. Safeguarding these ecosystems preserves carbon storage, reduces fire risks, and protects biodiversity and ecosystem services. Peatland restoration maintains water regulation, flood prevention, and can foster sustainable livelihoods through paludiculture.","Proteger las turberas intactas de la tala, el drenaje y la conversión que liberan grandes emisiones de carbono, y rehumedecer y revegetar las turberas degradadas para evitar una mayor degradación. Los gobiernos municipales pueden mejorar la gobernanza y el monitoreo, restringir la expansión agrícola y colaborar con programas regionales y nacionales para la conservación de humedales. Salvaguardar estos ecosistemas preserva el almacenamiento de carbono, reduce los riesgos de incendios y protege la biodiversidad y los servicios ecosistémicos. La restauración de turberas mantiene la regulación del agua, la prevención de inundaciones y puede fomentar medios de vida sostenibles a través de la paludicultura.","Proteger turfeiras intactas contra desmatamento, drenagem e conversão que liberam grandes emissões de carbono, além de reumedecer e revegetar turfeiras degradadas para evitar mais degradação. Os governos municipais podem aprimorar a governança e o monitoramento, restringir a expansão agrícola e colaborar com programas regionais e nacionais para a conservação de áreas úmidas. Proteger esses ecossistemas preserva o armazenamento de carbono, reduz os riscos de incêndio e protege a biodiversidade e os serviços ecossistêmicos. A restauração de turfeiras mantém a regulação da água, previne enchentes e pode promover meios de subsistência sustentáveis por meio da paludicultura.",,,,Peatlands are protected from drainage and degraded peatlands are rewetted.,Las turberas se protegen del drenaje y las turberas degradadas se vuelven a humedecer.,As turfeiras são protegidas da drenagem e as turfeiras degradadas são reumedecidas.,positive,medium,3,expert review,V,[2],"[""V.2""]","{""habitat"": {""impactRelationship"": ""positive"", ""impactText"": ""low"", ""impactNumeric"": 1, ""methodology"": ""expert review""}, ""water_quality"": {""impactRelationship"": ""positive"", ""impactText"": ""low"", ""impactNumeric"": 1, ""methodology"": ""expert review""}}"
ipcc_0060,mitigation,Protect and Restore Coastal Wetlands,"Restore degraded or damaged coastal ecosystems, including mangroves, salt marshes, and seagrass beds. Restoration includes passive (removal of degradation drivers) and active (environmental manipulation) approaches to reinstate ecosystem functions and carbon sequestration potential. This supports biodiversity conservation, fisheries production, soil stabilization, water quality regulation, flood prevention, and resilience against cyclones. Cities can either take on restoration activities themselves, require restoration as part of Urban Planning and land use regulations, or partner with government, ecological organisations and other partners to carry out restoration projects. Economic incentives or regulations on activities that degrade coastal wetlands may also be effective.",,"Coastal wetlands — mangroves, salt marshes, seagrass beds — are protected and restored.",,outcome,high,>10 years,ipcc,expert_reviewed,Protect and Restore Coastal Wetlands,Proteger y restaurar los humedales costeros,Proteger e Restaurar Zonas Úmidas Costeiras,"Restore degraded or damaged coastal ecosystems, including mangroves, salt marshes, and seagrass beds. Restoration includes passive (removal of degradation drivers) and active (environmental manipulation) approaches to reinstate ecosystem functions and carbon sequestration potential. This supports biodiversity conservation, fisheries production, soil stabilization, water quality regulation, flood prevention, and resilience against cyclones. Cities can either take on restoration activities themselves, require restoration as part of Urban Planning and land use regulations, or partner with government, ecological organisations and other partners to carry out restoration projects. Economic incentives or regulations on activities that degrade coastal wetlands may also be effective.","Restaurar ecosistemas costeros degradados o dañados, incluyendo manglares, marismas salinas y praderas marinas. La restauración incluye enfoques pasivos (eliminación de los factores de degradación) y activos (manipulación ambiental) para restablecer las funciones del ecosistema y el potencial de secuestro de carbono. Esto apoya la conservación de la biodiversidad, la producción pesquera, la estabilización del suelo, la regulación de la calidad del agua, la prevención de inundaciones y la resiliencia frente a ciclones. Las ciudades pueden llevar a cabo actividades de restauración por sí mismas, exigir la restauración como parte de la planificación urbana y las regulaciones de uso del suelo, o asociarse con el gobierno, organizaciones ecológicas y otros socios para realizar proyectos de restauración. Los incentivos económicos o las regulaciones sobre actividades que degradan los humedales costeros también pueden ser efectivos.","Restaurar ecossistemas costeiros degradados ou danificados, incluindo manguezais, marismas e pradarias marinhas. A restauração inclui abordagens passivas (remoção dos fatores de degradação) e ativas (manipulação ambiental) para restabelecer as funções do ecossistema e o potencial de sequestro de carbono. Isso apoia a conservação da biodiversidade, a produção pesqueira, a estabilização do solo, a regulação da qualidade da água, a prevenção de inundações e a resiliência contra ciclones. As cidades podem realizar atividades de restauração por conta própria, exigir a restauração como parte do planejamento urbano e das regulamentações de uso do solo, ou fazer parcerias com o governo, organizações ecológicas e outros parceiros para executar projetos de restauração. Incentivos econômicos ou regulamentações sobre atividades que degradam áreas úmidas costeiras também podem ser eficazes.",,,,"Coastal wetlands — mangroves, salt marshes, seagrass beds — are protected and restored.","Los humedales costeros (manglares, marismas, praderas marinas) están protegidos y restaurados.","As zonas húmidas costeiras – mangais, pântanos salgados e tapetes de ervas marinhas – são protegidas e restauradas.",positive,medium,3,expert review,V,[2],"[""V.2""]","{""habitat"": {""impactRelationship"": ""positive"", ""impactText"": ""low"", ""impactNumeric"": 1, ""methodology"": ""expert review""}, ""water_quality"": {""impactRelationship"": ""positive"", ""impactText"": ""low"", ""impactNumeric"": 1, ""methodology"": ""expert review""}}"
ipcc_0062,mitigation,Create partnerships to implement biochar plants.,"Biochar is produced by heating organic matter (e.g., forestry residues, straw, manure) in oxygen-limited environments. It has significant mitigation potential through carbon dioxide removal (CDR), reduced greenhouse gas emissions, and soil application benefits like improved fertility and reduced N2O emissions. Cities can consider trialling and adopting these technologies, in collaboration with local rural producers, utility companies and other industrial stakeholders.",The city partners on biochar plant trials and deployment.,Organic residues are converted to biochar for durable carbon storage and soil application.,program,intervention,high,5-10 years,ipcc,expert_reviewed,Create partnerships to implement biochar plants.,Crear alianzas para implementar plantas de biochar.,Criar parcerias para implementar usinas de biochar.,"Biochar is produced by heating organic matter (e.g., forestry residues, straw, manure) in oxygen-limited environments. It has significant mitigation potential through carbon dioxide removal (CDR), reduced greenhouse gas emissions, and soil application benefits like improved fertility and reduced N2O emissions. Cities can consider trialling and adopting these technologies, in collaboration with local rural producers, utility companies and other industrial stakeholders.","El biochar se produce al calentar materia orgánica (por ejemplo, residuos forestales, paja, estiércol) en ambientes con poco oxígeno. Tiene un importante potencial de mitigación mediante la eliminación de dióxido de carbono (CDR), la reducción de emisiones de gases de efecto invernadero y beneficios en la aplicación al suelo, como la mejora de la fertilidad y la reducción de emisiones de N2O. Las ciudades pueden considerar probar y adoptar estas tecnologías, en colaboración con productores rurales locales, empresas de servicios públicos y otros actores industriales.","O biochar é produzido pelo aquecimento de matéria orgânica (por exemplo, resíduos florestais, palha, esterco) em ambientes com pouco oxigênio. Ele possui um potencial significativo de mitigação por meio da remoção de dióxido de carbono (CDR), redução das emissões de gases de efeito estufa e benefícios na aplicação ao solo, como melhoria da fertilidade e redução das emissões de N2O. As cidades podem considerar testar e adotar essas tecnologias, em colaboração com produtores rurais locais, empresas de serviços públicos e outros atores industriais.",The city partners on biochar plant trials and deployment.,La ciudad colabora en las pruebas y el despliegue de plantas de biocarbón.,A cidade faz parceria em testes e implantação de plantas de biochar.,Organic residues are converted to biochar for durable carbon storage and soil application.,Los residuos orgánicos se convierten en biocarbón para el almacenamiento duradero de carbono y su aplicación al suelo.,Os resíduos orgânicos são convertidos em biochar para armazenamento durável de carbono e aplicação no solo.,positive,low,2,expert review,V,[2],"[""V.2""]",{}
ipcc_0064,mitigation,Reduce methane emissions from enteric fermentation in livestock,"This action targets methane (CH4) emissions from enteric fermentation in livestock through direct interventions like feed additives, inhibitors, or vaccines, and indirect measures like improving production efficiency through better breeding and husbandry practices. It also includes early-life manipulation of the ruminal biome. Adopt or develop local standards for feed additives, vaccines, and inhibitors, and support rural producers to overcome barriers to costs, infrastructure and skills on this topic.",,Livestock enteric fermentation methane falls.,,outcome,medium,5-10 years,ipcc,expert_reviewed,Reduce methane emissions from enteric fermentation in livestock,Reducir las emisiones de metano provenientes de la fermentación entérica en el ganado,Reduzir as emissões de metano provenientes da fermentação entérica em animais de criação,"This action targets methane (CH4) emissions from enteric fermentation in livestock through direct interventions like feed additives, inhibitors, or vaccines, and indirect measures like improving production efficiency through better breeding and husbandry practices. It also includes early-life manipulation of the ruminal biome. Adopt or develop local standards for feed additives, vaccines, and inhibitors, and support rural producers to overcome barriers to costs, infrastructure and skills on this topic.","Esta acción se dirige a las emisiones de metano (CH4) provenientes de la fermentación entérica en el ganado mediante intervenciones directas como aditivos alimentarios, inhibidores o vacunas, y medidas indirectas como la mejora de la eficiencia productiva a través de mejores prácticas de cría y manejo. También incluye la manipulación temprana del bioma ruminal. Adoptar o desarrollar normas locales para aditivos alimentarios, vacunas e inhibidores, y apoyar a los productores rurales para superar barreras relacionadas con los costos, la infraestructura y las capacidades en este tema.","Esta ação tem como alvo as emissões de metano (CH4) provenientes da fermentação entérica em animais de criação, por meio de intervenções diretas como aditivos alimentares, inibidores ou vacinas, e medidas indiretas como a melhoria da eficiência produtiva através de melhores práticas de reprodução e manejo. Também inclui a manipulação do bioma ruminal em fases iniciais da vida. Adotar ou desenvolver normas locais para aditivos alimentares, vacinas e inibidores, e apoiar os produtores rurais para superar barreiras de custos, infraestrutura e capacitação sobre este tema.",,,,Livestock enteric fermentation methane falls.,Cae el metano de la fermentación entérica del ganado.,O metano da fermentação entérica do gado cai.,positive,low,2,expert review,V,[1],"[""V.1""]",{}
ipcc_0067,mitigation,Improve manure management and crop nutrient practices,"Promote collective and cost-effective approaches to reduce methane (CH₄) and nitrous oxide (N₂O) emissions from manure storage and use, and implementation of improved crop nutrient management practices to reduce N2O emissions from cropland soils. Municipal governments can support the development of cooperative biodigesters, composting initiatives, and improved storage facilities, while encouraging better fertilizer application, crop rotation and grazing practices. These measures enhance nutrient recovery for crop production, reduce fertilizer costs, and generate co-benefits such as renewable energy through biogas. By facilitating financing models, partnerships, and technical assistance, cities can help farmers adopt sustainable manure and nutrient management practices at scale.",,Manure and cropland nutrient emissions fall.,,outcome,high,5-10 years,ipcc,expert_reviewed,Improve manure management and crop nutrient practices,Mejorar la gestión del estiércol y las prácticas de nutrición de cultivos,Melhorar o manejo de esterco e as práticas de nutrientes das culturas,"Promote collective and cost-effective approaches to reduce methane (CH₄) and nitrous oxide (N₂O) emissions from manure storage and use, and implementation of improved crop nutrient management practices to reduce N2O emissions from cropland soils. Municipal governments can support the development of cooperative biodigesters, composting initiatives, and improved storage facilities, while encouraging better fertilizer application, crop rotation and grazing practices. These measures enhance nutrient recovery for crop production, reduce fertilizer costs, and generate co-benefits such as renewable energy through biogas. By facilitating financing models, partnerships, and technical assistance, cities can help farmers adopt sustainable manure and nutrient management practices at scale.","Promover enfoques colectivos y rentables para reducir las emisiones de metano (CH₄) y óxido nitroso (N₂O) provenientes del almacenamiento y uso de estiércol, así como la implementación de prácticas mejoradas de manejo de nutrientes en cultivos para disminuir las emisiones de N₂O en suelos agrícolas. Los gobiernos municipales pueden apoyar el desarrollo de biodigestores cooperativos, iniciativas de compostaje y mejores instalaciones de almacenamiento, al mismo tiempo que fomentan una mejor aplicación de fertilizantes, la rotación de cultivos y prácticas de pastoreo. Estas medidas mejoran la recuperación de nutrientes para la producción agrícola, reducen los costos de fertilizantes y generan co-beneficios como energía renovable a través del biogás. Al facilitar modelos de financiamiento, asociaciones y asistencia técnica, las ciudades pueden ayudar a los agricultores a adoptar prácticas sostenibles de manejo de estiércol y nutrientes a gran escala.","Promover abordagens coletivas e econômicas para reduzir as emissões de metano (CH₄) e óxido nitroso (N₂O) provenientes do armazenamento e uso de esterco, além da implementação de práticas aprimoradas de manejo de nutrientes em culturas para reduzir as emissões de N₂O dos solos agrícolas. Os governos municipais podem apoiar o desenvolvimento de biodigestores cooperativos, iniciativas de compostagem e instalações de armazenamento aprimoradas, ao mesmo tempo em que incentivam melhores práticas de aplicação de fertilizantes, rotação de culturas e manejo de pastagens. Essas medidas aumentam a recuperação de nutrientes para a produção agrícola, reduzem os custos com fertilizantes e geram co-benefícios como energia renovável por meio do biogás. Ao facilitar modelos de financiamento, parcerias e assistência técnica, as cidades podem ajudar os agricultores a adotar práticas sustentáveis de manejo de esterco e nutrientes em larga escala.",,,,Manure and cropland nutrient emissions fall.,Disminuyen las emisiones de estiércol y nutrientes de las tierras de cultivo.,As emissões de estrume e de nutrientes das terras agrícolas diminuem.,positive,low,2,expert review,V,"[1, 2]","[""V.1"", ""V.2""]","{""air_quality"": {""impactRelationship"": ""positive"", ""impactText"": ""low"", ""impactNumeric"": 1, ""methodology"": ""expert review""}, ""habitat"": {""impactRelationship"": ""positive"", ""impactText"": ""low"", ""impactNumeric"": 1, ""methodology"": ""expert review""}, ""water_quality"": {""impactRelationship"": ""positive"", ""impactText"": ""low"", ""impactNumeric"": 1, ""methodology"": ""expert review""}}"
ipcc_0068,mitigation,Pilot Bioenergy with Carbon Capture in Partnership with Utilities/Industry.,"Bioenergy involves producing energy from organic sources like biomass, organic waste, and harvest residues, displacing fossil fuels in heat, electricity, and fuel production. When combined with carbon capture and storage (BECCS), it stores biogenic carbon in geological or terrestrial reservoirs, achieving negative emissions. BECCS can also integrate with agriculture and forestry for co-benefits like land restoration and biogas production. Cities can consider piloting and trialling these technologies, in collaboration with local rural producers, utility companies and other industrial stakeholders.",The city pilots BECCS in partnership with utilities and industry.,Bioenergy with carbon capture and storage pilots store biogenic carbon durably.,program,intervention,high,>10 years,ipcc,expert_reviewed,Pilot Bioenergy with Carbon Capture in Partnership with Utilities/Industry.,Piloto de bioenergía con captura de carbono en colaboración con empresas de servicios públicos/industria.,Piloto de Bioenergia com Captura de Carbono em Parceria com Concessionárias/Indústria.,"Bioenergy involves producing energy from organic sources like biomass, organic waste, and harvest residues, displacing fossil fuels in heat, electricity, and fuel production. When combined with carbon capture and storage (BECCS), it stores biogenic carbon in geological or terrestrial reservoirs, achieving negative emissions. BECCS can also integrate with agriculture and forestry for co-benefits like land restoration and biogas production. Cities can consider piloting and trialling these technologies, in collaboration with local rural producers, utility companies and other industrial stakeholders.","La bioenergía implica producir energía a partir de fuentes orgánicas como biomasa, residuos orgánicos y restos de cosecha, desplazando los combustibles fósiles en la producción de calor, electricidad y combustibles. Cuando se combina con captura y almacenamiento de carbono (BECCS), almacena carbono biogénico en reservorios geológicos o terrestres, logrando emisiones negativas. BECCS también puede integrarse con la agricultura y la silvicultura para obtener co-beneficios como la restauración de tierras y la producción de biogás. Las ciudades pueden considerar la implementación piloto y la prueba de estas tecnologías, en colaboración con productores rurales locales, empresas de servicios públicos y otros actores industriales.","A bioenergia envolve a produção de energia a partir de fontes orgânicas como biomassa, resíduos orgânicos e restos de colheita, substituindo combustíveis fósseis na produção de calor, eletricidade e combustíveis. Quando combinada com captura e armazenamento de carbono (BECCS), armazena carbono biogênico em reservatórios geológicos ou terrestres, alcançando emissões negativas. O BECCS também pode ser integrado à agricultura e à silvicultura para co-benefícios como restauração de terras e produção de biogás. As cidades podem considerar a implementação piloto e testes dessas tecnologias, em colaboração com produtores rurais locais, empresas de serviços públicos e outros atores industriais.",The city pilots BECCS in partnership with utilities and industry.,La ciudad pone a prueba BECCS en asociación con servicios públicos y la industria.,A cidade testa o BECCS em parceria com empresas de serviços públicos e a indústria.,Bioenergy with carbon capture and storage pilots store biogenic carbon durably.,La bioenergía con pilotos de captura y almacenamiento de carbono almacena carbono biogénico de forma duradera.,A bioenergia com pilotos de captura e armazenamento de carbono armazena carbono biogênico de forma durável.,positive,high,4,expert review,V,[2],"[""V.2""]","{""air_quality"": {""impactRelationship"": ""positive"", ""impactText"": ""low"", ""impactNumeric"": 1, ""methodology"": ""expert review""}, ""stakeholder_engagement"": {""impactRelationship"": ""positive"", ""impactText"": ""low"", ""impactNumeric"": 1, ""methodology"": ""expert review""}, ""water_quality"": {""impactRelationship"": ""positive"", ""impactText"": ""low"", ""impactNumeric"": 1, ""methodology"": ""expert review""}}"
ipcc_0069,mitigation,Promote sustainable and healthy diets,"Support the transition to dietary patterns that improve health and reduce environmental impacts. This usually focusses on reducing animal-based food consumption (especially ruminants) and promoting plant-based options, making the action implementable and socially equitable. Cities can act through public procurement policies in schools, hospitals, events, and other institutions, as well as awareness campaigns and promoting national food guidelines.",The city promotes sustainable and healthy diets through procurement and awareness.,Diets shift toward lower animal-based and higher plant-based food consumption.,program,intervention,medium,5-10 years,ipcc,expert_reviewed,Promote sustainable and healthy diets,Promover dietas sostenibles y saludables,Promover dietas sustentáveis e saudáveis,"Support the transition to dietary patterns that improve health and reduce environmental impacts. This usually focusses on reducing animal-based food consumption (especially ruminants) and promoting plant-based options, making the action implementable and socially equitable. Cities can act through public procurement policies in schools, hospitals, events, and other institutions, as well as awareness campaigns and promoting national food guidelines.","Apoyar la transición hacia patrones alimentarios que mejoren la salud y reduzcan los impactos ambientales. Esto suele centrarse en reducir el consumo de alimentos de origen animal (especialmente rumiantes) y promover opciones basadas en plantas, haciendo que la acción sea implementable y socialmente equitativa. Las ciudades pueden actuar a través de políticas de compras públicas en escuelas, hospitales, eventos y otras instituciones, así como mediante campañas de concienciación y la promoción de guías alimentarias nacionales.","Apoiar a transição para padrões alimentares que melhorem a saúde e reduzam os impactos ambientais. Isso geralmente se concentra na redução do consumo de alimentos de origem animal (especialmente ruminantes) e na promoção de opções à base de plantas, tornando a ação viável e socialmente equitativa. As cidades podem agir por meio de políticas de compras públicas em escolas, hospitais, eventos e outras instituições, bem como campanhas de conscientização e promoção de diretrizes alimentares nacionais.",The city promotes sustainable and healthy diets through procurement and awareness.,La ciudad promueve dietas sostenibles y saludables a través de la contratación y la sensibilización.,A cidade promove dietas sustentáveis ​​e saudáveis ​​através de compras e conscientização.,Diets shift toward lower animal-based and higher plant-based food consumption.,Las dietas cambian hacia un menor consumo de alimentos de origen animal y un mayor consumo de alimentos de origen vegetal.,As dietas mudam para um menor consumo de alimentos de origem animal e maior de alimentos vegetais.,positive,medium,3,expert review,V,[2],"[""V.2""]","{""water_quality"": {""impactRelationship"": ""positive"", ""impactText"": ""low"", ""impactNumeric"": 1, ""methodology"": ""expert review""}}"
ipcc_0070,mitigation,Reduce food loss and waste,"Food loss and waste can be reduced through measures across the food supply chain, including improved harvesting and post-harvesting technologies and behaviours. To achieve these changes, cities can consider implementing food waste policies like mandatory reporting, reduction targets, consumer awareness and education campaigns, infrastructure for food storage and transportation, policy frameworks for waste reduction, financial incentives and taxation, and positive marketing for imperfect food products.",,Food loss and waste fall across the supply chain.,,outcome,medium,5-10 years,ipcc,expert_reviewed,Reduce food loss and waste,Reducir la pérdida y el desperdicio de alimentos,Reduzir a perda e o desperdício de alimentos,"Food loss and waste can be reduced through measures across the food supply chain, including improved harvesting and post-harvesting technologies and behaviours. To achieve these changes, cities can consider implementing food waste policies like mandatory reporting, reduction targets, consumer awareness and education campaigns, infrastructure for food storage and transportation, policy frameworks for waste reduction, financial incentives and taxation, and positive marketing for imperfect food products.","La pérdida y el desperdicio de alimentos pueden reducirse mediante medidas a lo largo de toda la cadena de suministro alimentaria, incluyendo tecnologías y comportamientos mejorados en la cosecha y postcosecha. Para lograr estos cambios, las ciudades pueden considerar la implementación de políticas sobre el desperdicio de alimentos, como la obligatoriedad de reportes, metas de reducción, campañas de concienciación y educación para los consumidores, infraestructura para el almacenamiento y transporte de alimentos, marcos normativos para la reducción de residuos, incentivos financieros y fiscales, y marketing positivo para productos alimenticios imperfectos.","A perda e o desperdício de alimentos podem ser reduzidos por meio de medidas em toda a cadeia de suprimento alimentar, incluindo tecnologias e comportamentos aprimorados de colheita e pós-colheita. Para alcançar essas mudanças, as cidades podem considerar a implementação de políticas de desperdício de alimentos, como relatórios obrigatórios, metas de redução, campanhas de conscientização e educação do consumidor, infraestrutura para armazenamento e transporte de alimentos, estruturas de políticas para redução de resíduos, incentivos financeiros e tributação, e marketing positivo para produtos alimentícios imperfeitos.",,,,Food loss and waste fall across the supply chain.,La pérdida y el desperdicio de alimentos repercuten en toda la cadena de suministro.,A perda e o desperdício de alimentos repercutem em toda a cadeia de abastecimento.,positive,low,2,expert review,V,[2],"[""V.2""]","{""cost_of_living"": {""impactRelationship"": ""positive"", ""impactText"": ""low"", ""impactNumeric"": 1, ""methodology"": ""expert review""}, ""habitat"": {""impactRelationship"": ""positive"", ""impactText"": ""low"", ""impactNumeric"": 1, ""methodology"": ""expert review""}, ""water_quality"": {""impactRelationship"": ""positive"", ""impactText"": ""low"", ""impactNumeric"": 1, ""methodology"": ""expert review""}}"
ipcc_0071,mitigation,Increase sustainable use of wood products,"Promote the use of certified sustainable wood (e.g., FSC, PEFC) as a substitute for more carbon-intensive and ecologically destructive materials like concrete or steel. Policies can include amending Building Regulations to include requirements on sustainable wood products, and urban procurement policies for municipal capital projects and spending that prioritize sustainable wood, recycling, and extending product lifetimes. Ensure policies include safeguards to avoid promoting unsustainable wood use.",,Certified sustainable wood substitutes for concrete and steel in construction.,,outcome,medium,5-10 years,ipcc,expert_reviewed,Increase sustainable use of wood products,Aumentar el uso sostenible de productos de madera,Aumentar o uso sustentável de produtos de madeira,"Promote the use of certified sustainable wood (e.g., FSC, PEFC) as a substitute for more carbon-intensive and ecologically destructive materials like concrete or steel. Policies can include amending Building Regulations to include requirements on sustainable wood products, and urban procurement policies for municipal capital projects and spending that prioritize sustainable wood, recycling, and extending product lifetimes. Ensure policies include safeguards to avoid promoting unsustainable wood use.","Promover el uso de madera certificada sostenible (por ejemplo, FSC, PEFC) como sustituto de materiales más intensivos en carbono y ecológicamente destructivos como el concreto o el acero. Las políticas pueden incluir la modificación de los Reglamentos de Construcción para incorporar requisitos sobre productos de madera sostenible, y políticas de adquisición urbana para proyectos de capital municipal y gastos que prioricen la madera sostenible, el reciclaje y la extensión de la vida útil de los productos. Asegurar que las políticas incluyan salvaguardas para evitar la promoción del uso insostenible de la madera.","Promover o uso de madeira certificada sustentável (por exemplo, FSC, PEFC) como substituto para materiais mais intensivos em carbono e ecologicamente destrutivos, como concreto ou aço. As políticas podem incluir a alteração dos Regulamentos de Construção para incluir exigências sobre produtos de madeira sustentável, e políticas de compras urbanas para projetos e gastos de capital municipais que priorizem madeira sustentável, reciclagem e extensão da vida útil dos produtos. Garantir que as políticas incluam salvaguardas para evitar a promoção do uso insustentável da madeira.",,,,Certified sustainable wood substitutes for concrete and steel in construction.,Sustitutos de madera sostenibles certificados para el hormigón y el acero en la construcción.,Substitutos de madeira sustentáveis ​​certificados para concreto e aço na construção.,positive,medium,3,expert review,V,[2],"[""V.2""]","{""habitat"": {""impactRelationship"": ""positive"", ""impactText"": ""low"", ""impactNumeric"": 1, ""methodology"": ""expert review""}}"
ipcc_0074,mitigation,Promote compact urban form through spatial planning,"Integrated spatial planning promotes compact urban form to reduce GHG emissions by increasing urban efficiency, supporting sustainable infrastructure such as district heating/cooling networks, and enhancing green areas. Co-design processes improve public acceptance and institutional capacity to support coordinated mitigation strategies.",The city applies integrated spatial planning for compact urban form.,Urban form becomes more compact through integrated spatial planning.,planning,intervention,high,>10 years,ipcc,expert_reviewed,Promote compact urban form through spatial planning,Promover una forma urbana compacta mediante la planificación espacial,Promover a forma urbana compacta por meio do planejamento espacial,"Integrated spatial planning promotes compact urban form to reduce GHG emissions by increasing urban efficiency, supporting sustainable infrastructure such as district heating/cooling networks, and enhancing green areas. Co-design processes improve public acceptance and institutional capacity to support coordinated mitigation strategies.","La planificación espacial integrada promueve una forma urbana compacta para reducir las emisiones de GEI al aumentar la eficiencia urbana, apoyar infraestructuras sostenibles como redes de calefacción/enfriamiento distrital y mejorar las áreas verdes. Los procesos de co-diseño mejoran la aceptación pública y la capacidad institucional para respaldar estrategias de mitigación coordinadas.","O planejamento espacial integrado promove uma forma urbana compacta para reduzir as emissões de GEE, aumentando a eficiência urbana, apoiando infraestruturas sustentáveis como redes de aquecimento/resfriamento distrital e ampliando áreas verdes. Processos de co-design melhoram a aceitação pública e a capacidade institucional para apoiar estratégias de mitigação coordenadas.",The city applies integrated spatial planning for compact urban form.,La ciudad aplica una planificación espacial integrada para una forma urbana compacta.,A cidade aplica um planejamento espacial integrado para uma forma urbana compacta.,Urban form becomes more compact through integrated spatial planning.,La forma urbana se vuelve más compacta a través de una planificación espacial integrada.,A forma urbana torna-se mais compacta através do planeamento espacial integrado.,positive,low,2,expert review,I,[2],"[""I.2.1"", ""I.2.2""]","{""air_quality"": {""impactRelationship"": ""positive"", ""impactText"": ""low"", ""impactNumeric"": 1, ""methodology"": ""expert review""}, ""habitat"": {""impactRelationship"": ""positive"", ""impactText"": ""low"", ""impactNumeric"": 1, ""methodology"": ""expert review""}, ""housing"": {""impactRelationship"": ""positive"", ""impactText"": ""low"", ""impactNumeric"": 1, ""methodology"": ""expert review""}, ""mobility"": {""impactRelationship"": ""positive"", ""impactText"": ""low"", ""impactNumeric"": 1, ""methodology"": ""expert review""}}"
ipcc_0076,mitigation,Implement energy audits in industrial plants,Conduct regular energy audits to identify opportunities for energy savings and reduction in emissions.,The city requires or supports regular energy audits in industrial plants.,Industrial plants identify and act on energy-saving opportunities.,program,intervention,high,>10 years,ipcc,expert_reviewed,Implement energy audits in industrial plants,Implementar auditorías energéticas en plantas industriales,Implementar auditorias energéticas em plantas industriais,Conduct regular energy audits to identify opportunities for energy savings and reduction in emissions.,Realizar auditorías energéticas periódicas para identificar oportunidades de ahorro de energía y reducción de emisiones.,Realizar auditorias energéticas regulares para identificar oportunidades de economia de energia e redução de emissões.,The city requires or supports regular energy audits in industrial plants.,La ciudad exige o apoya auditorías energéticas periódicas en las plantas industriales.,A cidade exige ou apoia auditorias energéticas regulares em plantas industriais.,Industrial plants identify and act on energy-saving opportunities.,Las plantas industriales identifican y aprovechan oportunidades de ahorro de energía.,As plantas industriais identificam e atuam em oportunidades de economia de energia.,positive,low,2,expert review,IV,[1],"[""IV.1""]","{""air_quality"": {""impactRelationship"": ""positive"", ""impactText"": ""low"", ""impactNumeric"": 1, ""methodology"": ""expert review""}, ""habitat"": {""impactRelationship"": ""positive"", ""impactText"": ""low"", ""impactNumeric"": 1, ""methodology"": ""expert review""}, ""stakeholder_engagement"": {""impactRelationship"": ""positive"", ""impactText"": ""low"", ""impactNumeric"": 1, ""methodology"": ""expert review""}, ""water_quality"": {""impactRelationship"": ""positive"", ""impactText"": ""low"", ""impactNumeric"": 1, ""methodology"": ""expert review""}}"
ipcc_0105,mitigation,Promote active mobility through road space reallocation,"Promotes walking and cycling by reallocating road space from cars to active and sustainable modes on a permanent basis. Measures include developing pedestrian pathways, protected cycling infrastructure, green corridors, and universal accessibility improvements. By prioritizing active mobility, cities enhance public health, equity, and resilience while reducing emissions from private vehicles.",The city reallocates road space to pedestrian and cycling infrastructure.,Road space is reallocated from cars to walking and cycling.,infrastructure,intervention,medium,<5 years,ipcc,expert_reviewed,Promote active mobility through road space reallocation,Promover la movilidad activa mediante la reasignación del espacio vial,Promover mobilidade ativa através da realocação do espaço viário,"Promotes walking and cycling by reallocating road space from cars to active and sustainable modes on a permanent basis. Measures include developing pedestrian pathways, protected cycling infrastructure, green corridors, and universal accessibility improvements. By prioritizing active mobility, cities enhance public health, equity, and resilience while reducing emissions from private vehicles.","Promueve caminar y andar en bicicleta mediante la reasignación permanente del espacio vial de los automóviles a modos activos y sostenibles. Las medidas incluyen el desarrollo de senderos peatonales, infraestructura ciclista protegida, corredores verdes y mejoras de accesibilidad universal. Al priorizar la movilidad activa, las ciudades mejoran la salud pública, la equidad y la resiliencia mientras reducen las emisiones de vehículos privados.","Promove a caminhada e o uso da bicicleta por meio da realocação permanente do espaço viário dos carros para modos ativos e sustentáveis. As medidas incluem o desenvolvimento de calçadas e passeios, infraestrutura cicloviária protegida, corredores verdes e melhorias de acessibilidade universal. Ao priorizar a mobilidade ativa, as cidades melhoram a saúde pública, a equidade e a resiliência, enquanto reduzem as emissões de veículos particulares.",The city reallocates road space to pedestrian and cycling infrastructure.,La ciudad reasigna espacio vial a infraestructura para peatones y ciclistas.,A cidade realoca espaço viário para infraestrutura de pedestres e ciclistas.,Road space is reallocated from cars to walking and cycling.,El espacio vial se reasigna de los automóviles a los peatones y las bicicletas.,O espaço viário é realocado de carros para caminhadas e ciclismo.,positive,low,2,expert review,II,[1],"[""II.1.1""]","{""air_quality"": {""impactRelationship"": ""positive"", ""impactText"": ""low"", ""impactNumeric"": 1, ""methodology"": ""expert review""}, ""mobility"": {""impactRelationship"": ""positive"", ""impactText"": ""low"", ""impactNumeric"": 1, ""methodology"": ""expert review""}, ""stakeholder_engagement"": {""impactRelationship"": ""positive"", ""impactText"": ""low"", ""impactNumeric"": 1, ""methodology"": ""expert review""}}"
