city_name,locode,region_name,population,fcm_dependency_pct,fcm_dependency_band,poverty_rate,median_household_income,city_id,country_code,disability_prevalence,electricity_access_rate,employment_agriculture_forestry,employment_construction,employment_electricity_gas,employment_in_transport_and_logistics,employment_manufacturing,employment_mining,employment_water_waste,fixed_internet_household_share,home_ownership,indigenous_identification_rate,literacy_rate,mean_years_schooling,public_transport_share,renter_share,unemployment_rate,total_income_2023_mclp,ipp_percapita_2023_mclp,ipp_share_total_pct_2023,total_income_pc_clp,staff_planta_2023,staff_contrata_2023,total_staff_2023,professionalization_pct_2023,staff_per_1000_2023,prof_staff_abs,p_fcm,p_ipppc,p_ippsh,cofinance_score,p_prof,p_profstaff,p_totinc,anchor_score,composite_score
Isla de Pascua,CL IPC,Valparaíso,4773.0,99.17,very high (dependent),,,3e4jxxjjg13tc9hwekv5,CL,6.08,99.52,5.39,3.97,1.34,4.13,4.5,0.36,1.46,7.31,58.85,59.56,96.74,10.49,,31.62,,20850251.0,19.24,0.81,4368374.0,61.0,28.0,89.0,32.58,18.65,28.996199999999998,0.0,0.3205128205128205,0.3205128205128205,0.2,25.925925925925924,31.313131313131315,76.6025641025641,44.6,22.4
Camiña,CL CMA,Tarapacá,1335.0,96.4,very high (dependent),28.54,882500.0,6kw9f9fh19vk9xedgz97,CL,11.76,97.29,38.72,8.51,0.64,3.19,2.34,2.13,0.43,5.11,65.85,87.32,92.51,7.45,0.0,12.27,2.53,3098153.0,65.41,2.91,2320714.0,,,,,,,0.31847133757962354,17.94871794871795,0.641025641025641,6.3,,,2.8846153846153846,2.9,4.6
Timaukel,CL TIM,Magallanes y de la Antártica Chilena,147.0,94.55,very high (dependent),0.0,1340000.0,4qqe9scg4k9yxfzes9bm,CL,2.16,100.0,31.68,1.98,0.0,0.99,0.0,0.0,0.0,14.75,9.68,19.73,97.84,10.53,0.0,17.74,0.0,2822118.0,352.48,3.47,19198082.0,18.0,3.0,21.0,57.14,142.86,11.9994,0.6369426751592329,91.66666666666666,0.9615384615384616,31.1,92.25589225589226,2.0202020202020203,1.9230769230769231,32.1,31.6
O'Higgins,CL OHI,Aysén del General Carlos Ibáñez del Campo,647.0,93.97,very high (dependent),,,4rkhjncu2nd3x2cg8suk,CL,7.53,99.31,11.2,5.87,1.6,4.53,3.47,0.27,2.93,11.68,47.6,28.48,96.07,9.63,,31.16,,2872607.0,181.72,4.25,4439887.0,10.0,7.0,17.0,58.82,26.28,9.999400000000001,0.9554140127388564,80.76923076923077,1.6025641025641024,27.8,93.26599326599326,1.0101010101010102,2.2435897435897436,32.2,30.0
General Lagos,CL GLG,Arica y Parinacota,504.0,93.51,very high (dependent),50.0,505000.0,6kyd8f59dje9wp7uc2sp,CL,18.74,93.09,50.0,10.19,0.46,4.63,6.02,0.93,0.0,1.77,51.33,94.42,87.34,5.72,0.0,7.52,37.45,2324296.0,147.31,5.1,4611698.0,13.0,4.0,17.0,47.06,33.73,8.0002,1.2738853503184657,73.07692307692307,2.2435897435897436,25.5,79.12457912457911,0.6734006734006733,0.3205128205128205,26.7,26.1
San Rosendo,CL SRO,Biobío,3574.0,93.43,very high (dependent),22.64,650601.0,63kk31w120n80v2c0p01,CL,14.63,98.93,6.35,16.24,2.56,5.83,11.12,5.12,0.62,41.6,71.56,4.42,93.98,9.61,6.11,12.03,10.95,3997585.0,52.5,4.68,1118518.0,20.0,17.0,37.0,45.95,10.35,17.0015,1.5923566878980893,9.294871794871796,1.9230769230769231,4.3,77.10437710437711,8.080808080808081,6.089743589743589,30.4,17.3
Contulmo,CL CTM,Biobío,5898.0,91.89,very high (dependent),31.36,612889.0,635zw08xmtru8f9ysjsv,CL,19.76,97.8,14.96,8.09,0.26,4.81,6.03,1.27,0.53,32.11,72.33,30.79,92.72,8.74,4.0,11.98,6.35,5813125.0,54.93,6.0,985610.0,39.0,25.0,64.0,43.75,10.85,28.0,1.9108280254777128,11.538461538461538,2.8846153846153846,5.4,69.52861952861953,29.96632996632997,25.0,41.5,23.4
Melipeuco,CL MLP,La Araucanía,6759.0,91.88,very high (dependent),50.15,588341.0,63j54knt72sx69kqv546,CL,14.38,97.82,14.83,10.5,2.21,2.57,6.33,0.82,1.27,7.29,69.59,52.33,93.17,8.91,4.78,13.11,18.87,5918755.0,54.79,5.84,875685.0,26.0,33.0,59.0,30.51,8.73,18.0009,2.229299363057322,11.217948717948719,2.564102564102564,5.3,17.17171717171717,10.1010101010101,25.64102564102564,17.6,11.5
Saavedra,CL SAA,La Araucanía,12863.0,91.87,very high (dependent),51.96,554475.0,635gh4ezmruwgv0yf36x,CL,17.62,90.9,23.13,9.85,0.52,5.2,5.77,0.44,1.57,8.42,77.04,80.77,91.61,8.09,25.2,6.23,16.31,6930154.0,35.43,6.49,538767.0,48.0,35.0,83.0,30.12,6.45,24.9996,2.5477707006369457,1.6025641025641024,3.8461538461538463,2.7,15.151515151515152,23.905723905723907,32.371794871794876,23.8,13.2
San Juan de la Costa,CL SJC,Los Lagos,7766.0,91.68,very high (dependent),38.55,652826.0,62g9w1fyg9xrder1fcff,CL,17.53,91.83,31.07,12.55,1.62,4.49,6.59,0.38,1.0,2.43,81.53,75.83,91.58,7.88,12.71,3.23,3.39,5955300.0,50.25,6.31,766843.0,21.0,26.0,47.0,40.43,6.05,19.0021,2.866242038216555,8.653846153846153,3.5256410256410255,5.0,57.91245791245792,11.784511784511785,25.961538461538463,31.9,18.4
Tirúa,CL TIR,Biobío,10188.0,91.43,very high (dependent),39.38,623909.0,635y1u5yk6ugp5bpk2h9,CL,14.79,98.38,28.29,6.31,0.44,4.4,4.9,0.47,0.81,2.5,77.93,68.25,91.68,8.16,15.27,11.06,18.85,6233910.0,36.63,6.52,611888.0,38.0,35.0,73.0,50.68,7.17,36.9964,3.1847133757961785,1.9230769230769231,4.166666666666666,3.1,84.51178451178451,49.494949494949495,27.884615384615387,54.0,28.6
Portezuelo,CL POR,Ñuble,5188.0,90.96,very high (dependent),34.01,689722.0,63s2nfzqmj2ge1yfur9d,CL,22.37,98.86,30.59,10.77,0.32,4.68,6.73,0.92,1.24,17.16,78.24,3.07,90.44,8.46,12.22,6.16,22.59,4431771.0,55.74,6.15,854235.0,34.0,30.0,64.0,100.0,12.34,64.0,3.503184713375802,11.858974358974358,3.205128205128205,6.2,99.83164983164983,73.23232323232324,10.897435897435898,61.3,33.8
Navidad,CL NAV,Libertador General Bernardo O'Higgins,8881.0,90.68,very high (dependent),36.9,810000.0,63uyt8jyp5k45d290j43,CL,12.98,98.9,8.47,17.21,1.1,3.22,5.7,0.62,1.19,21.06,69.24,5.77,93.52,9.52,10.74,14.18,13.24,8548701.0,100.89,8.36,962583.0,59.0,42.0,101.0,37.62,11.37,37.996199999999995,3.8216560509554114,48.717948717948715,6.730769230769231,19.8,45.79124579124579,51.178451178451176,42.628205128205124,46.5,33.2
Ninhue,CL NIN,Ñuble,5762.0,90.66,very high (dependent),20.3,781435.0,63s90m2yee689x7r85s7,CL,21.52,98.65,21.43,10.86,1.06,7.11,5.81,0.76,1.12,14.56,80.03,2.54,89.8,8.4,20.4,6.5,5.49,4245116.0,54.74,6.92,736743.0,23.0,25.0,48.0,43.75,8.33,21.0,4.140127388535035,10.897435897435898,4.487179487179487,6.5,69.52861952861953,15.31986531986532,8.653846153846153,31.2,18.8
Toltén,CL TOL,La Araucanía,10032.0,90.34,very high (dependent),54.31,637889.0,63h0ckg0knpmp0vu6q74,CL,16.29,96.97,27.02,8.64,0.54,4.57,4.71,0.97,1.08,11.59,72.02,45.24,93.08,8.58,14.54,11.23,5.32,4884740.0,44.21,9.02,486916.0,40.0,26.0,66.0,43.94,6.58,29.000399999999996,4.458598726114644,4.967948717948718,9.455128205128204,6.3,70.37037037037037,32.996632996633,13.461538461538462,38.9,22.6
Carahue,CL CAR,La Araucanía,24941.0,90.33,very high (dependent),42.31,640834.0,635ukenbdukxxzu6tdyw,CL,16.83,96.93,18.35,10.89,0.76,6.56,6.02,0.87,1.4,20.61,74.29,43.4,92.48,8.39,30.19,10.19,12.74,9844162.0,32.32,8.38,394698.0,62.0,47.0,109.0,33.94,4.37,36.9946,4.777070063694268,0.641025641025641,7.532051282051282,4.3,32.323232323232325,49.158249158249156,48.717948717948715,43.4,23.8
Teodoro Schmidt,CL TEO,La Araucanía,15633.0,90.18,very high (dependent),47.37,659115.0,635fpgq0e8en3zf4m02d,CL,16.75,97.42,31.4,8.51,0.87,4.63,5.03,0.45,1.78,15.61,76.69,54.49,93.2,8.29,14.71,8.83,9.14,6941020.0,33.75,7.66,443998.0,43.0,30.0,73.0,35.62,4.67,26.002599999999997,5.095541401273891,0.9615384615384616,5.769230769230769,3.9,38.72053872053872,27.27272727272727,32.69230769230769,32.9,18.4
Palena,CL PAL,Los Lagos,1896.0,90.09,very high (dependent),,,62hz3zxp5wdvxgk020jj,CL,8.14,97.22,11.94,10.66,2.46,4.33,4.57,0.23,0.7,31.52,60.94,17.54,95.57,9.3,,19.82,,2789407.0,117.8,7.7,1471206.0,21.0,11.0,32.0,62.5,16.88,20.0,5.414012738853501,59.61538461538461,6.089743589743589,23.7,95.95959595959596,13.131313131313133,1.6025641025641024,36.9,30.3
Curaco de Vélez,CL CDV,Los Lagos,3662.0,90.06,very high (dependent),29.46,854444.0,627wtst6rvr6hru8r0t2,CL,13.0,99.72,24.48,6.75,0.65,6.1,14.0,0.14,0.72,15.64,79.83,29.27,95.18,9.0,21.52,10.4,10.17,6796915.0,66.66,4.04,1856066.0,39.0,11.0,50.0,50.0,13.65,25.0,5.732484076433124,19.55128205128205,1.282051282051282,8.9,83.67003367003367,24.242424242424242,31.08974358974359,46.3,27.6
Lonquimay,CL LQY,La Araucanía,10147.0,89.63,very high (dependent),36.94,652436.0,63jm4gvjxxktz18fm3je,CL,10.45,96.84,16.26,11.42,0.73,3.89,4.37,1.31,1.38,5.22,79.8,57.38,92.35,8.2,2.56,10.23,13.5,7120071.0,46.9,7.31,701692.0,26.0,23.0,49.0,38.78,4.83,19.002200000000002,6.0509554140127335,7.6923076923076925,5.448717948717949,6.4,50.67340067340067,12.121212121212121,34.61538461538461,32.5,19.4
Curarrehue,CL CRE,La Araucanía,7729.0,89.34,very high (dependent),35.47,782579.0,63j0hnfwbq3gyu27trxf,CL,13.68,97.99,13.54,17.68,1.05,3.59,7.49,0.7,0.74,14.45,70.47,64.96,93.02,8.36,25.65,11.94,7.3,4044995.0,44.21,8.59,523353.0,40.0,4.0,44.0,43.18,5.69,18.999200000000002,6.369426751592357,4.967948717948718,8.012820512820513,6.5,67.34006734006735,10.774410774410773,6.730769230769231,28.3,17.4
Lumaco,CL LUM,La Araucanía,9248.0,89.31,very high (dependent),44.13,533767.0,63hn1y19h3svs2cu3mj4,CL,16.06,93.89,35.78,6.36,0.49,4.34,4.25,0.61,1.05,3.92,74.65,50.41,89.25,7.65,6.32,10.47,13.91,4916695.0,42.75,8.65,531650.0,45.0,20.0,65.0,33.85,7.03,22.0025,6.687898089171966,3.205128205128205,8.333333333333332,6.1,31.64983164983165,16.835016835016837,14.102564102564102,20.9,13.5
Futaleufú,CL FFU,Los Lagos,3050.0,89.16,very high (dependent),,,62kf37q010z5p7uszsuf,CL,7.87,97.44,10.11,13.05,1.0,3.95,5.29,0.33,1.0,38.47,58.86,15.48,95.44,9.84,,28.38,,4385694.0,105.65,6.96,1437932.0,17.0,12.0,29.0,44.83,9.51,13.0007,7.00636942675159,50.96153846153846,4.807692307692308,20.9,73.06397306397307,3.0303030303030303,9.294871794871796,28.5,24.7
Empedrado,CL EMP,Maule,3986.0,88.9,very high (dependent),27.45,750666.0,63st7hu0jg8vwx7brt44,CL,16.46,99.31,22.6,8.02,0.14,4.08,17.55,1.87,1.8,8.14,69.58,3.24,89.65,8.17,12.3,15.65,11.91,3901530.0,78.08,8.38,978808.0,25.0,9.0,34.0,50.0,8.53,17.0,7.3248407643312134,28.846153846153843,7.532051282051282,14.6,83.67003367003367,7.744107744107744,5.448717948717949,32.3,23.4
Putre,CL PUT,Arica y Parinacota,1368.0,88.7,very high (dependent),35.95,662922.0,6kwxnv0zmr5fnfv6fmej,CL,15.09,94.0,21.69,9.54,0.46,10.0,4.92,1.54,1.69,5.66,34.73,86.67,93.74,8.69,0.0,27.46,0.88,3838124.0,138.15,9.21,2805646.0,14.0,11.0,25.0,40.0,18.27,10.0,7.643312101910823,69.87179487179486,10.576923076923077,29.4,56.22895622895623,1.3468013468013467,5.128205128205128,20.9,25.2
Pelluhue,CL PLH,Maule,8562.0,88.61,very high (dependent),43.22,578639.0,63s7ey88pgy1f117kc03,CL,14.86,98.96,21.9,9.16,0.57,2.75,7.15,0.57,0.48,20.26,72.4,4.58,93.1,9.3,17.32,14.36,11.42,10000391.0,117.08,9.79,1167997.0,53.0,37.0,90.0,71.11,10.51,63.998999999999995,7.961783439490446,59.294871794871796,11.538461538461538,26.3,97.97979797979798,72.72727272727273,50.0,73.6,49.9
Corral,CL CRR,Los Ríos,5493.0,88.47,very high (dependent),12.53,813000.0,62gud2hq4rrsvur4btdn,CL,15.25,98.39,21.74,9.64,0.28,11.39,9.03,0.57,1.23,15.21,80.48,28.25,94.42,9.01,33.92,7.09,3.71,4166117.0,64.2,8.37,758441.0,28.0,6.0,34.0,44.12,6.19,15.0008,8.280254777070056,16.666666666666664,7.051282051282051,10.7,71.04377104377105,5.05050505050505,7.6923076923076925,27.9,19.3
Purén,CL PUR,La Araucanía,12161.0,88.44,very high (dependent),26.74,692222.0,63hpc8n6ft2f754nqw59,CL,14.83,97.9,19.22,9.23,0.63,5.76,6.14,1.12,0.81,29.11,73.06,29.85,92.12,8.5,13.74,12.58,12.23,5581761.0,43.65,9.48,458989.0,56.0,46.0,102.0,59.8,8.39,60.995999999999995,8.59872611464968,4.487179487179487,11.057692307692307,8.0,93.93939393939394,72.05387205387206,22.435897435897438,62.8,35.4
Cholchol,CL CHL,La Araucanía,13138.0,88.11,very high (dependent),46.07,623932.0,63hht04hqh53wqcjjkbz,CL,14.44,96.72,19.3,12.27,1.26,4.28,6.19,0.69,1.01,19.44,78.36,76.63,91.14,8.34,15.35,8.42,10.73,5973991.0,43.3,9.12,454711.0,40.0,22.0,62.0,38.71,4.72,24.0002,8.917197452229303,4.166666666666666,10.256410256410255,7.8,50.16835016835017,20.875420875420875,26.282051282051285,32.4,20.1
Treguaco,CL TRE,Ñuble,6124.0,87.86,very high (dependent),31.04,756294.0,63s2f86zhxt9fccepm8e,CL,16.04,99.27,26.68,9.56,1.1,3.74,13.59,0.81,1.06,28.47,76.88,3.51,91.31,8.71,8.96,10.62,2.27,4432665.0,70.22,9.11,723819.0,33.0,41.0,74.0,32.43,12.08,23.998199999999997,9.235668789808912,23.076923076923077,9.935897435897436,14.1,24.915824915824917,20.2020202020202,11.217948717948719,18.8,16.4
Paredones,CL PAR,Libertador General Bernardo O'Higgins,7228.0,87.33,very high (dependent),29.34,676167.0,63ufexgsw73ceuhhe0d5,CL,17.47,98.09,30.96,11.42,0.68,2.96,5.16,1.65,1.18,8.31,71.33,3.31,88.86,8.32,7.82,8.33,16.25,5380919.0,86.5,10.1,744455.0,34.0,30.0,64.0,45.31,8.85,28.9984,9.554140127388536,38.141025641025635,12.82051282051282,20.2,74.74747474747475,32.323232323232325,19.871794871794872,42.3,31.2
El Tabo,CL ELT,Valparaíso,16222.0,87.31,very high (dependent),12.31,898511.0,66j1e0sgcx7n29vvjfx5,CL,15.52,99.61,1.1,12.24,0.96,6.57,6.59,0.99,0.72,44.35,66.5,7.35,96.58,10.29,17.75,14.29,5.47,18360418.0,143.28,11.71,1131822.0,92.0,30.0,122.0,36.07,7.52,44.0054,9.872611464968145,72.11538461538461,16.98717948717949,33.0,40.4040404040404,59.59595959595959,72.11538461538461,57.4,45.2
Cartagena,CL CGN,Valparaíso,24544.0,87.27,very high (dependent),20.03,963935.0,66j1nr37mv3t5ev5fnt5,CL,16.39,99.62,3.99,10.68,0.81,12.7,7.13,1.27,1.18,45.22,61.97,7.46,95.31,9.43,38.53,14.56,9.98,17835137.0,72.21,10.79,726660.0,101.0,81.0,182.0,36.26,7.42,65.9932,10.191082802547768,23.717948717948715,13.942307692307693,16.0,41.07744107744108,74.41077441077442,70.83333333333334,62.1,39.0
Galvarino,CL GAL,La Araucanía,12709.0,86.93,very high (dependent),41.14,669778.0,63hjr8dwz63w43q4cx6g,CL,16.02,95.09,29.87,9.16,0.72,4.65,5.12,0.5,0.88,13.46,80.27,71.65,90.97,8.03,17.91,5.87,8.51,7085992.0,49.77,8.84,557557.0,43.0,28.0,71.0,29.58,5.59,21.0018,10.509554140127392,8.333333333333332,8.653846153846153,9.2,12.121212121212121,16.161616161616163,34.294871794871796,20.9,15.0
Quillón,CL QIN,Ñuble,19116.0,86.65,very high (dependent),43.97,593348.0,63kqw1mezd3frdhxghtz,CL,16.49,99.18,15.97,12.56,0.88,5.57,10.39,2.08,1.27,31.38,70.29,4.34,93.09,9.09,15.29,12.39,11.43,12648863.0,78.29,11.87,661690.0,60.0,76.0,136.0,29.41,7.11,39.997600000000006,10.828025477707001,29.807692307692307,18.269230769230766,19.6,11.784511784511785,53.36700336700336,60.256410256410255,41.8,30.7
Cochrane,CL COC,Aysén del General Carlos Ibáñez del Campo,3378.0,86.28,very high (dependent),1.16,1351982.0,4rs68dw4yvefkz93jkx0,CL,10.81,98.27,10.5,9.68,1.35,4.63,3.81,0.18,0.65,38.33,58.82,24.34,94.22,9.51,0.0,27.43,0.0,3730783.0,94.8,9.48,1104435.0,11.0,8.0,19.0,73.68,5.62,13.999200000000002,11.146496815286625,44.55128205128205,11.057692307692307,22.3,98.31649831649831,3.3670033670033668,4.166666666666666,35.3,28.8
Chanco,CL CHA,Maule,9436.0,86.23,very high (dependent),42.59,637263.0,63skyt1yfwum4503fee7,CL,14.35,99.04,32.27,6.32,0.57,3.12,5.39,2.49,0.69,19.91,73.66,3.51,91.51,8.36,7.5,9.78,21.0,5224304.0,60.75,10.79,553657.0,38.0,29.0,67.0,37.31,7.1,24.997700000000002,11.464968152866234,14.743589743589745,13.942307692307693,13.4,45.11784511784512,22.55892255892256,17.94871794871795,28.5,21.0
Combarbalá,CL CBB,Coquimbo,12931.0,86.07,very high (dependent),28.62,798655.0,66mwc1utfpr4vfk5qhv6,CL,16.63,97.44,13.84,10.66,0.59,4.0,4.33,15.08,1.87,21.76,68.78,17.53,92.9,8.73,15.26,12.97,14.78,6525286.0,52.54,11.17,504623.0,31.0,28.0,59.0,32.2,4.56,18.998,11.783439490445858,9.615384615384617,14.743589743589745,12.0,23.232323232323232,10.437710437710438,29.48717948717949,21.1,16.6
Cañete,CL CTE,Biobío,34566.0,85.99,very high (dependent),36.49,781457.0,637be97c7ttcws2tq6bc,CL,15.06,98.49,13.1,9.76,1.18,5.38,6.14,1.27,0.77,30.95,75.3,37.16,93.43,8.85,15.75,12.79,10.66,12961497.0,39.13,11.28,374978.0,52.0,59.0,111.0,26.13,3.21,29.004299999999997,12.101910828025481,2.2435897435897436,15.064102564102564,9.8,4.377104377104377,34.00673400673401,61.858974358974365,33.4,21.6
Florida,CL FLO,Biobío,12924.0,85.91,very high (dependent),29.77,773949.0,63kq928qrcrenz8jxd9y,CL,15.33,99.19,16.65,12.39,1.13,7.59,7.31,1.47,0.89,20.3,74.11,5.04,92.19,9.15,31.52,10.52,11.38,5879450.0,56.29,11.36,454925.0,43.0,24.0,67.0,44.78,5.18,30.0026,12.42038216560509,12.5,15.544871794871796,13.5,72.72727272727273,35.69023569023569,25.320512820512818,44.6,29.0
Primavera,CL PRI,Magallanes y de la Antártica Chilena,431.0,85.86,very high (dependent),0.0,1297239.0,4qwew2u506sn83bqkzx9,CL,6.25,98.31,24.31,5.1,1.57,3.14,5.88,3.53,0.0,21.55,36.46,26.91,97.12,9.44,0.0,28.18,0.0,2413136.0,409.88,11.53,5598923.0,17.0,5.0,22.0,54.55,51.04,12.001,12.738853503184714,92.94871794871796,16.025641025641026,40.6,90.57239057239057,2.356902356902357,0.641025641025641,31.2,35.9
Lebu,CL LEB,Biobío,25057.0,85.75,very high (dependent),32.83,819235.0,6379tmj41zqqu2p8v3qe,CL,16.08,99.16,26.35,5.71,0.65,4.22,5.03,1.14,0.7,57.29,76.87,27.75,93.79,9.04,20.1,12.17,8.23,12152938.0,40.18,8.98,485012.0,52.0,57.0,109.0,39.45,4.35,43.0005,13.057324840764323,2.564102564102564,8.974358974358974,8.2,52.861952861952865,57.57575757575758,57.692307692307686,56.0,32.1
Ercilla,CL ERC,La Araucanía,7722.0,85.74,very high (dependent),41.07,715742.0,63hx3e4pw0r5yfyjyp2w,CL,14.81,93.45,26.06,6.18,1.02,4.61,3.97,1.11,1.15,23.25,72.52,56.02,90.88,8.16,10.14,8.86,13.14,5145134.0,62.68,10.24,666296.0,39.0,18.0,57.0,36.84,7.38,20.998800000000003,13.375796178343947,15.384615384615385,13.141025641025642,14.0,42.592592592592595,14.814814814814813,16.98717948717949,24.8,19.4
San Ignacio,CL SIN,Ñuble,17403.0,85.71,very high (dependent),35.39,714502.0,63ky8btvc3fccdcr0vx0,CL,17.92,99.3,31.98,11.41,1.01,5.02,5.34,1.19,1.1,19.66,69.92,3.03,92.0,8.64,24.56,10.59,6.39,6606724.0,46.64,11.73,379631.0,,,,,,,13.69426751592357,6.730769230769231,17.307692307692307,12.6,,,30.128205128205128,30.1,21.4
Antuco,CL ANT,Biobío,4362.0,85.44,very high (dependent),32.73,675300.0,63m78h8ny13r61f1zuxr,CL,15.39,99.35,8.48,15.33,3.32,3.05,6.72,10.38,1.02,21.96,73.98,6.5,94.85,9.33,8.63,11.61,10.3,5733250.0,154.69,11.66,1314363.0,19.0,27.0,46.0,39.13,10.55,17.9998,14.01273885350318,74.67948717948718,16.346153846153847,35.0,52.02020202020202,9.090909090909092,24.358974358974358,28.5,31.8
Cobquecura,CL CBQ,Ñuble,5477.0,85.41,very high (dependent),39.39,768750.0,63s61jqw3wnq8fqesd7r,CL,17.37,98.81,21.59,10.06,0.27,2.62,6.65,0.53,0.89,15.23,74.88,5.35,91.1,8.9,2.25,10.76,5.09,5337050.0,113.37,11.13,974448.0,,,,,,,14.331210191082803,56.41025641025641,14.423076923076922,28.4,,,19.230769230769234,19.2,23.8
Quirihue,CL QRH,Ñuble,11634.0,84.9,very high (dependent),23.39,802494.0,63s3v5rrbvc214ywjxb7,CL,18.63,99.22,22.14,7.46,0.68,5.1,6.38,0.89,0.58,41.33,70.9,3.81,92.89,8.99,18.62,15.51,8.66,5589828.0,56.73,12.42,480473.0,43.0,24.0,67.0,91.04,5.76,60.99680000000001,14.649681528662413,13.141025641025642,19.230769230769234,15.7,98.98989898989899,72.39057239057239,23.076923076923077,64.8,40.2
Río Ibáñez,CL RIB,Aysén del General Carlos Ibáñez del Campo,2691.0,84.87,very high (dependent),19.88,813861.0,4ru2we30wxhj70yd86fx,CL,13.11,98.45,19.75,9.52,0.28,4.58,6.84,0.42,1.41,25.75,59.87,32.6,94.36,9.28,3.64,18.93,8.38,3943232.0,151.17,10.39,1465341.0,20.0,15.0,35.0,51.43,13.01,18.0005,14.968152866242036,74.03846153846155,13.461538461538462,34.2,86.7003367003367,9.595959595959595,5.769230769230769,34.0,34.1
Queilén,CL QLN,Los Lagos,5675.0,84.37,very high (dependent),16.91,758111.0,627sjyrgkejk42uu1rwj,CL,13.61,98.16,32.63,9.78,0.76,5.18,10.18,0.13,0.8,17.89,79.66,50.97,93.86,8.48,4.19,11.09,9.02,,,,,24.0,12.0,36.0,33.33,6.34,11.9988,15.286624203821646,,,15.3,28.619528619528616,1.6835016835016834,,15.2,15.2
Chile Chico,CL CCH,Aysén del General Carlos Ibáñez del Campo,4864.0,84.28,very high (dependent),13.0,1171288.0,4rsmunpmmrwxeyjykxyj,CL,10.93,98.9,12.81,11.65,0.99,3.61,5.33,2.71,0.69,40.81,58.49,26.2,94.8,9.52,1.39,24.48,1.16,5094387.0,137.22,13.89,1047366.0,18.0,15.0,33.0,51.52,6.78,17.0016,15.605095541401269,69.55128205128204,22.115384615384613,35.8,87.20538720538721,8.585858585858585,16.346153846153847,37.4,36.6
Nueva Imperial,CL NIM,La Araucanía,33729.0,83.81,very high (dependent),38.62,741639.0,63h5e3x82yhxpyk8gbhq,CL,15.51,97.89,13.16,12.84,1.47,5.41,7.15,0.79,1.08,33.16,73.49,58.5,93.3,8.91,28.07,11.78,11.15,12165415.0,46.12,12.92,360681.0,103.0,49.0,152.0,43.42,4.51,65.9984,15.923566878980893,6.089743589743589,19.871794871794872,14.0,68.01346801346801,74.74747474747475,58.01282051282052,66.9,40.4
Los Alamos,CL LAL,Biobío,21765.0,83.6,very high (dependent),28.08,796667.0,637cdtxpd3p9r9gpyv4y,CL,12.24,98.04,17.19,9.14,0.61,5.28,8.46,1.9,0.81,43.35,76.86,26.96,93.53,8.72,26.75,9.27,9.65,10894394.0,42.97,9.02,500546.0,9.0,6.0,15.0,100.0,0.69,15.0,16.242038216560502,3.5256410256410255,9.455128205128204,9.7,99.83164983164983,4.713804713804714,54.807692307692314,53.1,31.4
Lota,CL LTA,Biobío,39930.0,83.33,very high (dependent),28.72,810000.0,63khb6wdq6cjwr4w7fkf,CL,17.01,99.8,6.33,11.82,1.21,5.17,12.51,3.19,0.82,70.5,75.55,11.5,94.19,9.44,40.81,9.92,17.28,20391252.0,44.71,9.97,510675.0,109.0,67.0,176.0,27.84,4.41,48.9984,16.719745222929944,5.448717948717949,12.5,11.6,8.080808080808081,64.64646464646465,75.96153846153845,49.6,30.6
Coihueco,CL COI,Ñuble,29760.0,83.33,very high (dependent),28.42,753333.0,63mp5ns5gepz70jq8t3x,CL,13.65,99.23,36.12,9.37,1.27,4.47,5.02,1.35,0.85,25.71,72.35,4.45,91.97,8.67,21.13,10.31,9.03,11225566.0,54.06,13.92,377203.0,64.0,22.0,86.0,38.37,2.89,32.9982,16.719745222929944,10.576923076923077,22.435897435897438,16.6,48.148148148148145,41.07744107744108,56.41025641025641,48.5,32.6
El Quisco,CL ELQ,Valparaíso,18896.0,83.1,very high (dependent),19.23,917133.0,66j1cscn6dj1nux4qstr,CL,13.44,99.65,1.36,11.3,1.21,5.5,6.74,0.77,0.73,51.91,58.44,8.46,96.74,10.62,20.8,21.12,2.13,20975477.0,175.89,15.59,1110049.0,97.0,102.0,199.0,27.14,10.53,54.00860000000001,17.19745222929936,79.48717948717949,26.602564102564102,41.1,6.7340067340067336,67.34006734006735,76.92307692307693,50.3,45.7
Los Sauces,CL LSA,La Araucanía,7334.0,83.0,very high (dependent),38.98,618917.0,63hpzmqvxuugw52pxjpy,CL,15.9,96.1,29.26,10.9,0.72,3.49,4.29,1.24,1.08,27.82,70.88,31.84,90.58,8.19,12.38,12.48,15.99,5018506.0,82.99,12.38,684280.0,32.0,20.0,52.0,28.85,7.09,15.002000000000002,17.515923566878982,33.97435897435898,18.91025641025641,23.5,9.764309764309765,5.723905723905724,15.705128205128204,10.4,17.0
Monte Patria,CL MTP,Coquimbo,29956.0,82.77,very high (dependent),31.18,663917.0,66tb86dp9bepbfk7y214,CL,14.39,98.61,33.7,6.53,0.47,4.5,3.56,13.21,1.37,18.57,66.6,13.36,93.78,8.43,19.42,11.1,6.92,10982987.0,50.79,15.1,366637.0,72.0,45.0,117.0,35.9,3.91,42.003,17.83439490445859,8.974358974358974,25.0,17.3,40.06734006734007,57.23905723905723,55.44871794871795,50.9,34.1
Puqueldón,CL PQD,Los Lagos,4034.0,82.55,very high (dependent),33.26,792392.0,627ts251jth0gvf06wse,CL,13.28,99.22,34.06,10.15,0.5,6.6,9.4,0.31,1.06,11.83,82.26,30.98,95.14,8.56,26.04,8.8,4.6,5555396.0,109.87,8.29,1377143.0,40.0,20.0,60.0,35.0,14.87,21.0,18.152866242038215,54.166666666666664,6.41025641025641,26.2,36.7003367003367,15.31986531986532,22.115384615384613,24.7,25.4
Curepto,CL CRT,Maule,9498.0,82.51,very high (dependent),25.32,599778.0,63ub4sv6hnxd5umz1hd3,CL,16.77,98.91,29.29,9.96,1.42,2.68,5.42,1.23,1.07,17.16,72.1,6.21,92.81,8.5,8.31,8.69,0.0,6048589.0,86.72,13.2,636828.0,58.0,23.0,81.0,43.21,8.53,35.000099999999996,18.471337579617824,38.46153846153847,21.794871794871796,26.2,67.67676767676768,46.12794612794613,26.923076923076923,46.9,36.6
Curacautín,CL CCN,La Araucanía,18415.0,82.44,very high (dependent),32.04,797750.0,63hvqu91pzvmnrnb5w7r,CL,14.94,99.32,10.85,11.17,1.04,4.62,8.05,2.35,0.68,32.29,71.66,15.07,94.31,9.26,10.38,13.21,10.45,10718034.0,69.23,11.76,582027.0,53.0,47.0,100.0,45.0,5.43,45.0,18.789808917197448,21.153846153846153,17.94871794871795,19.3,73.73737373737373,60.60606060606061,53.205128205128204,62.5,40.9
Hualqui,CL HQI,Biobío,25662.0,82.36,very high (dependent),33.4,786699.0,63kjmb0yq2ccj0zqbrb8,CL,14.71,99.48,9.16,13.67,1.13,5.36,8.98,2.66,0.77,57.16,70.82,7.24,93.9,9.39,40.7,13.65,13.35,8601609.0,49.75,15.4,335189.0,46.0,22.0,68.0,66.18,2.65,45.0024,19.10828025477707,8.012820512820513,25.64102564102564,17.6,96.63299663299664,60.94276094276094,43.58974358974359,67.1,42.3
Perquenco,CL PQC,La Araucanía,7438.0,82.23,very high (dependent),40.26,719935.0,63hmrsm5pvfz30knvwy1,CL,15.24,96.82,22.56,8.67,0.82,4.48,11.24,1.05,1.23,26.92,75.6,51.26,93.83,8.82,4.55,9.66,13.52,5195678.0,93.75,13.1,698532.0,43.0,11.0,54.0,44.44,7.26,23.9976,19.42675159235668,43.269230769230774,21.474358974358974,28.1,71.88552188552188,19.52861952861953,17.628205128205128,36.3,32.2
Río Hurtado,CL RHU,Coquimbo,4322.0,82.01,very high (dependent),31.63,644976.0,66tfbhr3unuts3f8eexb,CL,16.67,97.68,21.06,9.96,0.26,5.3,4.15,11.74,1.85,5.48,69.89,12.84,92.66,8.41,13.08,9.95,3.97,4071388.0,122.44,13.01,942015.0,30.0,23.0,53.0,60.38,12.26,32.0014,19.745222929936304,62.17948717948718,20.833333333333336,34.3,94.61279461279462,39.73063973063973,7.051282051282051,47.1,40.7
Longaví,CL LON,Maule,33288.0,81.79,very high (dependent),29.58,703328.0,63t4w63byskhnq6v3j23,CL,15.65,98.93,45.2,6.57,0.62,5.32,4.58,1.44,0.77,22.17,77.03,4.84,92.14,8.32,14.79,8.24,6.95,11164038.0,46.85,14.04,335377.0,71.0,35.0,106.0,33.96,3.18,35.9976,20.063694267515913,7.371794871794872,23.076923076923077,16.8,32.659932659932664,47.81144781144781,56.08974358974359,45.5,31.2
Coltauco,CL CTC,Libertador General Bernardo O'Higgins,21348.0,81.72,very high (dependent),25.65,800000.0,63vmne4zjb3mnz56pw70,CL,14.31,99.38,30.85,6.57,0.41,6.25,13.15,3.01,0.74,41.79,70.43,4.31,94.23,8.95,17.86,12.28,2.3,7805752.0,46.53,13.08,365643.0,68.0,17.0,85.0,36.47,3.98,30.999499999999998,20.382165605095537,6.41025641025641,21.153846153846153,16.0,41.75084175084175,37.37373737373738,40.06410256410257,39.7,27.8
Gorbea,CL GOR,La Araucanía,14058.0,81.3,very high (dependent),38.78,700000.0,63h34kgwund0z77p2jr8,CL,13.7,99.08,17.01,10.2,1.0,6.58,8.78,0.82,0.64,32.68,66.72,19.14,94.39,9.26,24.63,14.56,5.06,7835955.0,65.86,12.69,557402.0,47.0,31.0,78.0,30.77,5.55,24.0006,20.70063694267516,18.58974358974359,19.55128205128205,19.6,17.845117845117844,21.548821548821547,40.705128205128204,26.7,23.2
Lo Prado,CL LPR,Metropolitana de Santiago,91118.0,81.27,very high (dependent),17.57,1014082.0,66j9wxjnkt6kc4syfzwy,CL,13.7,99.94,0.29,9.84,1.17,11.07,8.95,0.95,0.46,67.01,51.56,10.63,96.19,9.96,64.51,32.06,14.27,50060053.0,34.58,7.11,549398.0,45.0,154.0,199.0,39.7,2.18,79.003,21.01910828025477,1.282051282051282,5.128205128205128,9.1,54.54545454545454,78.78787878787878,88.46153846153845,73.9,41.5
Yumbel,CL YUM,Biobío,23027.0,81.25,very high (dependent),28.17,652736.0,63km584xes3r8fzrs5v1,CL,15.59,98.92,14.29,12.11,1.21,5.05,10.07,1.97,0.97,31.49,73.32,4.42,92.64,9.15,21.22,11.38,7.32,11593234.0,77.51,14.84,503463.0,73.0,35.0,108.0,42.59,4.69,45.99720000000001,21.337579617834393,27.884615384615387,24.358974358974358,24.5,64.98316498316498,61.61616161616161,56.730769230769226,61.1,42.8
Licantén,CL LIC,Maule,6865.0,80.88,very high (dependent),18.75,897796.0,63uc01phrmnpewe4wcby,CL,12.0,99.24,19.18,10.48,0.25,4.15,7.74,0.92,0.92,33.88,65.19,16.09,94.14,9.39,16.98,16.95,3.4,7330222.0,156.64,14.93,1067767.0,33.0,24.0,57.0,43.86,8.3,25.0002,21.656050955414003,75.32051282051282,24.679487179487182,40.6,70.03367003367003,24.579124579124578,36.858974358974365,43.8,42.2
Quilleco,CL QLO,Biobío,9693.0,80.79,very high (dependent),29.04,739364.0,63kghbb5tjsr064cnd3b,CL,14.77,99.38,23.29,14.44,2.07,4.46,7.01,1.87,1.16,30.43,70.21,4.09,93.15,8.81,15.42,10.58,6.06,4639328.0,71.31,15.37,478627.0,24.0,45.0,69.0,46.38,7.12,32.0022,21.974522292993626,23.397435897435898,25.320512820512818,23.6,78.11447811447812,40.06734006734007,11.538461538461538,43.2,33.4
Traiguén,CL TRA,La Araucanía,18531.0,80.72,very high (dependent),50.99,592936.0,63hq6tq5pwtqrvcum6hv,CL,16.15,98.73,20.64,8.09,0.46,4.24,5.32,0.52,0.68,37.13,71.11,32.83,92.61,8.81,9.38,13.81,10.91,10171608.0,68.48,12.99,548897.0,64.0,44.0,108.0,52.78,5.83,57.00240000000001,22.29299363057325,20.833333333333336,20.51282051282051,21.2,88.55218855218855,69.6969696969697,50.641025641025635,69.6,45.4
Lo Espejo,CL LEJ,Metropolitana de Santiago,87079.0,80.56,very high (dependent),21.52,1033390.0,66j9r3v1t8dpw1ubj30m,CL,14.2,99.92,0.38,10.73,1.34,10.76,11.08,0.86,1.03,65.05,54.22,8.92,94.95,9.24,62.57,20.53,11.23,28013346.0,45.71,16.58,321700.0,106.0,105.0,211.0,45.97,2.42,96.9967,22.61146496815286,5.769230769230769,28.846153846153843,19.1,77.44107744107744,84.51178451178451,82.6923076923077,81.5,50.3
Villa Alegre,CL VAG,Maule,17919.0,80.52,very high (dependent),21.69,794472.0,63thbz9eh5yjfbm6kxvj,CL,17.1,99.73,26.06,9.97,0.8,5.17,9.95,1.28,0.65,45.79,74.12,3.71,93.21,8.84,9.95,9.81,6.65,5988728.0,54.04,16.16,334211.0,44.0,42.0,86.0,32.56,4.8,28.0016,22.929936305732483,10.256410256410255,28.205128205128204,20.5,25.589225589225588,30.303030303030305,26.602564102564102,27.5,24.0
Coelemu,CL COE,Ñuble,15859.0,80.23,very high (dependent),34.87,760078.0,63s22d2vg4xbe51c6c15,CL,15.74,99.37,20.21,7.41,1.8,6.36,10.34,0.96,0.58,40.28,64.44,3.95,93.02,9.08,8.25,15.68,5.55,7082328.0,69.61,16.61,446581.0,54.0,26.0,80.0,32.5,5.04,26.0,23.248407643312092,21.794871794871796,29.166666666666668,24.7,25.252525252525253,26.430976430976433,33.65384615384615,28.4,26.6
Pitrufquén,CL PIT,La Araucanía,26811.0,80.15,very high (dependent),29.94,803128.0,63h3dkzzx3nmmdsvxb7s,CL,15.92,99.12,13.04,11.74,1.16,5.79,8.24,0.82,0.95,40.17,69.62,34.34,94.61,9.48,28.28,14.03,9.48,9164930.0,60.14,17.39,341835.0,63.0,37.0,100.0,46.0,3.73,46.0,23.566878980891715,14.423076923076922,30.448717948717945,22.8,77.77777777777779,61.95286195286195,45.83333333333333,61.9,42.4
Lago Verde,CL LVD,Aysén del General Carlos Ibáñez del Campo,762.0,80.14,very high (dependent),27.79,717500.0,62hfvkkhsfcku2cru3qw,CL,11.37,98.11,28.4,5.62,2.37,3.25,4.14,0.3,2.07,10.78,57.91,28.59,92.56,8.78,0.0,19.84,5.48,3067915.0,489.76,14.61,4026135.0,,,,,,,23.88535031847134,94.23076923076923,23.717948717948715,47.3,,,2.564102564102564,2.6,25.0
Lanco,CL LAN,Los Ríos,16861.0,80.05,very high (dependent),23.2,875994.0,62ur5rn8yc7pe0gtbwrm,CL,15.11,98.93,14.67,9.62,1.06,5.5,14.42,1.54,0.82,37.25,71.22,33.41,94.71,9.31,14.97,15.1,8.8,6340514.0,56.6,16.03,376046.0,45.0,44.0,89.0,40.45,5.28,36.0005,24.20382165605095,12.82051282051282,27.564102564102566,21.5,58.24915824915825,48.484848484848484,28.525641025641026,45.1,33.3
Máfil,CL MAF,Los Ríos,8036.0,80.0,very high (dependent),32.89,873481.0,62unjyq2bu87wkf13yp2,CL,12.92,98.94,24.26,8.91,0.39,4.76,9.94,1.03,1.22,31.71,67.65,17.83,94.39,9.31,26.61,13.06,15.02,4112239.0,78.14,14.03,511727.0,30.0,23.0,53.0,37.74,6.6,20.002200000000002,24.522292993630572,29.166666666666668,22.756410256410255,25.5,46.801346801346796,13.468013468013467,7.371794871794872,22.5,24.0
Ñiquén,CL NQN,Ñuble,12783.0,79.85,very high (dependent),33.57,671448.0,63sc7zmtdscgknsv6pw3,CL,17.0,98.03,35.67,11.6,1.09,4.49,5.11,4.23,1.01,9.62,76.06,3.03,91.66,8.27,4.02,6.85,6.27,4973856.0,76.72,17.8,389099.0,30.0,25.0,55.0,45.45,4.3,24.997500000000002,24.84076433121018,26.923076923076923,31.73076923076923,27.8,75.75757575757575,22.22222222222222,14.743589743589745,37.6,32.7
Tomé,CL TOM,Biobío,56766.0,79.55,very high (dependent),20.35,932386.0,63kpwn477xwnbfszvp8k,CL,15.75,99.53,7.85,10.1,0.97,6.19,9.74,1.62,0.55,58.71,71.02,5.35,95.42,10.13,41.15,14.14,11.79,23499209.0,64.02,16.09,413966.0,273.0,187.0,460.0,60.0,8.1,276.0,25.15923566878982,16.346153846153847,27.884615384615387,23.1,94.27609427609428,97.97979797979798,79.48717948717949,90.6,56.8
Yungay,CL YUN,Ñuble,18500.0,79.35,very high (dependent),32.58,705419.0,63kugjmdxkp029v1p7gv,CL,17.36,99.0,10.58,12.19,1.89,5.3,17.58,1.58,1.25,33.36,67.04,4.24,94.26,9.33,15.66,15.75,12.56,8567121.0,82.63,18.12,463088.0,58.0,27.0,85.0,48.24,4.59,41.004,25.477707006369428,33.65384615384615,32.69230769230769,30.6,81.48148148148148,55.892255892255896,42.94871794871795,60.1,45.4
Torres del Paine,CL TDP,Magallanes y de la Antártica Chilena,197.0,79.09,very high (dependent),6.87,1147000.0,4qujw6w6bfh7c0w1j5se,CL,10.11,100.0,34.25,1.37,0.0,0.68,0.68,0.0,0.0,20.0,25.0,14.21,96.28,11.02,10.09,29.0,10.83,2436858.0,408.94,17.94,12369838.0,18.0,5.0,23.0,34.78,116.75,7.9994,25.79617834394905,92.62820512820514,32.371794871794876,50.3,35.69023569023569,0.33670033670033667,0.9615384615384616,12.3,31.3
Quemchi,CL QMC,Los Lagos,8401.0,78.19,very high (dependent),27.08,756162.0,62eb13x8venve45t3xmy,CL,13.22,99.2,30.71,7.1,0.83,6.76,17.05,0.11,0.97,14.04,79.75,39.27,93.59,8.58,6.71,11.21,10.07,5163129.0,103.36,17.54,614585.0,35.0,35.0,70.0,38.57,8.33,26.999,26.11464968152866,50.0,30.76923076923077,35.6,49.32659932659932,28.78787878787879,17.307692307692307,31.8,33.7
Pumanque,CL PUM,Libertador General Bernardo O'Higgins,4559.0,78.08,very high (dependent),32.82,763000.0,63v50w58ktx66tth8qez,CL,13.74,98.69,32.53,10.73,0.73,2.91,8.44,1.01,0.84,6.98,72.59,3.88,92.5,8.78,7.77,5.8,11.78,3627420.0,152.59,14.81,795661.0,15.0,14.0,29.0,48.28,6.36,14.0012,26.59235668789809,74.35897435897436,24.03846153846154,41.7,81.81818181818183,4.040404040404041,3.8461538461538463,29.9,35.8
Quinchao,CL QCO,Los Lagos,7663.0,78.08,very high (dependent),25.83,704960.0,627y4enp2cq368x16m18,CL,12.56,99.23,24.38,5.91,1.3,7.61,6.59,0.07,0.65,14.77,78.8,47.44,93.58,8.85,22.49,13.72,6.75,8966187.0,108.59,9.95,1170062.0,69.0,14.0,83.0,38.55,10.83,31.996499999999997,26.59235668789809,52.88461538461539,12.179487179487179,30.6,48.821548821548824,39.05723905723906,45.19230769230769,44.4,37.5
Freire,CL FRE,La Araucanía,26153.0,78.01,very high (dependent),42.47,695000.0,63h6khqwwuj2xc62t031,CL,13.64,97.09,24.2,10.55,0.72,5.44,8.43,0.87,1.34,20.23,73.62,54.94,93.4,8.79,37.68,8.17,14.27,8757986.0,65.7,19.12,334875.0,52.0,42.0,94.0,29.79,3.59,28.0026,27.070063694267517,18.269230769230766,34.61538461538461,26.7,13.804713804713806,30.976430976430976,44.230769230769226,29.7,28.2
Curanilahue,CL CRN,Biobío,31041.0,77.72,very high (dependent),24.26,786521.0,637fv2rw0t9egwutn2j4,CL,12.82,99.06,10.77,6.99,0.55,5.05,11.38,3.48,0.8,59.43,74.54,12.78,93.78,9.19,13.86,9.01,10.31,16503569.0,56.79,11.68,531670.0,83.0,52.0,135.0,29.63,4.35,40.0005,27.38853503184714,13.461538461538462,16.666666666666664,19.2,12.962962962962962,53.87205387205387,69.55128205128204,45.5,32.4
El Carmen,CL ELC,Ñuble,13122.0,77.69,very high (dependent),25.02,738063.0,63kvvjfxcz959b8c40ym,CL,16.47,99.21,27.24,10.98,0.84,5.98,5.17,1.65,0.96,25.46,70.46,2.69,92.93,8.57,14.2,10.05,10.47,5737797.0,84.01,17.91,437265.0,61.0,40.0,101.0,28.71,7.7,28.997100000000003,27.70700636942675,35.256410256410255,32.05128205128205,31.7,9.427609427609427,31.64983164983165,24.679487179487182,21.9,26.8
Coinco,CL COO,Libertador General Bernardo O'Higgins,7914.0,77.68,very high (dependent),23.45,915662.0,63vscp07hwcsrdm118kr,CL,13.37,99.46,22.6,6.07,0.5,7.81,12.49,3.58,1.49,39.63,67.9,5.17,95.2,9.26,15.42,11.1,8.28,4005266.0,87.16,17.37,506099.0,37.0,32.0,69.0,43.48,8.72,30.001199999999997,28.025477707006374,39.42307692307692,30.128205128205128,32.5,68.51851851851852,35.01683501683502,6.41025641025641,36.6,34.6
Putaendo,CL PTO,Valparaíso,17057.0,77.54,very high (dependent),26.78,850000.0,66jz5nzxp5cdh894f7gb,CL,13.45,99.4,19.14,7.99,0.6,5.36,6.61,5.4,1.83,37.55,68.83,6.43,95.13,9.71,15.3,12.06,12.77,6326347.0,63.92,18.13,370894.0,56.0,29.0,85.0,41.18,4.98,35.003,28.343949044585997,16.025641025641026,33.01282051282051,25.8,60.77441077441077,46.96969696969697,28.205128205128204,45.3,35.6
Colchane,CL CNE,Tarapacá,684.0,77.27,very high (dependent),34.88,537834.0,6kx1cmj2jc6sz1z24v0n,CL,13.85,83.4,23.59,15.38,0.0,7.18,2.05,1.03,1.54,2.86,51.82,90.63,85.97,6.17,0.0,17.81,11.86,4420422.0,342.9,12.17,6462605.0,18.0,9.0,27.0,51.85,39.47,13.9995,28.662420382165607,91.02564102564102,18.58974358974359,46.1,87.54208754208754,3.7037037037037033,9.935897435897436,33.7,39.9
Maule,CL MAU,Maule,61008.0,76.66,very high (dependent),27.0,830231.0,63tjbpv95r3137t4ppw9,CL,10.84,99.74,9.15,10.25,1.36,6.14,8.86,1.76,0.66,63.35,74.1,3.71,94.8,9.81,30.72,17.09,8.1,14568177.0,43.08,19.78,238791.0,39.0,38.0,77.0,33.77,1.26,26.002900000000004,28.98089171974523,3.8461538461538463,36.217948717948715,23.0,30.47138047138047,27.77777777777778,64.42307692307693,40.9,32.0
Negrete,CL NEG,Biobío,10723.0,76.53,very high (dependent),26.57,677146.0,63k6h3xt0801fkfx0pzz,CL,17.23,99.3,17.8,14.32,1.2,5.41,12.45,3.29,0.75,23.96,73.92,8.53,92.65,8.68,15.74,10.79,7.36,5298433.0,84.07,16.72,494119.0,24.0,32.0,56.0,35.71,5.22,19.997600000000002,29.29936305732484,35.57692307692308,29.48717948717949,31.5,39.225589225589225,12.457912457912458,18.269230769230766,23.3,27.4
Cabrero,CL CAB,Biobío,31242.0,76.36,very high (dependent),29.82,837748.0,63kt0vjd1rfg5h8pkt6t,CL,14.31,99.61,9.04,10.12,3.15,8.14,17.39,1.73,0.74,45.08,71.65,5.04,93.32,9.19,16.94,14.86,12.02,13111972.0,84.69,20.04,419691.0,64.0,59.0,123.0,45.53,3.94,56.001900000000006,29.617834394904463,36.217948717948715,37.17948717948718,34.3,76.43097643097643,68.35016835016835,62.17948717948718,69.0,51.6
San Gregorio,CL SGR,Magallanes y de la Antártica Chilena,224.0,76.32,very high (dependent),4.83,1000000.0,4qwn653cdmr85n3dhnu9,CL,4.61,95.37,42.47,5.48,0.0,4.11,0.68,2.05,0.0,16.36,25.45,22.32,97.24,9.87,12.82,11.82,0.0,2473686.0,771.89,20.53,11043241.0,16.0,8.0,24.0,91.67,107.14,22.0008,29.936305732484087,97.43589743589743,39.1025641025641,55.5,99.32659932659934,16.4983164983165,1.282051282051282,39.0,47.2
Vilcún,CL VCN,La Araucanía,31515.0,76.3,very high (dependent),37.25,748973.0,63heyfn37876tv826h5k,CL,11.94,98.32,16.37,11.05,1.06,6.92,8.67,0.76,1.08,31.68,75.51,36.77,94.02,9.17,23.06,11.53,14.71,12882412.0,63.52,15.9,408771.0,51.0,28.0,79.0,55.7,2.51,44.00300000000001,30.254777070063696,15.705128205128204,27.24358974358974,24.4,91.58249158249158,59.25925925925925,61.53846153846154,70.8,47.6
Punitaqui,CL PUN,Coquimbo,12063.0,76.2,very high (dependent),39.46,713917.0,66mrby3nj1pyej52cfcj,CL,14.91,98.28,18.72,7.99,0.67,3.83,4.66,21.49,1.17,20.44,70.25,19.19,93.73,8.61,20.21,11.72,12.48,5356437.0,84.27,19.57,444039.0,,,,,,,30.57324840764332,35.8974358974359,35.8974358974359,34.1,,,19.55128205128205,19.6,26.8
Fresia,CL FRS,Los Lagos,12297.0,76.16,very high (dependent),35.48,848280.0,62etvh4ehvq4e4ktrm33,CL,14.11,99.03,30.94,10.11,0.43,4.89,6.87,0.24,0.6,33.95,73.19,23.64,92.93,8.51,24.06,11.62,4.02,4854920.0,74.48,19.32,394805.0,45.0,14.0,59.0,42.37,4.8,24.998299999999997,30.89171974522293,25.64102564102564,34.93589743589743,30.5,64.14141414141415,23.063973063973066,13.141025641025642,33.4,32.0
San Fabián,CL SFN,Ñuble,5241.0,76.02,very high (dependent),31.27,738668.0,63mrcuf56ftf1evfu8nz,CL,15.41,99.25,18.61,12.81,1.18,3.08,6.87,1.38,1.03,25.72,69.19,4.37,91.71,9.12,4.22,14.99,3.27,3273210.0,136.98,19.92,624539.0,25.0,17.0,42.0,59.52,8.01,24.998400000000004,31.210191082802552,69.23076923076923,36.53846153846153,45.7,93.60269360269359,23.56902356902357,3.5256410256410255,40.2,43.0
Los Vilos,CL LOS,Coquimbo,22835.0,75.9,very high (dependent),25.04,864257.0,66m616w4qwyxf9gzyt0c,CL,13.52,98.4,10.04,10.38,1.53,5.83,5.37,5.96,1.2,44.74,66.38,11.87,94.61,9.38,12.35,17.57,3.59,13865882.0,122.9,21.42,607221.0,56.0,53.0,109.0,45.87,4.77,49.9983,31.528662420382176,63.141025641025635,40.705128205128204,45.1,76.76767676767676,65.31986531986533,63.46153846153846,68.5,56.8
Cauquenes,CL CAU,Maule,42064.0,75.87,very high (dependent),33.44,701442.0,63se75wu6rvrbs3p9k55,CL,12.83,99.5,18.81,9.08,1.11,5.25,6.06,1.01,0.57,42.79,71.14,2.95,93.34,9.14,26.81,15.63,20.17,14823866.0,68.21,20.42,352412.0,107.0,41.0,148.0,31.76,3.52,47.004799999999996,31.847133757961785,20.51282051282051,38.46153846153847,30.3,21.885521885521886,62.96296296296296,66.34615384615384,50.4,40.4
Angol,CL ANG,La Araucanía,52446.0,75.84,very high (dependent),28.57,889583.0,63k1pkrvnfrtxfvyb8rq,CL,14.44,99.56,12.28,8.47,1.51,5.07,7.72,1.33,0.6,56.56,70.86,12.54,94.05,9.58,18.79,17.5,7.13,18682687.0,62.12,18.83,356227.0,133.0,90.0,223.0,29.6,4.25,66.00800000000001,32.16560509554141,15.064102564102564,33.97435897435898,27.1,12.457912457912458,75.08417508417509,73.3974358974359,53.6,40.4
Dalcahue,CL DCH,Los Lagos,14889.0,75.65,very high (dependent),19.31,836666.0,627rrcf2665bb8n6tj0e,CL,9.77,99.32,21.39,7.02,1.06,9.24,16.28,0.35,0.97,21.3,73.9,27.11,95.35,8.93,18.57,18.75,7.43,12604431.0,80.68,9.84,846560.0,48.0,19.0,67.0,34.33,4.5,23.0011,32.48407643312102,32.371794871794876,11.858974358974358,25.6,34.00673400673401,18.51851851851852,59.93589743589743,37.5,31.6
Retiro,CL RET,Maule,22308.0,75.61,very high (dependent),36.64,612294.0,63sgjqp22cry4sxtnr4x,CL,14.93,99.62,44.33,6.79,0.84,3.91,7.06,0.81,0.73,32.43,76.58,3.03,92.73,8.43,8.2,7.59,3.13,7318611.0,68.16,19.93,328071.0,53.0,23.0,76.0,36.84,3.41,27.998400000000004,32.961783439490446,20.192307692307693,36.858974358974365,30.0,42.592592592592595,29.629629629629626,36.53846153846153,36.3,33.2
Maullín,CL MLL,Los Lagos,15054.0,75.61,very high (dependent),42.83,645000.0,62eepkmec60hbqssu0wk,CL,14.23,98.57,35.18,7.22,0.55,6.44,8.03,0.21,0.99,15.17,78.62,21.67,93.9,8.65,24.32,10.17,6.84,6980005.0,83.41,17.66,463664.0,24.0,25.0,49.0,26.53,3.25,12.999700000000002,32.961783439490446,34.294871794871796,31.08974358974359,32.8,6.0606060606060606,2.6936026936026933,33.01282051282051,13.9,23.3
Santa Juana,CL SJU,Biobío,14934.0,75.52,very high (dependent),23.98,840341.0,63k5gvbp741kf34c5te5,CL,15.76,98.95,16.49,11.72,1.13,5.79,7.3,1.7,0.94,33.76,77.91,8.61,92.92,8.96,32.72,10.84,15.39,8957549.0,106.98,17.76,599809.0,41.0,36.0,77.0,48.05,5.16,36.9985,33.439490445859875,52.56410256410257,31.41025641025641,39.1,81.14478114478115,49.831649831649834,44.871794871794876,58.6,48.8
Loncoche,CL LNC,La Araucanía,25096.0,75.41,very high (dependent),31.35,743917.0,63h2h76v0kj3py0f8sf1,CL,15.66,98.67,14.7,13.07,1.09,4.91,11.69,0.9,0.73,41.47,71.93,33.56,94.32,9.08,14.46,12.14,23.53,9798935.0,73.07,18.48,390458.0,66.0,49.0,115.0,33.04,4.58,37.995999999999995,33.7579617834395,24.358974358974358,33.33333333333333,30.5,27.609427609427613,50.841750841750844,48.07692307692308,42.2,36.4
San Carlos,CL SCR,Ñuble,55629.0,74.93,very high (dependent),32.6,700000.0,63sc10jmymwvg3t60qv2,CL,15.78,99.59,17.05,10.06,1.04,5.9,8.26,2.89,0.77,41.27,71.73,2.96,93.31,9.18,21.52,14.15,10.36,16665138.0,65.1,22.22,299576.0,35.0,51.0,86.0,61.63,1.55,53.0018,34.07643312101911,17.628205128205128,44.55128205128205,32.1,95.45454545454545,66.66666666666666,69.87179487179486,77.3,54.7
Pichilemu,CL PLM,Libertador General Bernardo O'Higgins,19794.0,74.88,very high (dependent),24.84,803713.0,63uu7ss6d70ushq5brvc,CL,12.58,99.55,6.7,12.49,0.74,3.12,6.55,0.84,0.93,48.31,57.96,5.9,94.7,10.09,11.3,24.15,2.88,18487467.0,215.08,21.62,933993.0,77.0,59.0,136.0,38.97,6.87,52.9992,34.39490445859873,84.61538461538461,41.98717948717949,53.7,51.178451178451176,66.32996632996633,72.43589743589743,63.3,58.5
Puente Alto,CL PTA,Metropolitana de Santiago,564435.0,74.85,very high (dependent),20.72,1142000.0,66jbfkvme8skdr4g662n,CL,10.81,99.91,0.36,9.31,1.29,7.31,8.69,1.35,0.68,79.33,73.09,9.2,96.49,10.43,57.51,18.82,10.84,127416955.0,41.71,21.75,225742.0,613.0,314.0,927.0,37.22,1.64,345.02939999999995,34.713375796178354,2.8846153846153846,42.30769230769231,26.6,44.78114478114478,98.98989898989899,97.75641025641025,80.5,53.6
Padre Las Casas,CL PLC,La Araucanía,80567.0,74.82,very high (dependent),35.21,803936.0,63h7kbqb36e6ctvuj34m,CL,11.61,98.6,7.26,12.41,1.33,7.21,8.62,0.7,1.01,39.93,76.75,51.33,94.31,9.33,45.8,13.21,12.06,22635080.0,53.69,20.07,280947.0,108.0,79.0,187.0,44.39,2.32,83.0093,35.031847133757964,9.935897435897436,37.5,27.5,71.38047138047138,80.13468013468014,78.84615384615384,76.8,52.2
Illapel,CL ILL,Coquimbo,31732.0,74.18,very high (dependent),28.44,953910.0,66ms908un5stzp7dw80v,CL,11.67,99.48,5.34,8.16,0.96,5.48,4.52,19.66,1.4,43.98,68.89,8.4,94.68,9.37,21.14,17.2,9.29,9735986.0,64.96,22.01,306819.0,,,,,,,35.35031847133759,17.307692307692307,43.269230769230774,32.0,,,47.43589743589743,47.4,39.7
Los Muermos,CL LMU,Los Lagos,17138.0,74.15,very high (dependent),31.41,767580.0,62esmxup6j1kfy2026v7,CL,11.6,98.94,36.54,7.53,0.79,6.34,7.17,0.18,0.41,26.04,71.85,15.7,93.95,8.46,15.63,12.26,3.4,6447649.0,70.16,19.4,376219.0,26.0,38.0,64.0,53.13,3.73,34.0032,35.6687898089172,22.756410256410255,35.256410256410255,31.2,89.22558922558923,45.45454545454545,29.166666666666668,54.6,42.9
Vicuña,CL VIC,Coquimbo,27996.0,73.93,very high (dependent),25.82,750000.0,66tvyqm60h9d7pz5h682,CL,11.96,99.35,21.76,6.64,0.51,4.07,6.15,11.54,1.11,39.75,67.64,13.62,95.67,9.47,12.68,15.63,5.2,12358652.0,88.88,21.84,441443.0,53.0,71.0,124.0,32.26,4.43,40.0024,35.98726114649682,41.02564102564102,42.94871794871795,40.0,24.242424242424242,54.54545454545454,58.65384615384615,45.8,42.9
Chépica,CL CHE,Libertador General Bernardo O'Higgins,15560.0,73.86,very high (dependent),29.29,848917.0,63v604m67chvd35zctzn,CL,12.86,99.67,43.06,5.73,0.79,3.87,4.29,1.09,1.0,27.18,75.97,1.9,92.84,8.73,13.72,9.67,9.26,7082677.0,81.45,18.52,455185.0,46.0,25.0,71.0,43.66,4.56,30.9986,36.30573248407644,33.01282051282051,33.65384615384615,34.3,69.02356902356902,37.03703703703704,33.97435897435898,46.7,40.5
Placilla,CL PLA,Libertador General Bernardo O'Higgins,9437.0,73.77,very high (dependent),28.55,705168.0,63v7n3u98uu4f9qsbveh,CL,15.19,99.35,39.76,6.24,0.69,3.33,7.47,1.36,0.8,36.47,65.53,5.32,93.71,8.98,18.37,10.86,12.71,4394158.0,89.63,18.89,465631.0,31.0,14.0,45.0,55.56,4.77,25.002,36.62420382165605,41.34615384615385,34.294871794871796,37.4,91.07744107744108,24.915824915824917,9.615384615384617,41.9,39.6
Santa Bárbara,CL SBA,Biobío,14027.0,73.66,very high (dependent),31.06,743500.0,63kczr1zdu0vuwgwynrd,CL,15.67,99.28,16.86,12.37,1.51,4.65,5.9,2.9,0.88,28.09,69.37,14.66,93.05,8.94,8.15,14.6,15.49,5107230.0,76.95,22.08,364100.0,37.0,37.0,74.0,51.35,5.28,37.999,36.94267515923567,27.24358974358974,43.58974358974359,35.9,86.19528619528619,51.85185185185185,16.666666666666664,51.6,43.8
San Javier,CL SJV,Maule,49452.0,73.52,very high (dependent),23.73,843250.0,63sv73bnn40jeu95rhqz,CL,13.51,99.75,18.75,9.16,0.78,7.11,9.21,2.0,0.89,53.27,74.6,3.47,93.54,9.04,8.08,12.91,5.89,15642502.0,64.95,21.17,316317.0,116.0,64.0,180.0,31.67,3.64,57.00600000000001,37.261146496815286,16.98717948717949,39.743589743589745,31.3,21.21212121212121,70.03367003367003,67.94871794871796,53.1,42.2
Victoria,CL ZIC,La Araucanía,34089.0,73.12,very high (dependent),39.31,664776.0,63hwhr1pmnev2vdutq9j,CL,12.97,98.34,11.85,7.39,1.17,6.2,7.27,0.77,0.83,50.07,69.8,28.19,94.25,9.4,16.64,15.39,11.15,12293851.0,74.19,21.45,360640.0,69.0,72.0,141.0,24.11,4.14,33.9951,37.57961783439491,25.0,41.34615384615385,34.6,3.3670033670033668,43.77104377104377,58.333333333333336,35.2,34.9
Bulnes,CL BUL,Ñuble,23785.0,72.81,very high (dependent),35.1,740750.0,63kwen8034ewwxhjfnk8,CL,14.92,99.24,18.75,9.35,1.08,6.23,10.98,3.23,1.15,35.66,71.85,4.1,93.19,9.17,28.62,11.76,2.22,7528646.0,74.58,22.52,316529.0,52.0,40.0,92.0,43.48,3.87,40.001599999999996,37.898089171974526,25.961538461538463,45.51282051282051,36.5,68.51851851851852,54.20875420875421,38.782051282051285,53.8,45.2
Caldera,CL CLD,Atacama,18717.0,72.53,very high (dependent),10.8,996864.0,67jtxdf6x789jfj640pm,CL,13.77,99.17,12.23,6.66,0.65,7.17,7.23,8.44,1.39,46.03,69.4,28.99,95.73,9.96,17.75,18.06,7.49,13520147.0,154.93,22.76,722346.0,89.0,52.0,141.0,68.79,7.53,96.99390000000001,38.21656050955414,75.0,46.15384615384615,53.1,97.64309764309765,84.17508417508418,63.141025641025635,81.7,67.4
Ancud,CL ZUD,Los Lagos,40570.0,72.0,very high (dependent),18.49,901524.0,62e8bwvnwmuddsy4e7vd,CL,12.9,99.54,18.23,8.18,0.83,7.14,10.38,0.23,0.67,36.05,72.16,28.18,95.26,9.54,23.98,16.4,6.32,28324522.0,78.31,11.75,698164.0,88.0,59.0,147.0,32.65,3.62,47.9955,38.53503184713376,30.128205128205128,17.628205128205128,28.8,27.104377104377104,63.2996632996633,83.01282051282051,57.8,43.3
Quinta de Tilcoco,CL QDT,Libertador General Bernardo O'Higgins,13558.0,71.87,very high (dependent),25.31,766348.0,63vs83hfcke4v7q1464b,CL,15.04,99.66,35.02,6.56,0.44,4.09,10.4,1.66,0.49,33.61,69.73,5.95,93.53,9.15,10.25,14.6,11.89,5686443.0,83.78,20.91,419416.0,50.0,85.0,135.0,31.11,9.96,41.9985,38.853503184713375,34.93589743589743,39.42307692307692,37.7,18.51851851851852,56.22895622895623,23.717948717948715,32.8,35.2
Peumo,CL PEU,Libertador General Bernardo O'Higgins,14076.0,71.8,very high (dependent),24.38,905856.0,63vkeq9f7whm1x0gnx32,CL,14.79,99.69,29.43,4.65,0.62,4.3,11.75,1.02,0.79,57.24,69.94,4.98,93.44,9.14,11.35,12.89,8.97,4985841.0,77.33,23.29,354209.0,29.0,27.0,56.0,46.43,3.98,26.000799999999998,39.171974522293,27.564102564102566,47.43589743589743,38.1,78.45117845117845,26.936026936026934,15.384615384615385,40.3,39.2
Renaico,CL RNO,La Araucanía,10681.0,71.74,very high (dependent),25.14,966994.0,63k3kt8p51sxmc0gnpq6,CL,16.64,99.5,24.11,11.25,2.6,4.78,10.34,2.91,0.68,27.68,74.64,10.08,92.79,8.71,8.43,13.15,6.52,4915656.0,106.31,23.71,460224.0,34.0,25.0,59.0,40.68,5.52,24.0012,39.490445859872615,51.28205128205128,49.67948717948718,46.8,58.92255892255892,21.885521885521886,13.782051282051283,31.5,39.2
Alto Hospicio,CL AHP,Tarapacá,139445.0,71.51,very high (dependent),34.46,984239.0,6kqjnu7kqd2fjtm5hm0g,CL,10.39,98.94,0.85,10.28,0.9,9.66,5.87,10.47,1.22,60.45,55.81,29.38,95.33,9.08,37.87,22.97,11.1,27951929.0,46.83,23.5,200451.0,62.0,80.0,142.0,39.44,1.02,56.004799999999996,39.80891719745223,7.051282051282051,48.3974358974359,31.8,52.52525252525253,69.02356902356902,82.37179487179486,68.0,49.9
Chimbarongo,CL CBG,Libertador General Bernardo O'Higgins,37249.0,71.38,very high (dependent),27.67,887588.0,63vd2c9kh816ge984nq7,CL,14.89,99.65,37.31,5.03,0.52,4.82,8.83,1.19,0.83,40.24,69.5,4.23,93.96,8.94,12.61,12.01,9.48,10839486.0,66.02,23.32,291001.0,76.0,59.0,135.0,34.81,3.62,46.993500000000004,40.12738853503185,18.91025641025641,47.756410256410255,35.6,36.02693602693603,62.2895622895623,54.48717948717948,50.9,43.2
Lolol,CL LOL,Libertador General Bernardo O'Higgins,7790.0,71.35,very high (dependent),26.21,799171.0,63v41wdvpxqeg8vk1drx,CL,13.43,99.37,38.59,7.63,0.52,3.68,4.16,0.83,1.46,17.96,71.0,2.57,90.54,8.75,8.28,11.05,9.94,4206939.0,121.57,21.44,540044.0,50.0,28.0,78.0,62.82,10.01,48.9996,40.445859872611464,61.21794871794872,41.02564102564102,47.6,96.29629629629629,64.98316498316498,8.333333333333332,56.5,52.0
Río Negro,CL RNE,Los Lagos,13847.0,71.14,very high (dependent),23.04,862923.0,62gb13gxfbsuhjtbuuyt,CL,15.02,99.06,27.34,9.58,1.08,6.01,7.85,0.57,0.51,29.22,67.34,37.93,94.14,9.07,22.34,10.31,9.49,5484552.0,83.42,21.5,396082.0,27.0,24.0,51.0,50.98,3.68,25.999799999999997,40.76433121019109,34.61538461538461,41.66666666666667,39.0,85.18518518518519,25.925925925925924,20.51282051282051,43.9,41.4
Parral,CL PRL,Maule,45014.0,71.11,very high (dependent),34.01,729118.0,63t19wtnvm59wfx3321u,CL,13.44,99.67,19.41,8.76,1.73,4.8,7.94,1.25,0.68,44.17,72.5,2.77,93.12,9.13,17.04,15.0,7.92,15076220.0,76.18,22.91,334923.0,105.0,100.0,205.0,31.22,4.55,64.00099999999999,41.082802547770704,26.602564102564102,46.47435897435898,38.1,19.52861952861953,73.73737373737373,66.98717948717949,53.4,45.8
San Clemente,CL SCT,Maule,47061.0,71.01,very high (dependent),37.28,700000.0,63tsgfcdzxrkczupqdy1,CL,14.81,99.62,29.23,11.46,2.04,3.79,5.64,3.55,1.03,37.49,73.01,3.94,93.01,8.67,21.06,10.62,11.29,14639403.0,72.96,23.72,311073.0,87.0,43.0,130.0,44.62,2.76,58.006,41.40127388535032,24.03846153846154,50.0,38.5,72.39057239057239,71.04377104377105,65.06410256410257,69.5,54.0
Tucapel,CL TUC,Biobío,15692.0,71.0,very high (dependent),32.51,686667.0,63kuprm66g560z25hhev,CL,16.48,99.51,14.81,12.63,1.63,4.37,12.79,2.54,0.74,45.74,71.83,4.18,94.09,9.27,6.74,13.78,8.88,8582485.0,96.87,17.36,546934.0,43.0,26.0,69.0,37.68,4.4,25.999200000000002,41.71974522292994,46.47435897435898,29.807692307692307,39.3,46.464646464646464,25.589225589225588,43.269230769230774,38.4,38.8
Canela,CL CAN,Coquimbo,9638.0,70.94,very high (dependent),33.06,731696.0,66mjr7kqcuv9vb9zgf67,CL,13.45,98.67,8.06,15.94,1.17,6.1,5.57,14.83,2.12,13.07,80.23,6.94,92.21,8.16,24.43,7.91,1.61,4676208.0,116.32,23.69,485184.0,22.0,21.0,43.0,34.88,4.46,14.9984,42.038216560509554,58.97435897435898,49.358974358974365,50.1,36.36363636363637,4.377104377104377,11.858974358974358,17.5,33.8
Laja,CL LAJ,Biobío,23691.0,70.9,very high (dependent),22.73,713742.0,63k7sr7n2cp96r30kx41,CL,16.75,99.33,5.55,15.59,2.14,5.13,18.61,3.93,0.67,45.65,72.34,6.65,92.76,9.28,23.89,14.63,9.69,10752246.0,95.52,21.24,453854.0,52.0,23.0,75.0,42.67,3.17,32.002500000000005,42.515923566878975,45.19230769230769,40.06410256410257,42.6,65.31986531986533,40.4040404040404,54.166666666666664,53.3,48.0
San Pedro,CL SPE,Metropolitana de Santiago,11092.0,70.9,very high (dependent),29.94,944155.0,63vnynfpx4fqbe7xsjhe,CL,11.49,99.38,40.85,7.74,0.98,4.93,9.74,1.22,0.65,21.52,70.21,8.06,94.35,8.61,14.68,15.84,6.1,4322447.0,86.21,24.76,389690.0,102.0,20.0,122.0,18.85,11.0,22.997,42.515923566878975,37.82051282051282,52.88461538461539,44.4,0.6734006734006733,17.50841750841751,8.974358974358974,9.1,26.8
Molina,CL MOL,Maule,48477.0,70.87,very high (dependent),27.71,884612.0,63twfkhzffnbmhdqgr2g,CL,13.5,99.63,29.76,6.25,0.65,5.09,10.8,0.72,0.8,57.08,70.98,5.79,93.95,9.19,24.28,15.93,9.84,15153461.0,73.31,24.93,312591.0,88.0,56.0,144.0,45.14,2.97,65.0016,42.99363057324841,24.679487179487182,53.52564102564102,40.4,74.07407407407408,74.07407407407408,67.3076923076923,71.8,56.1
Graneros,CL GRA,Libertador General Bernardo O'Higgins,35754.0,70.81,very high (dependent),22.75,1147500.0,63vwnne962kmj6vn93td,CL,10.02,99.94,21.78,6.27,0.88,5.64,10.9,3.94,0.64,68.2,68.15,7.42,95.11,9.74,23.96,21.54,4.5,9481900.0,58.2,23.2,265198.0,30.0,51.0,81.0,29.63,2.27,24.0003,43.31210191082803,13.782051282051283,46.794871794871796,34.6,12.962962962962962,21.21212121212121,47.11538461538461,27.1,30.8
Constitución,CL CST,Maule,46888.0,70.67,very high (dependent),26.71,850000.0,63swg664gtf8t4gt0drz,CL,13.48,99.59,15.47,7.0,1.13,6.96,14.88,1.18,0.9,35.97,67.68,4.2,94.16,9.25,24.34,18.91,9.64,19110423.0,94.13,24.92,407576.0,88.0,40.0,128.0,28.91,2.73,37.0048,43.78980891719745,43.91025641025641,53.205128205128204,47.0,10.1010101010101,50.505050505050505,74.03846153846155,44.9,46.0
Rauco,CL RAU,Maule,11265.0,70.67,very high (dependent),34.21,788918.0,63v1nxtn037yx3dnv5hr,CL,15.51,99.27,37.05,6.92,0.64,4.18,6.53,0.82,0.71,33.45,69.82,4.34,92.46,8.84,15.99,11.0,7.53,5487589.0,95.94,20.34,487136.0,23.0,21.0,44.0,45.45,3.91,19.998,43.78980891719745,45.51282051282051,38.141025641025635,42.5,75.75757575757575,12.794612794612794,20.833333333333336,36.5,39.5
Castro,CL WCA,Los Lagos,46664.0,70.59,very high (dependent),16.31,967282.0,627w2echhtjjc21wzuw3,CL,11.57,99.76,10.76,7.56,1.36,7.4,9.85,0.26,0.76,44.06,63.75,26.94,95.96,9.97,27.42,26.56,3.98,35527639.0,113.08,15.43,761350.0,150.0,59.0,209.0,40.19,4.48,83.99709999999999,44.26751592356688,55.92948717948718,25.961538461538463,42.1,57.23905723905723,80.47138047138047,84.93589743589743,74.2,58.2
Camarones,CL CAM,Arica y Parinacota,861.0,70.34,very high (dependent),38.43,529694.0,6kwkm8e40uxz23nu4jw4,CL,15.23,92.51,40.0,4.71,0.24,4.71,5.65,2.59,0.24,2.97,61.56,79.88,96.16,9.18,3.46,5.03,2.76,3788740.0,689.89,22.65,4400395.0,,,,,,,44.5859872611465,97.11538461538461,45.83333333333333,62.5,,,4.807692307692308,4.8,33.6
Mulchén,CL MUL,Biobío,28857.0,70.21,very high (dependent),36.1,713320.0,63k8xrsx9dgjpjyqpv8n,CL,13.71,99.48,26.0,7.69,0.99,6.22,8.49,1.37,0.84,51.18,68.14,11.2,92.96,8.82,20.58,13.82,8.69,9818030.0,74.33,23.55,340230.0,59.0,29.0,88.0,37.5,3.05,33.0,44.904458598726116,25.320512820512818,49.03846153846153,39.8,45.45454545454545,41.75084175084175,48.3974358974359,45.2,42.5
Pichidegua,CL PDH,Libertador General Bernardo O'Higgins,20320.0,70.13,very high (dependent),26.43,800000.0,63vk2wut20s6qtu9w35c,CL,13.82,99.42,37.8,6.04,0.38,4.36,11.52,0.74,0.94,36.6,73.43,3.19,93.39,8.73,10.96,9.81,4.59,7387853.0,78.04,22.19,363575.0,49.0,28.0,77.0,37.66,3.79,28.9982,45.22292993630573,28.205128205128204,44.230769230769226,39.2,46.12794612794613,31.986531986531986,37.17948717948718,38.4,38.8
Malloa,CL MAL,Libertador General Bernardo O'Higgins,13877.0,70.1,very high (dependent),12.91,876670.0,63veg5xzz73bb3psg1jj,CL,13.47,99.0,31.4,4.88,0.79,5.92,14.91,1.98,0.94,28.88,69.61,5.49,93.98,8.98,9.55,9.85,7.76,6763221.0,97.24,20.52,487369.0,61.0,12.0,73.0,52.05,5.26,37.9965,45.54140127388535,46.794871794871796,38.782051282051285,43.7,88.21548821548821,51.515151515151516,30.76923076923077,56.8,50.2
San Rafael,CL SRA,Maule,11225.0,69.73,high,26.41,682816.0,63tphvqs7w7d62h5q5ff,CL,17.87,99.69,21.9,11.67,1.08,5.0,8.14,2.93,1.54,27.67,74.97,4.76,93.12,8.86,13.06,8.44,9.78,4751752.0,110.3,23.89,423319.0,22.0,18.0,40.0,40.0,3.56,16.0,45.85987261146497,54.48717948717948,50.32051282051282,50.2,56.22895622895623,6.7340067340067336,12.5,25.2,37.7
Llaillay,CL LLA,Valparaíso,25442.0,69.52,high,35.86,747103.0,66jsfsfuyy235ctj4uuh,CL,12.65,99.53,21.13,7.2,0.93,6.36,9.64,6.56,1.45,48.39,69.26,5.25,94.46,9.35,31.59,17.21,8.82,7549993.0,69.67,25.03,296753.0,66.0,40.0,106.0,29.25,4.17,31.005,46.17834394904459,22.115384615384613,53.84615384615385,40.7,11.11111111111111,38.72053872053872,39.42307692307692,29.8,35.2
Cunco,CL CUN,La Araucanía,19070.0,69.41,high,35.59,748622.0,63hf3b2vjqvz2us4m8t1,CL,15.03,98.78,18.84,13.85,1.22,3.98,6.73,1.02,0.9,23.3,70.76,31.82,94.54,9.09,21.14,10.53,18.95,10160949.0,109.84,19.53,532824.0,51.0,37.0,88.0,36.36,4.61,31.996799999999997,46.496815286624205,53.84615384615385,35.57692307692308,45.3,41.41414141414141,39.39393939393939,50.32051282051282,43.7,44.5
Freirina,CL FRN,Atacama,7558.0,69.23,high,31.75,626973.0,66vkh69d862ckjm2dn31,CL,12.5,97.39,12.16,10.28,2.45,5.7,6.87,15.18,1.41,10.35,76.02,27.64,94.24,9.01,21.93,7.91,15.34,4421441.0,139.22,24.59,585001.0,21.0,41.0,62.0,37.1,8.2,23.002,46.81528662420382,70.1923076923077,52.243589743589745,56.4,44.44444444444444,18.855218855218855,10.256410256410255,24.5,40.4
Catemu,CL CAT,Valparaíso,13755.0,69.06,high,28.73,800654.0,66jtctg9txpnsm7ytwye,CL,12.88,99.4,24.42,7.23,1.21,5.55,6.08,13.69,1.11,22.53,73.73,4.65,94.42,9.08,13.65,13.02,7.91,5541813.0,90.26,25.41,402894.0,45.0,32.0,77.0,42.86,5.6,33.0022,47.13375796178344,41.98717948717949,54.807692307692314,48.0,66.16161616161617,42.08754208754209,21.794871794871796,43.3,45.6
Yerbas Buenas,CL YBU,Maule,20010.0,68.87,high,25.89,750000.0,63thgyzhh89ervuf2d4d,CL,14.31,99.1,38.28,7.95,1.19,5.18,6.79,1.87,0.99,25.48,75.62,3.74,92.1,8.35,18.3,8.06,8.32,6901627.0,82.43,23.48,344909.0,47.0,25.0,72.0,26.39,3.6,19.0008,47.452229299363054,33.33333333333333,48.07692307692308,43.0,5.387205387205387,11.447811447811448,32.05128205128205,16.3,29.6
Hualañé,CL HLE,Maule,10771.0,68.53,high,28.68,810139.0,63v10jp1zm1supmpr03r,CL,14.86,99.55,26.91,9.26,0.96,4.33,6.33,0.71,0.98,36.57,69.04,6.38,91.38,8.75,11.53,14.58,7.6,5582716.0,119.1,21.82,518310.0,41.0,35.0,76.0,38.16,7.06,29.001599999999996,47.77070063694268,59.93589743589743,42.628205128205124,50.1,47.13804713804714,33.33333333333333,22.756410256410255,34.4,42.2
Huara,CL HUA,Tarapacá,2850.0,68.51,high,26.47,665000.0,6kw2qzes499dupz1bn24,CL,13.39,94.75,34.94,6.38,0.33,3.85,2.7,9.25,0.82,9.54,55.94,66.6,93.47,8.1,1.84,17.97,4.31,4840782.0,376.65,23.96,1698520.0,19.0,8.0,27.0,55.56,9.47,15.001199999999999,48.089171974522294,92.3076923076923,50.641025641025635,63.7,91.07744107744108,5.387205387205387,12.82051282051282,36.4,50.0
Villa Alemana,CL VIA,Valparaíso,139075.0,68.43,high,18.63,1132000.0,66j7bu4zy385x1webxtk,CL,10.15,99.83,0.85,8.82,1.31,8.15,7.14,3.17,0.82,78.64,67.95,5.27,96.97,11.04,50.8,21.85,10.2,32724904.0,58.67,26.08,235304.0,196.0,130.0,326.0,32.21,2.34,105.0046,48.40764331210191,14.102564102564102,56.08974358974359,39.5,23.56902356902357,85.18518518518519,84.2948717948718,64.3,51.9
Arauco,CL ARA,Biobío,37049.0,68.12,high,25.95,837778.0,637gcezfns6kdupyp97n,CL,14.1,99.36,18.97,9.13,0.92,5.22,13.27,1.52,1.02,50.14,74.93,16.79,94.1,9.37,12.41,12.2,13.07,16372745.0,102.87,24.43,441921.0,96.0,72.0,168.0,33.33,4.53,55.9944,48.72611464968153,49.67948717948718,51.60256410256411,50.0,28.619528619528616,67.67676767676768,69.23076923076923,55.2,52.6
Ollagüe,CL OLL,Antofagasta,256.0,68.04,high,,,6kpmvmw77vb6jxg5k1yv,CL,16.4,97.75,2.16,11.51,0.72,5.04,2.88,4.32,0.72,12.75,19.61,78.52,95.2,9.52,,24.51,,3745911.0,3595.85,26.3,14632465.0,22.0,13.0,35.0,48.57,136.72,16.9995,49.044585987261144,99.35897435897436,56.41025641025641,68.3,82.49158249158249,7.4074074074074066,4.487179487179487,31.5,49.9
Andacollo,CL AND,Coquimbo,11562.0,68.02,high,32.19,894628.0,66t7y56jg5ywkygrm0rm,CL,12.61,99.07,2.31,8.14,0.65,3.66,4.65,38.85,0.86,22.52,76.01,11.08,95.31,9.27,39.17,8.71,5.13,5508602.0,124.55,26.75,476440.0,38.0,28.0,66.0,31.82,5.71,21.001199999999997,49.36305732484077,64.1025641025641,56.730769230769226,56.7,22.55892255892256,15.824915824915825,21.153846153846153,19.8,38.2
Melipilla,CL MEL,Metropolitana de Santiago,135801.0,68.01,high,24.94,948000.0,66j25cj6swjrurt6f7cd,CL,10.89,99.78,19.61,7.18,1.15,6.33,9.3,1.14,0.7,57.47,66.39,6.04,94.93,9.55,30.49,20.95,8.98,57839080.0,56.25,14.32,425911.0,207.0,73.0,280.0,31.79,2.06,89.012,49.681528662420384,12.179487179487179,23.397435897435898,28.4,22.22222222222222,82.15488215488216,91.02564102564102,65.1,46.8
Linares,CL LIN,Maule,95795.0,67.99,high,23.71,812210.0,63t72vcrzbupkg0gp65u,CL,13.84,99.79,10.98,8.85,1.16,6.09,6.02,1.91,0.87,56.55,69.0,3.85,95.13,9.82,19.57,18.98,9.4,26747563.0,69.48,26.83,279217.0,183.0,108.0,291.0,32.65,3.04,95.0115,50.0,21.474358974358974,57.05128205128205,42.8,27.104377104377104,83.5016835016835,81.08974358974359,63.9,53.4
Ranquil,CL RAN,Ñuble,6478.0,67.96,high,37.8,699377.0,63krs1z1f6w39y6xvxjs,CL,19.1,99.23,16.93,9.78,1.11,6.09,14.48,1.57,1.15,20.54,74.23,5.09,92.6,8.85,9.9,7.65,12.09,4939263.0,184.59,23.51,762467.0,30.0,15.0,45.0,51.11,6.95,22.9995,50.318471337579616,81.08974358974359,48.717948717948715,60.0,85.52188552188552,17.845117845117844,14.423076923076922,39.3,49.6
San Pedro de Atacama,CL SPA,Antofagasta,9782.0,67.83,high,26.29,1106500.0,67zdyemv6n0jxsuv2fee,CL,7.9,98.32,3.18,9.35,1.09,5.5,5.05,7.52,0.95,6.81,34.69,62.56,95.76,9.77,6.55,37.12,4.27,26984699.0,280.43,11.36,2758608.0,79.0,32.0,111.0,50.45,11.35,55.999500000000005,50.63694267515923,88.78205128205127,15.544871794871796,51.7,84.17508417508418,68.01346801346801,81.41025641025641,77.9,64.8
Doñihue,CL DOH,Libertador General Bernardo O'Higgins,21888.0,67.82,high,29.35,900000.0,63vt6ndvyxxzjb9mzf60,CL,12.66,99.42,10.53,7.23,0.86,6.69,20.66,5.25,0.65,49.17,63.44,4.68,95.92,9.67,7.81,19.79,8.79,7442136.0,79.92,25.16,340010.0,27.0,43.0,70.0,58.57,3.2,40.999,50.955414012738856,31.570512820512818,54.166666666666664,45.6,92.5925925925926,55.218855218855225,37.82051282051282,61.9,53.8
Alto del Carmen,CL ADC,Atacama,4781.0,67.78,high,33.75,624750.0,66y55d3sddc696kgutkc,CL,9.96,97.66,26.34,9.71,0.38,2.95,5.9,9.55,2.58,4.46,67.21,60.67,92.27,8.64,7.07,8.97,6.42,5053151.0,216.3,24.72,1056923.0,33.0,17.0,50.0,52.0,10.46,26.0,51.27388535031847,84.93589743589743,52.56410256410257,62.9,87.87878787878788,26.430976430976433,16.025641025641026,43.4,53.2
San Esteban,CL SES,Valparaíso,20103.0,67.75,high,21.22,889538.0,66jyp1tfw0k6mc7y37z7,CL,11.06,99.63,14.15,7.16,0.93,6.48,5.55,13.19,0.93,62.46,69.01,5.35,95.32,9.91,31.14,17.02,16.03,7503647.0,90.28,25.86,373260.0,36.0,50.0,86.0,40.7,4.28,35.002,51.59235668789809,42.30769230769231,55.44871794871795,49.8,59.25925925925925,46.464646464646464,38.46153846153847,48.1,49.0
Los Lagos,CL LLG,Los Ríos,21421.0,67.53,high,23.9,900828.0,62umhur7qh5p808vkbem,CL,12.92,98.93,19.16,11.28,0.82,6.08,12.07,0.99,0.76,31.18,66.92,14.41,93.35,8.95,15.46,13.82,5.5,7539992.0,81.37,22.15,351991.0,70.0,24.0,94.0,38.3,4.39,36.001999999999995,51.910828025477706,32.69230769230769,43.91025641025641,42.8,47.81144781144781,48.821548821548824,39.1025641025641,45.2,44.0
Codegua,CL COD,Libertador General Bernardo O'Higgins,13924.0,67.52,high,16.23,1002836.0,63vy68j56d5gp6henrqz,CL,12.23,99.67,27.88,6.56,0.9,5.14,8.56,4.8,0.78,48.14,68.29,4.98,94.66,9.34,15.72,12.51,5.21,5428123.0,87.01,23.25,389839.0,43.0,55.0,98.0,38.78,7.04,38.004400000000004,52.22929936305732,38.782051282051285,47.11538461538461,46.0,50.67340067340067,52.18855218855219,20.192307692307693,41.0,43.5
San Pablo,CL SPB,Los Lagos,10872.0,67.37,high,21.33,809764.0,62gfp0mqhcnyb6tjcbpf,CL,13.13,99.09,26.94,9.09,1.19,5.62,6.78,0.32,0.53,29.53,69.82,40.26,93.8,8.95,18.09,8.97,6.0,5322709.0,113.58,22.5,489580.0,41.0,40.0,81.0,44.44,7.45,35.996399999999994,52.547770700636946,56.730769230769226,45.19230769230769,51.5,71.88552188552188,47.474747474747474,18.91025641025641,46.1,48.8
Paillaco,CL PAO,Los Ríos,19719.0,67.22,high,28.0,803695.0,62uhn2tnhkg18mgfe4pe,CL,11.51,99.35,22.17,9.07,2.38,6.33,7.6,0.87,0.99,34.82,66.34,17.68,93.85,9.03,16.53,14.01,10.03,8358367.0,85.41,21.37,423874.0,27.0,47.0,74.0,56.76,3.75,42.0024,52.86624203821656,37.17948717948718,40.38461538461539,43.5,91.91919191919192,56.9023569023569,41.98717948717949,63.6,53.6
Panguipulli,CL PAN,Los Ríos,35049.0,66.94,high,29.06,775287.0,62uy0fjurwfmsrx5xh1e,CL,13.49,98.33,11.89,15.27,1.32,4.94,7.82,0.77,1.04,25.44,67.81,41.88,93.01,8.83,11.47,14.12,9.07,30874096.0,133.18,15.61,880884.0,107.0,69.0,176.0,45.45,5.02,79.992,53.18471337579618,67.94871794871796,26.923076923076923,49.4,75.75757575757575,79.46127946127946,83.65384615384616,79.6,64.5
Chaitén,CL WCH,Los Lagos,4007.0,66.85,high,,,62k6u6zbgc821w648nzb,CL,11.26,98.5,19.36,8.5,1.16,6.01,5.2,0.23,1.21,25.34,61.28,28.64,94.13,9.11,,18.74,,8231125.0,253.08,15.56,2054186.0,30.0,18.0,48.0,33.33,11.98,15.9984,53.503184713375795,87.17948717948718,26.282051282051285,55.7,28.619528619528616,6.0606060606060606,41.66666666666667,25.4,40.6
San Vicente,CL SVT,Libertador General Bernardo O'Higgins,49488.0,66.47,high,33.77,750000.0,63v7ve9dn2qyw8rcks9d,CL,13.88,99.55,24.31,5.62,0.85,4.27,11.67,1.13,0.92,48.27,64.58,4.28,94.77,9.55,13.96,18.17,9.33,14703252.0,79.26,27.98,297107.0,80.0,51.0,131.0,30.53,2.65,39.9943,53.82165605095541,30.448717948717945,59.61538461538461,48.0,17.50841750841751,52.52525252525253,65.38461538461539,45.1,46.6
Pencahue,CL PEN,Maule,9159.0,66.42,high,31.42,648419.0,63szjbc40729cgb1f6t8,CL,11.37,99.5,37.5,7.0,0.49,2.61,8.97,1.71,0.88,28.25,72.87,2.6,91.75,8.92,6.85,8.83,0.0,4981319.0,141.13,24.44,543871.0,43.0,28.0,71.0,33.8,7.75,23.997999999999998,54.14012738853503,71.15384615384616,51.92307692307693,59.1,31.14478114478115,19.865319865319865,15.064102564102564,22.0,40.6
Pinto,CL PIN,Ñuble,12434.0,66.21,high,31.19,803000.0,63mjuyxtb5y13k197745,CL,13.61,99.47,17.24,13.17,0.65,4.34,5.81,1.22,1.06,23.75,67.89,3.74,94.2,9.24,18.17,13.34,7.76,6118385.0,122.83,24.31,492069.0,41.0,27.0,68.0,38.24,5.47,26.0032,54.45859872611465,62.82051282051282,51.28205128205128,56.2,47.474747474747474,28.28282828282828,27.24358974358974,34.3,45.2
Nacimiento,CL NAC,Biobío,26124.0,65.84,high,26.27,747764.0,63k4wzgrpbn9s2cq0nxh,CL,12.96,99.29,9.77,9.79,1.23,7.11,20.32,3.62,0.65,50.72,68.65,6.18,93.37,9.27,17.83,16.18,15.75,9325340.0,91.05,27.35,356964.0,72.0,49.0,121.0,47.93,4.63,57.9953,54.77707006369427,42.628205128205124,58.01282051282052,51.8,80.47138047138047,70.70707070707071,46.47435897435898,65.9,58.8
Penco,CL PEO,Biobío,48866.0,65.76,high,19.48,916173.0,63knunk0sp9z69201d12,CL,14.33,99.88,3.02,10.57,0.91,11.04,9.03,1.56,0.77,71.74,67.0,7.18,95.54,10.11,56.5,15.34,9.54,14562429.0,80.01,27.54,298007.0,89.0,101.0,190.0,47.89,3.89,90.991,55.095541401273884,32.05128205128205,58.97435897435898,48.7,80.13468013468014,82.49158249158249,64.1025641025641,75.6,62.2
Santa María,CL SMA,Valparaíso,15120.0,65.59,high,27.94,784319.0,66jy11xtcvbykxw01121,CL,12.24,99.62,30.42,5.42,0.62,5.63,4.47,4.78,0.69,45.77,70.93,5.45,95.06,9.43,9.38,12.97,11.7,7270259.0,96.78,22.4,480837.0,58.0,72.0,130.0,26.15,8.6,33.995000000000005,55.4140127388535,46.15384615384615,44.871794871794876,48.8,4.713804713804714,43.43434343434344,35.256410256410255,27.8,38.3
Pemuco,CL PEM,Ñuble,8913.0,65.35,high,36.75,651627.0,63kv853yygtwn511h02m,CL,15.65,98.41,24.76,10.61,1.1,4.27,9.99,2.13,1.86,18.21,72.55,3.52,92.56,8.69,3.08,9.93,7.97,4424605.0,148.98,28.96,496422.0,30.0,31.0,61.0,50.82,6.84,31.0002,55.73248407643312,73.71794871794873,62.5,64.0,84.84848484848484,38.04713804713805,10.576923076923077,44.5,54.2
La Ligua,CL LIG,Valparaíso,39203.0,65.2,high,26.81,864167.0,66jrfnnj7kgrdwu0z618,CL,12.51,99.34,8.46,12.13,1.41,5.02,7.45,5.03,1.03,44.01,70.86,7.21,95.19,9.64,21.12,15.47,10.95,12040162.0,90.07,28.62,307123.0,66.0,60.0,126.0,42.86,3.21,54.0036,56.05095541401274,41.66666666666667,61.53846153846154,53.1,66.16161616161617,67.003367003367,57.37179487179487,63.5,58.3
Ovalle,CL OVL,Coquimbo,117799.0,65.17,high,27.71,908497.0,66t1x0h72be9eh8y6x48,CL,11.56,99.3,14.76,7.13,0.92,5.66,4.38,10.36,0.93,49.95,66.71,15.37,95.46,9.56,30.69,19.38,9.76,33396561.0,79.9,29.6,283505.0,128.0,99.0,227.0,35.24,1.93,79.99480000000001,56.36942675159236,31.08974358974359,64.74358974358975,50.7,37.37373737373738,79.7979797979798,84.61538461538461,67.3,59.0
Calera,CL LCL,Valparaíso,50451.0,64.5,high,26.8,894606.0,66jmky41b587tbq5wdtp,CL,12.78,99.73,6.75,8.77,1.38,6.18,10.08,8.52,0.86,62.79,62.83,4.78,95.58,9.82,28.44,20.71,16.47,15636415.0,79.92,27.53,309933.0,105.0,78.0,183.0,27.87,3.63,51.0021,56.68789808917197,31.570512820512818,58.65384615384615,49.0,8.417508417508419,65.993265993266,67.62820512820514,47.3,48.2
Quellón,CL PTE,Los Lagos,28386.0,64.32,high,28.9,846144.0,6276s0wd4n20k7ye0tw3,CL,12.01,98.92,27.03,4.78,0.64,6.3,16.07,0.21,0.51,30.42,65.26,44.57,94.14,8.7,15.71,26.53,7.2,19586702.0,84.7,12.95,690013.0,80.0,20.0,100.0,48.0,3.52,48.0,57.00636942675159,36.53846153846153,20.192307692307693,37.9,80.8080808080808,63.97306397306397,74.67948717948718,73.2,55.6
Chillán Viejo,CL CHV,Ñuble,32611.0,64.3,high,24.71,791917.0,63kxm4d75e24u0dz4z59,CL,14.76,99.57,6.24,9.84,1.56,8.28,9.25,1.36,1.25,56.11,67.58,4.97,94.92,9.95,41.72,20.07,8.92,10694189.0,87.09,28.65,327932.0,34.0,75.0,109.0,67.89,3.34,74.0001,57.324840764331206,39.1025641025641,61.858974358974365,52.8,96.96969696969697,76.76767676767676,52.88461538461539,75.5,64.2
Limache,CL LIM,Valparaíso,55481.0,64.16,high,23.43,1014190.0,66jk44bg75jknnfmwd0s,CL,11.93,99.5,9.07,8.9,1.12,7.1,6.77,3.0,1.13,59.33,67.53,4.31,96.16,10.31,42.64,17.95,7.9,14636381.0,78.28,27.43,263809.0,63.0,6.0,69.0,47.83,1.24,33.0027,57.64331210191082,29.48717948717949,58.333333333333336,48.5,79.7979797979798,42.42424242424242,64.74358974358975,62.3,55.4
Tocopilla,CL TOQ,Antofagasta,24583.0,63.28,high,37.97,765404.0,6kn4ydqmr0tb272npbx6,CL,12.53,99.26,5.55,8.44,3.88,6.62,6.28,14.72,1.4,68.28,58.71,8.01,96.04,9.59,32.74,21.75,9.58,8827960.0,101.49,32.57,359108.0,46.0,95.0,141.0,21.28,5.74,30.004800000000003,57.961783439490446,49.03846153846153,68.26923076923077,58.4,1.3468013468013467,36.02693602693603,44.55128205128205,27.3,42.8
Maipú,CL MAI,Metropolitana de Santiago,501786.0,62.94,high,14.55,1263334.0,66j9ksnp2t8h4nkwvefe,CL,9.6,99.92,0.52,6.21,1.0,10.11,9.3,1.51,0.69,81.54,71.31,7.77,97.19,11.04,53.0,21.62,9.73,166098706.0,68.07,24.03,331015.0,476.0,317.0,793.0,21.56,1.58,170.9708,58.28025477707006,19.871794871794872,50.96153846153846,43.0,2.0202020202020203,91.58249158249158,99.35897435897436,64.3,53.6
Futrono,CL FUT,Los Ríos,15633.0,62.86,high,29.09,813602.0,62ueybxh707z1jwhd6xn,CL,11.85,98.69,14.98,15.15,1.27,5.03,7.78,0.74,0.85,33.84,66.81,32.93,93.25,8.72,10.67,14.32,8.09,7479757.0,128.08,26.05,478459.0,49.0,32.0,81.0,39.51,5.18,32.0031,58.59872611464968,65.38461538461539,55.769230769230774,59.9,53.535353535353536,40.74074074074074,38.141025641025635,44.1,52.0
Río Verde,CL RVE,Magallanes y de la Antártica Chilena,102.0,62.84,high,0.0,1591538.0,4qs7r5uwc08rrey6sz3s,CL,7.07,98.41,75.31,1.23,0.0,0.0,1.23,0.0,0.0,14.29,7.94,18.63,90.91,9.41,0.0,1.59,0.0,3213851.0,4847.82,30.92,31508343.0,21.0,14.0,35.0,51.43,343.14,18.0005,58.917197452229296,100.0,66.02564102564102,75.0,86.7003367003367,9.595959595959595,3.205128205128205,33.2,54.1
Chiguayante,CL CHI,Biobío,85577.0,62.22,high,21.74,1043695.0,63kn4drjrgkqehqfdn34,CL,12.14,99.91,1.43,11.12,1.18,5.98,8.45,2.07,0.76,82.06,69.83,7.45,96.66,11.06,48.34,17.64,7.35,25089170.0,79.89,29.23,293177.0,105.0,99.0,204.0,43.14,2.38,88.0056,59.23566878980891,30.76923076923077,63.46153846153846,51.2,67.003367003367,81.48148148148148,80.44871794871796,76.3,63.8
La Unión,CL LUN,Los Ríos,38724.0,62.0,high,28.99,796088.0,62ggmc6y7jxnr3smfypu,CL,12.42,99.27,17.85,8.61,1.22,6.73,12.24,0.73,0.79,44.62,68.38,26.01,94.76,9.5,27.22,14.38,8.38,12833791.0,98.01,30.3,331417.0,,,,,,,59.554140127388536,47.756410256410255,65.38461538461539,57.6,,,60.89743589743589,60.9,59.2
Nogales,CL NOG,Valparaíso,22095.0,61.93,high,24.51,877736.0,66jqh2ejghmswe1qmxe9,CL,12.55,99.59,14.4,8.56,1.25,7.53,8.54,16.24,0.87,49.28,66.41,4.72,94.52,9.44,33.02,14.02,5.77,8087321.0,96.28,28.12,366025.0,49.0,41.0,90.0,30.0,4.07,27.0,59.87261146496815,45.83333333333333,60.256410256410255,55.3,14.814814814814813,29.292929292929294,41.34615384615385,28.5,41.9
Calbuco,CL CBC,Los Lagos,36437.0,61.86,high,24.75,897477.0,62efwksf70pn6kdjbn1j,CL,11.98,98.94,27.96,6.55,0.66,7.75,15.85,0.37,0.8,27.44,77.24,32.23,93.22,8.7,16.14,12.42,10.7,10734848.0,95.51,33.3,294614.0,60.0,48.0,108.0,24.07,2.96,25.9956,60.19108280254777,44.871794871794876,71.15384615384616,58.7,3.0303030303030303,25.252525252525253,53.84615384615385,27.4,43.0
Collipulli,CL CPI,La Araucanía,24162.0,61.85,high,31.86,803023.0,63hxwv8b2cguvk60pg6e,CL,16.58,98.16,21.69,9.18,1.19,5.87,8.7,1.8,0.88,36.04,72.58,28.3,92.74,8.61,15.12,12.95,2.84,10464497.0,111.95,28.32,433097.0,44.0,29.0,73.0,42.47,3.02,31.003099999999996,60.509554140127385,55.44871794871795,60.89743589743589,59.0,64.64646464646465,38.38383838383838,52.243589743589745,51.8,55.4
Petorca,CL PET,Valparaíso,10127.0,61.83,high,24.14,722196.0,66m8g7fj4f49jwc251uh,CL,13.97,99.07,10.9,8.23,0.6,5.37,4.58,18.39,1.66,19.5,73.23,7.87,93.94,9.28,14.96,12.37,4.53,6814067.0,162.28,25.28,672861.0,38.0,31.0,69.0,28.99,6.81,20.0031,60.828025477707,77.24358974358975,54.48717948717948,64.2,10.774410774410773,13.804713804713806,31.41025641025641,18.7,41.4
Aysén,CL PSN,Aysén del General Carlos Ibáñez del Campo,22825.0,61.65,high,19.9,1066954.0,4rgd3hnf5put0c9bdx7y,CL,10.93,99.61,16.08,7.07,0.69,8.11,8.49,1.15,0.9,47.51,63.45,35.07,95.17,9.55,7.19,24.53,6.12,11681203.0,143.88,31.02,511772.0,86.0,52.0,138.0,42.75,6.05,58.995,61.146496815286625,72.43589743589743,66.34615384615384,66.6,65.65656565656566,71.38047138047138,57.05128205128205,64.7,65.6
Purranque,CL PRQ,Los Lagos,19526.0,61.38,high,19.54,861861.0,62ez07ymg23eu17df8nf,CL,14.18,99.37,24.8,9.46,0.68,5.95,10.71,0.28,0.53,45.3,60.5,29.31,94.61,8.97,17.51,14.99,11.97,7169680.0,105.18,30.81,367186.0,58.0,26.0,84.0,36.9,4.3,30.996,61.46496815286624,50.641025641025635,65.7051282051282,59.3,43.43434343434344,36.36363636363637,34.93589743589743,38.2,48.8
Nancagua,CL NCG,Libertador General Bernardo O'Higgins,18684.0,61.27,high,19.86,850904.0,63v6gbzx74vj40jk93eb,CL,12.18,99.65,33.16,6.61,0.76,4.18,9.51,0.81,0.71,45.22,70.74,3.61,93.68,9.09,11.02,15.39,6.24,7416091.0,110.47,29.18,396922.0,51.0,27.0,78.0,44.87,4.17,34.998599999999996,61.78343949044586,54.807692307692314,63.141025641025635,59.9,73.4006734006734,45.79124579124579,37.5,52.2,56.0
Chonchi,CL CHO,Los Lagos,16072.0,61.23,high,18.79,872868.0,627mjwj2n2gpz15dqjef,CL,11.63,98.73,20.27,8.21,0.95,5.91,17.97,0.41,0.78,20.78,71.95,36.82,94.87,9.1,11.59,17.08,7.08,13372410.0,133.65,16.2,832031.0,40.0,30.0,70.0,38.57,4.36,26.999,62.101910828025474,68.26923076923077,28.525641025641026,53.0,49.32659932659932,28.78787878787879,62.82051282051282,47.0,50.0
San Felipe,CL SFP,Valparaíso,79677.0,60.98,high,18.41,940000.0,66jtvbx0zn2dvggn1jj1,CL,11.89,99.13,17.0,5.74,0.83,5.63,6.32,5.08,0.9,60.11,59.77,5.11,95.78,10.14,26.35,28.58,9.46,20729592.0,78.05,32.4,260170.0,157.0,32.0,189.0,30.16,2.37,57.002399999999994,62.42038216560509,28.525641025641026,67.94871794871796,53.0,15.656565656565657,69.36026936026936,76.28205128205127,53.8,53.4
Quilpué,CL QIL,Valparaíso,161636.0,60.96,high,17.45,1085984.0,66j76tdr8s507wkrtr5b,CL,10.85,99.33,0.95,8.96,1.37,7.62,6.98,2.89,0.84,74.74,62.68,4.93,97.04,11.25,46.36,24.82,12.79,59038673.0,69.71,20.32,365257.0,266.0,161.0,427.0,35.83,2.64,152.9941,62.738853503184714,22.435897435897438,37.82051282051282,41.0,39.73063973063973,89.8989898989899,91.34615384615384,73.7,57.4
Rengo,CL RGO,Libertador General Bernardo O'Higgins,63204.0,60.39,high,15.63,1075457.0,63veyz8pnj543405xvvj,CL,11.93,99.67,21.46,6.19,0.91,5.45,12.21,2.55,0.94,57.88,68.15,5.99,94.76,9.48,18.19,18.8,6.84,16843049.0,88.09,34.16,266487.0,,,,,,,63.05732484076433,40.38461538461539,73.07692307692307,58.8,,,70.1923076923077,70.2,64.5
Peñaflor,CL PFL,Metropolitana de Santiago,93931.0,60.23,high,17.86,1233000.0,66j8fc2c9wrr5k0b3mw8,CL,10.39,99.85,2.03,6.94,1.15,8.77,14.83,1.57,1.04,71.67,68.33,6.69,95.85,10.32,39.66,19.3,10.25,21711693.0,66.6,32.36,231145.0,108.0,128.0,236.0,48.31,2.51,114.0116,63.375796178343954,19.230769230769234,67.62820512820514,50.1,82.15488215488216,86.53198653198653,78.52564102564102,82.4,66.2
Vallenar,CL VLR,Atacama,53705.0,59.75,high,29.45,838845.0,66vv36kqswn3fm5ehbyb,CL,11.21,98.95,3.24,8.86,1.67,7.06,5.82,16.67,0.88,55.97,66.23,31.07,95.34,9.67,33.46,15.8,9.68,16093363.0,93.49,33.31,299662.0,92.0,49.0,141.0,35.46,2.63,49.9986,63.69426751592357,42.94871794871795,71.47435897435898,59.4,37.71043771043771,65.65656565656566,68.58974358974359,57.3,58.4
San Nicolás,CL SNI,Ñuble,15082.0,59.1,high,32.68,650000.0,63s8krhfg1trvu3x7vev,CL,16.68,99.01,20.41,11.53,1.43,5.88,8.27,2.1,1.26,29.67,74.93,4.84,92.32,8.88,18.83,9.49,8.25,7311720.0,159.88,27.14,484798.0,33.0,35.0,68.0,41.18,4.51,28.0024,64.01273885350318,76.28205128205127,57.37179487179487,65.9,60.77441077441077,30.63973063973064,35.8974358974359,42.4,54.2
La Cruz,CL LCZ,Valparaíso,24915.0,58.89,high,28.49,982702.0,66jm6bkkx3ceurvr4f2y,CL,9.35,99.92,12.45,6.34,1.41,4.92,6.4,9.9,0.95,74.28,68.08,4.86,96.31,10.75,22.7,19.34,5.41,7733419.0,85.78,30.26,310392.0,43.0,41.0,84.0,35.71,3.37,29.9964,64.3312101910828,37.5,65.06410256410257,55.6,39.225589225589225,34.34343434343434,39.743589743589745,37.8,46.7
Hijuelas,CL HIJ,Valparaíso,19279.0,58.54,high,33.28,982887.0,66jmn8264spyyxcc2vqt,CL,11.42,99.49,31.5,5.71,0.66,6.06,5.93,5.45,0.97,37.98,67.82,4.87,94.1,9.22,12.99,11.89,6.12,6706572.0,113.08,32.69,347869.0,48.0,29.0,77.0,33.77,3.99,26.002900000000004,64.64968152866243,55.92948717948718,68.58974358974359,63.1,30.47138047138047,27.77777777777778,30.448717948717945,29.6,46.4
Coyhaique,CL CXQ,Aysén del General Carlos Ibáñez del Campo,57136.0,58.1,high,14.95,1198588.0,4ruucg0btuy0kb7ue82m,CL,10.68,99.64,6.4,9.7,1.23,6.21,4.9,0.68,0.76,53.68,60.22,25.86,95.57,10.16,14.72,28.13,5.63,21520617.0,119.21,34.28,376656.0,103.0,63.0,166.0,53.61,2.91,88.99260000000001,64.96815286624204,60.256410256410255,73.3974358974359,66.2,89.8989898989899,81.81818181818183,78.2051282051282,83.3,74.8
Porvenir,CL PVR,Magallanes y de la Antártica Chilena,6673.0,58.09,high,9.66,1300000.0,4qw8tnz0yjm7b3z9nbuy,CL,8.8,99.52,15.83,5.41,0.7,7.54,22.58,0.93,0.7,66.23,54.6,26.28,96.16,9.88,4.76,30.62,5.85,5307629.0,233.05,33.24,795389.0,48.0,25.0,73.0,39.73,10.94,29.0029,65.28662420382166,86.53846153846155,70.83333333333334,74.2,55.387205387205384,33.670033670033675,18.58974358974359,35.9,55.0
Los Andes,CL LIB,Valparaíso,62524.0,57.26,high,21.28,1040411.0,66nh996wbwbr6pnvcwp2,CL,10.95,99.84,3.93,6.64,1.29,8.03,5.59,14.22,0.67,71.98,63.37,4.92,96.5,10.5,23.43,27.73,11.64,18202431.0,93.79,35.44,291127.0,117.0,102.0,219.0,35.16,3.5,77.0004,65.60509554140128,43.58974358974359,75.96153846153845,61.7,37.03703703703704,77.77777777777779,71.47435897435898,62.1,61.9
Quillota,CL QTA,Valparaíso,95383.0,56.99,high,25.83,874897.0,66jkf1uguxdyq3feg4ny,CL,11.6,99.8,10.45,8.23,1.39,6.01,6.61,5.39,0.94,66.69,64.46,4.75,96.1,10.34,36.37,23.29,6.22,24860011.0,87.76,35.37,260634.0,127.0,160.0,287.0,39.72,3.01,113.9964,65.92356687898089,40.06410256410257,75.64102564102564,60.5,54.882154882154886,86.19528619528619,80.12820512820514,73.7,67.1
Valdivia,CL ZAL,Los Ríos,166958.0,56.98,high,15.47,1088166.0,62gvqzr8df70vknj13re,CL,10.84,99.73,3.43,7.86,0.94,5.47,8.64,0.4,0.68,71.91,59.22,16.34,96.45,11.01,33.1,28.21,8.15,54497643.0,109.41,36.31,326415.0,372.0,273.0,645.0,41.09,3.86,265.0305,66.2420382165605,53.205128205128204,77.56410256410257,65.7,59.93265993265994,96.63299663299664,90.06410256410257,82.2,74.0
Palmilla,CL PMA,Libertador General Bernardo O'Higgins,13056.0,56.55,high,22.06,879026.0,63v7866611k36m2qmt1e,CL,15.8,99.68,39.78,6.72,0.73,5.02,7.51,0.86,1.09,41.94,77.54,4.9,93.23,8.89,19.26,8.35,5.52,5515778.0,131.08,32.16,422471.0,47.0,38.0,85.0,41.18,6.51,35.003,66.56050955414014,66.98717948717949,67.3076923076923,67.0,60.77441077441077,46.96969696969697,21.474358974358974,43.1,55.0
Olivar,CL OLI,Libertador General Bernardo O'Higgins,13880.0,56.51,high,22.28,990736.0,63vtkkjb56bbsr4zqqge,CL,11.37,99.78,20.24,7.31,0.9,6.67,9.0,8.16,1.28,51.04,63.36,6.09,95.12,9.68,12.88,16.82,3.5,5676110.0,120.95,31.79,408942.0,43.0,16.0,59.0,42.37,4.25,24.998299999999997,66.87898089171975,60.89743589743589,66.98717948717949,64.9,64.14141414141415,23.063973063973066,23.397435897435898,36.9,50.9
Talagante,CL TLG,Metropolitana de Santiago,75800.0,56.24,high,28.89,1220000.0,66j86srs0jxdrumuxx93,CL,9.99,99.77,4.35,7.26,1.02,7.5,14.73,1.24,0.96,68.17,67.22,6.16,95.78,10.15,33.36,19.59,5.48,18335731.0,75.22,34.73,241896.0,126.0,88.0,214.0,26.17,2.82,56.00380000000001,67.19745222929936,26.282051282051285,74.03846153846155,55.8,5.05050505050505,68.68686868686868,71.7948717948718,48.5,52.2
Peralillo,CL PER,Libertador General Bernardo O'Higgins,12492.0,56.2,high,20.57,731484.0,63v5vj9sy51mk0745d2m,CL,15.56,99.59,27.84,9.09,1.16,3.5,13.34,0.7,0.83,38.88,72.84,3.67,92.96,9.2,12.82,14.05,14.2,6158865.0,144.43,28.37,493025.0,46.0,14.0,60.0,40.0,4.8,24.0,67.51592356687898,72.75641025641025,61.21794871794872,67.2,56.22895622895623,20.53872053872054,27.564102564102566,34.8,51.0
Puerto Octay,CL POC,Los Lagos,8856.0,55.74,high,26.68,735001.0,62sr5urhpvqdqt1f4rqs,CL,13.76,99.3,39.98,8.98,0.78,3.73,5.73,0.36,0.64,22.34,58.54,35.52,94.4,8.88,24.35,9.26,8.35,5730024.0,176.34,27.97,647022.0,35.0,24.0,59.0,35.59,6.66,20.998100000000004,67.8343949044586,79.8076923076923,59.294871794871796,69.0,38.38383838383838,14.47811447811448,24.03846153846154,25.6,47.3
Puyehue,CL CSA,Los Lagos,11702.0,55.65,high,21.15,835918.0,62u82f5ujqp32uu6s8gk,CL,12.79,99.47,29.49,12.19,1.96,4.89,5.45,0.71,0.49,22.41,65.26,32.63,94.15,8.95,13.83,9.67,15.17,,,,,,,,,,,68.15286624203821,,,68.2,,,,,68.2
Arica,CL ARI,Arica y Parinacota,236109.0,55.63,high,24.21,1049458.0,6kwnxdr3p6w5p79cnk5e,CL,10.18,99.14,7.49,8.02,0.69,8.72,5.33,6.34,0.68,69.81,53.47,35.85,96.41,10.36,25.94,26.31,9.83,59040310.0,88.68,38.33,250055.0,401.0,409.0,810.0,23.09,3.43,187.029,68.47133757961784,40.705128205128204,78.84615384615384,62.7,2.356902356902357,92.92929292929293,91.66666666666666,62.3,62.5
El Monte,CL ELM,Metropolitana de Santiago,37292.0,54.94,high,17.42,1040611.0,66j2rwfyqke82gyw05xt,CL,12.29,99.71,12.11,7.77,0.87,7.26,15.68,1.2,0.89,58.18,67.13,8.1,94.44,9.42,23.68,17.14,7.25,10723209.0,87.55,34.06,287547.0,64.0,64.0,128.0,34.38,3.43,44.006400000000006,68.78980891719746,39.743589743589745,72.75641025641025,60.4,34.34343434343434,59.93265993265994,53.52564102564102,49.3,54.8
Llanquihue,CL LIA,Los Lagos,18070.0,54.85,high,21.71,1093112.0,62evrufjce1p5xefzdkt,CL,10.63,99.7,11.08,10.03,0.88,6.9,15.97,0.43,0.61,61.17,66.95,30.27,94.54,9.56,37.17,16.39,9.6,6433863.0,120.34,35.18,356052.0,45.0,73.0,118.0,31.36,6.53,37.004799999999996,69.10828025477707,60.57692307692307,75.32051282051282,68.3,20.53872053872054,50.16835016835017,28.846153846153843,33.2,50.8
Teno,CL TEN,Maule,30087.0,54.5,high,24.49,787497.0,63v3xbg6n1jek5zbyegf,CL,12.71,99.35,35.69,7.69,0.82,6.43,8.67,1.18,0.83,31.73,72.53,4.31,92.21,8.66,2.28,9.9,2.75,9118550.0,106.75,37.04,303073.0,60.0,41.0,101.0,39.6,3.36,39.996,69.42675159235668,51.60256410256411,78.2051282051282,66.4,53.87205387205387,52.861952861952865,45.51282051282051,50.7,58.6
Panquehue,CL PQH,Valparaíso,7266.0,54.24,high,17.26,814214.0,66jtkq062r5knthytdbs,CL,10.05,99.75,35.85,5.88,0.7,5.21,5.17,4.51,0.74,40.03,69.64,3.7,95.03,9.28,22.62,11.59,7.54,4741493.0,213.79,35.14,652559.0,36.0,37.0,73.0,45.21,10.05,33.0033,69.7452229299363,84.2948717948718,75.0,76.3,74.41077441077442,43.09764309764309,12.179487179487179,43.2,59.8
Olmué,CL OLM,Valparaíso,19775.0,54.15,high,21.06,887572.0,66jkjf4cr1enyscjj2c0,CL,12.58,98.22,8.06,11.34,1.12,6.62,5.91,2.57,1.29,39.79,69.68,3.97,94.88,10.0,26.05,10.68,8.98,7316615.0,129.94,35.54,369993.0,38.0,34.0,72.0,31.94,3.64,22.9968,70.06369426751593,66.34615384615384,76.28205128205127,70.9,22.895622895622896,17.17171717171717,36.217948717948715,25.4,48.2
Los Angeles,CL LSQ,Biobío,218386.0,52.93,high,23.68,856510.0,63ke4nhtpmy48ey7r5rn,CL,11.94,99.67,8.35,9.48,1.58,6.84,10.54,1.65,0.73,55.55,68.24,5.37,94.73,9.94,29.82,20.26,9.71,54624654.0,97.42,39.7,250129.0,377.0,212.0,589.0,28.01,2.7,164.9789,70.38216560509554,47.11538461538461,79.48717948717949,65.7,8.754208754208754,90.9090909090909,90.38461538461539,63.3,64.5
Coronel,CL CNL,Biobío,123412.0,52.9,high,23.78,946421.0,637vrzp9ms5wwpk2cvdp,CL,13.51,99.8,7.39,10.16,1.18,8.17,12.92,2.76,0.89,76.55,76.05,9.04,95.12,9.86,42.06,14.11,8.62,43594901.0,113.8,33.48,353247.0,130.0,209.0,339.0,31.27,2.75,106.00529999999999,70.70063694267516,57.05128205128205,72.11538461538461,66.6,19.865319865319865,85.52188552188552,86.53846153846155,64.0,65.3
Lautaro,CL LAU,La Araucanía,41695.0,52.4,high,23.53,824750.0,63hsep2tqxt1bwzy3uph,CL,12.5,98.51,9.73,9.08,1.56,7.44,13.89,1.17,0.86,47.76,74.07,40.34,94.12,9.33,27.15,13.65,10.76,18089713.0,128.14,29.49,433858.0,86.0,56.0,142.0,33.8,3.41,47.995999999999995,71.01910828025478,65.7051282051282,64.26282051282051,67.0,31.14478114478115,63.63636363636363,71.15384615384616,55.3,61.2
Chañaral,CL CNR,Atacama,12168.0,51.08,high,26.04,999000.0,67mczqvm7r9unt4nq88b,CL,10.68,99.19,4.54,6.71,0.63,7.23,4.92,23.38,0.9,17.64,67.32,16.01,95.46,9.47,15.33,14.65,12.57,6992945.0,206.56,38.58,574700.0,72.0,42.0,114.0,28.95,9.37,33.003,71.3375796178344,83.33333333333334,79.16666666666666,77.9,10.437710437710438,42.76094276094276,33.33333333333333,28.8,53.4
San Antonio,CL SAI,Valparaíso,95520.0,51.06,high,20.68,950000.0,66j0mprpsnq25eygfj2u,CL,13.73,99.73,4.66,7.6,0.73,18.96,6.5,0.97,0.9,57.19,67.04,8.28,95.74,9.88,39.84,16.13,8.36,27756332.0,116.16,41.08,290581.0,161.0,170.0,331.0,61.63,3.47,203.99530000000001,71.65605095541402,58.65384615384615,81.41025641025641,70.6,95.45454545454545,94.27609427609428,81.73076923076923,90.5,80.6
Valparaíso,CL VAP,Valparaíso,280357.0,50.82,high,22.76,934167.0,66j5e2fj8w9x952px7f3,CL,12.29,99.69,0.84,7.68,1.14,9.54,6.53,1.69,0.88,69.97,52.3,5.24,96.75,10.94,54.4,30.93,11.56,116336429.0,99.01,27.21,414958.0,304.0,238.0,542.0,49.63,1.93,268.9946,71.97452229299363,48.3974358974359,57.692307692307686,59.4,83.16498316498317,97.3063973063973,96.47435897435898,92.3,75.8
Natales,CL CVJ,Magallanes y de la Antártica Chilena,23878.0,50.69,high,18.47,1116667.0,4qgrucqzbzr6tr9z1mqq,CL,10.41,99.87,12.4,8.46,0.7,8.57,7.16,0.52,0.59,72.49,64.5,28.24,96.32,10.12,16.4,25.86,3.16,16098571.0,194.17,29.49,674201.0,41.0,34.0,75.0,45.33,3.14,33.997499999999995,72.29299363057325,82.37179487179486,64.26282051282051,73.0,75.08417508417509,44.78114478114478,68.91025641025641,62.9,68.0
La Estrella,CL LES,Libertador General Bernardo O'Higgins,4587.0,50.25,high,19.13,913402.0,63vj69us41h3zvmrzwct,CL,13.75,98.82,15.95,12.67,1.02,3.33,12.14,1.18,1.13,17.06,69.81,4.28,94.26,9.14,2.26,8.66,4.02,4200871.0,582.81,43.05,915821.0,28.0,19.0,47.0,34.04,10.25,15.9988,72.61146496815286,95.83333333333334,83.65384615384616,84.0,32.996632996633,6.397306397306397,8.012820512820513,15.8,49.9
Isla de Maipo,CL IDM,Metropolitana de Santiago,39062.0,50.11,high,20.07,1188186.0,66j8184xffnk0vum6wbd,CL,9.33,99.83,13.38,7.0,0.83,7.21,14.05,1.3,1.01,67.47,69.42,6.25,95.14,9.67,19.54,15.04,7.62,9944289.0,94.48,39.79,254577.0,46.0,63.0,109.0,31.19,2.79,33.9971,72.92993630573248,44.230769230769226,79.8076923076923,65.7,19.023569023569024,44.27609427609428,49.358974358974365,37.6,51.6
Salamanca,CL SAL,Coquimbo,27789.0,50.09,high,18.05,900000.0,66mf81fp8k72sjrgk2q1,CL,10.53,98.89,8.3,8.73,0.57,6.44,4.74,20.46,1.38,37.92,71.24,9.65,94.58,9.22,14.13,14.6,10.12,9890132.0,134.97,40.59,355901.0,,,,,,,73.2484076433121,68.58974358974359,80.44871794871796,74.1,,,49.03846153846153,49.0,61.6
Santa Cruz,CL SCZ,Libertador General Bernardo O'Higgins,40754.0,49.89,medium,18.83,891459.0,63v4zjqtyp5f90u77j0x,CL,12.9,99.66,19.06,6.94,1.25,5.0,7.38,0.87,0.64,47.53,67.34,2.92,94.2,9.72,20.43,20.0,6.65,12592700.0,122.12,40.96,308993.0,82.0,57.0,139.0,68.35,3.41,95.0065,73.56687898089172,61.858974358974365,81.08974358974359,72.2,97.3063973063973,83.16498316498317,59.61538461538461,80.0,76.1
Chillán,CL YAI,Ñuble,188835.0,49.43,medium,25.82,893000.0,63kxwwj85f1bmzbm5cf9,CL,13.78,99.84,4.8,8.87,1.18,6.2,7.55,1.22,0.79,65.26,66.52,4.06,95.58,10.57,32.28,22.63,11.48,53872403.0,113.83,42.86,285288.0,241.0,227.0,468.0,34.19,2.48,160.0092,73.88535031847134,57.37179487179487,83.33333333333334,71.5,33.33333333333333,90.57239057239057,89.74358974358975,71.2,71.4
Hualpén,CL HPN,Biobío,87346.0,49.32,medium,16.65,1072467.0,637yxwu29tcd3gjg2ugh,CL,13.15,99.95,2.28,9.12,1.24,7.83,11.11,2.41,0.72,78.7,67.45,6.85,96.5,10.84,49.99,20.67,9.39,26382693.0,109.64,40.69,302048.0,85.0,196.0,281.0,38.43,3.22,107.9883,74.20382165605096,53.52564102564102,80.76923076923077,69.5,48.484848484848484,85.85858585858585,80.76923076923077,71.7,70.6
Curicó,CL CUR,Maule,158659.0,47.08,medium,26.11,923300.0,63txf8pr67qtwr6zkqgv,CL,11.7,99.82,16.9,6.97,1.07,5.7,8.41,0.94,0.69,69.44,67.4,5.44,95.35,10.03,20.85,22.04,10.05,40714689.0,101.83,42.44,256618.0,361.0,220.0,581.0,18.07,3.66,104.9867,74.52229299363057,49.358974358974365,83.01282051282051,69.0,0.33670033670033667,84.84848484848484,85.57692307692307,56.9,63.0
Romeral,CL ROM,Maule,17216.0,46.88,medium,22.65,977500.0,63v8wbj2vu5pcrrwp8sj,CL,12.71,99.55,37.04,5.51,0.53,6.04,7.8,0.74,0.66,40.48,70.88,7.49,93.27,9.01,8.1,11.35,4.98,6885246.0,172.97,42.06,399933.0,55.0,43.0,98.0,41.84,5.69,41.00320000000001,74.8407643312102,78.84615384615384,82.6923076923077,78.8,62.79461279461279,55.55555555555556,31.73076923076923,50.0,64.4
Talca,CL TLX,Maule,230184.0,46.33,medium,21.37,905639.0,63tn6wsce54neehyj4dt,CL,11.7,99.93,3.9,9.6,1.35,5.38,8.36,1.29,0.66,68.63,66.2,3.46,95.73,10.64,30.08,24.68,7.47,57123517.0,106.77,45.06,248165.0,311.0,158.0,469.0,32.41,2.04,152.00289999999998,75.1592356687898,51.92307692307693,86.21794871794873,71.1,24.579124579124578,89.56228956228956,90.7051282051282,68.3,69.7
San Fernando,CL SFD,Libertador General Bernardo O'Higgins,75449.0,46.22,medium,21.83,957158.0,63vf37hs0xm8b7j780u6,CL,13.51,99.6,14.51,6.91,0.81,5.37,9.79,1.44,0.89,62.95,65.16,5.16,95.39,9.95,24.0,22.3,12.66,21049104.0,115.73,44.28,278985.0,57.0,35.0,92.0,32.61,1.22,30.0012,75.47770700636943,58.333333333333336,85.25641025641025,73.0,26.262626262626267,35.35353535353536,77.24358974358975,46.3,59.6
Padre Hurtado,CL PHU,Metropolitana de Santiago,81112.0,45.98,medium,9.38,1410312.0,66j95711rhzh3r7xfkcb,CL,9.76,99.89,1.49,8.23,1.01,9.08,14.04,1.61,1.14,76.04,71.05,8.76,95.67,10.09,27.3,17.67,6.77,20185341.0,104.32,41.31,248858.0,91.0,84.0,175.0,34.29,2.16,60.0075,75.79617834394904,50.32051282051282,82.05128205128204,69.4,33.670033670033675,71.71717171717171,75.32051282051282,60.2,64.8
Lago Ranco,CL RNC,Los Ríos,10527.0,45.74,medium,30.58,723556.0,62udmf6krqdq443wjyru,CL,13.14,97.76,18.04,15.69,0.99,3.4,5.91,0.46,0.71,16.59,72.67,51.82,93.1,8.52,11.33,9.0,8.57,10304744.0,328.88,32.81,978887.0,50.0,35.0,85.0,52.94,8.07,44.998999999999995,76.11464968152866,90.7051282051282,68.91025641025641,78.6,88.88888888888889,60.26936026936027,50.96153846153846,66.7,72.6
La Florida,CL LFL,Metropolitana de Santiago,373466.0,45.65,medium,14.16,1261667.0,66jc6b67r04fvb35965b,CL,9.94,99.95,0.27,7.68,1.11,6.42,6.87,1.43,0.53,80.62,60.87,7.83,97.11,11.27,52.72,29.78,8.91,155867778.0,111.06,28.99,417355.0,507.0,283.0,790.0,36.2,2.12,285.98,76.43312101910828,55.12820512820513,62.82051282051282,64.8,40.74074074074074,98.31649831649831,99.03846153846155,79.4,72.1
Rancagua,CL QRC,Libertador General Bernardo O'Higgins,254165.0,45.48,medium,20.25,1056238.0,63vtue8gh28vyz80cpjg,CL,11.84,99.89,4.17,7.03,1.1,6.0,7.96,9.87,0.84,71.76,61.45,5.75,96.09,10.49,31.98,29.25,10.43,94791180.0,97.51,28.01,372951.0,293.0,199.0,492.0,40.24,1.94,197.98080000000002,76.7515923566879,47.43589743589743,59.93589743589743,61.4,57.57575757575758,93.60269360269359,95.1923076923077,82.1,71.8
Temuco,CL ZCO,La Araucanía,290433.0,45.26,medium,26.39,940000.0,63h7frszvy50xy0hs2e8,CL,11.29,99.62,2.0,9.55,0.99,5.84,6.62,0.53,0.75,68.84,62.7,24.63,96.39,11.03,39.59,26.95,10.47,84562683.0,123.34,44.95,291161.0,483.0,295.0,778.0,29.95,2.68,233.011,77.07006369426752,63.78205128205128,85.8974358974359,75.6,14.47811447811448,95.28619528619528,94.87179487179486,68.2,71.9
Sagrada Familia,CL SAF,Maule,19416.0,44.3,medium,16.96,866554.0,63v0m1d327zbjh4k4p38,CL,11.05,99.56,46.13,4.68,0.75,4.42,8.95,0.72,0.76,42.09,72.57,4.06,92.35,8.59,12.46,9.23,2.55,10376902.0,198.54,37.68,534451.0,56.0,52.0,108.0,37.04,5.56,40.0032,77.38853503184714,82.6923076923077,78.52564102564102,79.5,44.107744107744104,54.882154882154886,51.60256410256411,50.2,64.8
Tiltil,CL TIL,Metropolitana de Santiago,19534.0,44.22,medium,26.53,908935.0,66jegjje8gkhj6pszf6g,CL,10.99,99.53,6.4,8.62,1.31,7.47,13.19,5.85,3.31,53.36,66.5,6.65,94.64,9.67,21.87,15.54,14.11,9967159.0,131.12,29.29,510247.0,57.0,50.0,107.0,21.5,5.48,23.005,77.70700636942675,67.3076923076923,63.78205128205128,69.6,1.6835016835016834,19.19191919191919,49.67948717948718,23.5,46.6
Independencia,CL IND,Metropolitana de Santiago,116089.0,43.24,medium,19.97,1055000.0,66j9zvp61rx4qk610bp7,CL,8.29,99.95,0.26,7.73,0.89,8.25,8.91,0.92,0.47,69.75,25.59,4.21,97.22,10.95,66.89,65.94,5.71,27940024.0,85.37,46.41,240678.0,194.0,129.0,323.0,27.24,2.78,87.98519999999999,78.02547770700637,36.858974358974365,86.53846153846155,67.1,7.07070707070707,81.14478114478115,82.05128205128204,56.8,62.0
Río Claro,CL RCL,Maule,14270.0,42.92,medium,11.96,890103.0,63tr6jnczdrnkt4098q6,CL,13.62,99.52,50.61,6.72,0.55,4.16,4.39,0.91,1.31,25.54,74.31,3.44,91.52,8.37,16.31,7.7,6.15,10309040.0,227.76,33.23,722427.0,38.0,54.0,92.0,39.13,6.45,35.9996,78.34394904458598,86.21794871794873,70.51282051282051,78.4,52.02020202020202,48.148148148148145,51.28205128205128,50.5,64.4
Vichuquén,CL VCQ,Maule,4710.0,42.86,medium,22.96,746668.0,63ucc16dp73s82uqpn3j,CL,15.96,98.93,12.54,18.83,0.43,2.35,5.62,0.67,0.67,16.09,66.7,13.22,93.05,9.16,2.49,12.0,0.0,6588801.0,627.53,41.23,1398896.0,25.0,30.0,55.0,41.82,11.68,23.001,78.6624203821656,96.15384615384616,81.73076923076923,85.5,62.2895622895623,18.181818181818183,29.807692307692307,36.8,61.2
Taltal,CL TTC,Antofagasta,11913.0,42.04,medium,28.33,883333.0,67w240rvnf4grm2rkrtx,CL,11.58,98.39,10.18,5.73,1.32,5.69,4.01,22.62,1.32,49.61,70.95,25.75,95.89,9.47,8.16,13.15,10.87,7311499.0,266.7,50.81,613741.0,,,,,,,78.98089171974522,88.14102564102564,89.42307692307693,85.5,,,35.57692307692308,35.6,60.6
Colbún,CL COB,Maule,22568.0,41.93,medium,34.51,668079.0,63tdbb6fyj7xgqujpfyu,CL,14.04,99.5,22.65,13.93,2.31,4.13,6.02,5.19,1.31,28.28,74.71,5.44,93.31,8.83,15.4,10.54,11.86,19423121.0,276.12,33.07,860649.0,38.0,25.0,63.0,30.16,2.79,19.000799999999998,79.29936305732484,88.46153846153845,69.87179487179486,79.2,15.656565656565657,11.11111111111111,74.35897435897436,33.7,56.4
María Pinto,CL MPI,Metropolitana de Santiago,15350.0,41.89,medium,31.16,813718.0,66j37tf5tf9rupmbc7yd,CL,10.85,99.65,25.79,7.35,0.76,9.44,6.27,1.03,0.79,50.17,75.71,6.81,94.42,9.29,24.37,8.62,10.08,12370959.0,204.52,25.63,805926.0,49.0,37.0,86.0,33.72,5.6,28.9992,79.61783439490446,83.01282051282051,55.12820512820513,72.6,29.96632996632997,32.659932659932664,58.97435897435898,40.5,56.6
Curacaví,CL CRV,Metropolitana de Santiago,35064.0,41.14,medium,25.21,1052889.0,66j6ntc1f32q21n6nz2g,CL,10.63,99.66,9.64,8.8,1.17,9.9,8.32,1.47,0.75,55.22,68.95,6.06,95.49,10.02,14.75,14.84,6.95,10966436.0,135.59,46.9,312755.0,70.0,49.0,119.0,26.05,3.39,30.9995,79.93630573248407,68.91025641025641,86.85897435897436,78.6,4.040404040404041,37.71043771043771,55.12820512820513,32.3,55.4
Copiapó,CL CPO,Atacama,167281.0,40.71,medium,19.43,1080000.0,67nke5j747514yybduf3,CL,9.26,99.49,2.33,7.41,1.4,6.54,4.98,20.17,1.02,66.39,64.29,23.96,96.28,10.25,27.53,22.98,8.07,50217715.0,124.88,43.58,300200.0,173.0,75.0,248.0,30.24,1.48,74.9952,80.2547770700637,64.42307692307693,84.61538461538461,76.4,16.161616161616163,77.44107744107744,88.78205128205127,60.8,68.6
Frutillar,CL FRT,Los Lagos,22527.0,39.92,medium,23.77,919878.0,62sn28q7pmh6fz68wgc6,CL,9.52,99.59,13.95,13.36,1.17,5.99,7.55,0.7,0.51,57.17,66.36,24.66,95.22,9.51,23.46,17.55,6.92,8757635.0,185.57,43.82,388762.0,44.0,32.0,76.0,39.47,3.37,29.9972,80.57324840764332,81.41025641025641,84.93589743589743,82.3,53.198653198653204,34.68013468013468,43.91025641025641,43.9,63.1
San Bernardo,CL SBD,Metropolitana de Santiago,304977.0,39.22,medium,19.97,1127786.0,66j8wturv8272k32se1q,CL,11.35,99.84,1.16,9.65,1.17,9.22,11.08,1.71,0.95,73.15,65.96,9.55,95.66,9.91,51.53,22.41,10.15,120528456.0,115.06,32.99,395205.0,258.0,153.0,411.0,29.93,1.35,123.01230000000001,80.89171974522293,58.01282051282052,69.55128205128204,69.5,14.14141414141414,87.20538720538721,97.11538461538461,66.2,67.8
Coquimbo,CL CQQ,Coquimbo,262907.0,39.17,medium,28.31,948000.0,66tk01n61cvj9zgz9m4v,CL,10.1,99.53,4.87,9.67,1.05,6.55,6.2,10.75,0.71,68.87,66.05,9.14,96.29,10.37,29.92,23.0,9.69,81828789.0,160.67,53.23,311246.0,311.0,250.0,561.0,41.18,2.13,231.0198,81.21019108280254,76.6025641025641,91.34615384615384,83.1,60.77441077441077,94.94949494949495,94.55128205128204,83.4,83.2
Requínoa,CL REQ,Libertador General Bernardo O'Higgins,29482.0,38.57,medium,18.4,1030000.0,63vu8je8gcg9dbmxqy4w,CL,10.49,99.69,27.92,6.09,0.86,5.63,9.47,4.51,0.99,55.73,70.16,7.02,94.58,9.43,13.46,13.93,9.16,9280087.0,139.4,47.18,314771.0,69.0,37.0,106.0,41.51,3.6,44.0006,81.52866242038216,70.51282051282051,87.5,79.8,61.95286195286195,58.92255892255892,46.15384615384615,55.7,67.8
Puerto Montt,CL PMC,Los Lagos,274146.0,38.53,medium,21.41,1000039.0,62s5zx0pkregvrh16mmy,CL,9.65,99.59,9.99,9.08,1.09,9.5,10.15,0.35,0.88,62.16,64.08,20.31,95.84,10.26,33.08,26.3,6.56,75294660.0,142.29,52.58,274652.0,378.0,292.0,670.0,36.87,2.44,247.02899999999997,81.84713375796179,71.7948717948718,90.7051282051282,81.4,43.09764309764309,95.95959595959596,93.58974358974359,77.5,79.4
Villarrica,CL VIL,La Araucanía,67335.0,38.35,medium,28.1,944156.0,63h8mmmqngfkbhemfjq9,CL,11.52,99.17,5.62,12.77,1.41,4.37,8.2,0.8,0.63,52.67,65.29,26.37,95.6,9.89,26.89,19.85,6.26,19851897.0,159.78,48.55,294823.0,139.0,90.0,229.0,34.5,3.4,79.005,82.1656050955414,75.96153846153845,88.78205128205127,82.3,35.01683501683502,79.12457912457911,75.0,63.0,72.6
Osorno,CL ZOS,Los Lagos,165121.0,37.97,medium,22.37,900000.0,62u0byu48e6p76nf9m89,CL,10.96,99.69,6.78,9.09,2.25,7.03,8.86,0.35,0.65,60.47,62.71,29.18,95.69,10.22,38.2,23.29,7.86,44804307.0,130.29,51.09,271342.0,316.0,210.0,526.0,38.59,3.19,202.98340000000002,82.48407643312102,66.66666666666666,89.74358974358975,79.6,49.831649831649834,93.93939393939394,87.17948717948718,77.0,78.3
San Pedro de la Paz,CL SPP,Biobío,150671.0,37.5,medium,16.65,1100500.0,63kn0tgxxhe0ujv2b2g4,CL,10.02,99.87,2.29,10.94,1.05,6.45,9.49,2.01,0.9,80.69,70.71,8.11,95.91,10.91,34.38,21.74,9.37,30945738.0,98.82,48.49,205386.0,174.0,109.0,283.0,51.24,1.88,145.0092,82.80254777070064,48.07692307692308,88.46153846153845,73.1,85.85858585858585,88.88888888888889,83.97435897435898,86.2,79.6
San José de Maipo,CL SJM,Metropolitana de Santiago,17289.0,37.02,medium,15.79,1200000.0,66n0kbm1knukyfe56upc,CL,10.4,99.27,2.35,9.21,1.56,4.76,5.52,5.75,1.18,58.34,56.33,6.34,96.03,10.64,29.4,18.04,8.85,7836018.0,176.53,43.55,453237.0,70.0,39.0,109.0,31.19,6.3,33.9971,83.12101910828025,80.12820512820514,84.2948717948718,82.5,19.023569023569024,44.27609427609428,41.02564102564102,34.8,58.6
Calle Larga,CL CLL,Valparaíso,16594.0,36.7,medium,24.99,918089.0,66jud9qzyqnt525bkt2w,CL,11.02,99.73,11.12,7.47,0.94,7.05,5.22,14.97,0.73,62.88,69.98,5.95,94.94,9.86,17.95,16.37,6.58,12849726.0,246.67,33.38,774360.0,36.0,51.0,87.0,39.08,5.24,33.9996,83.43949044585987,86.85897435897436,71.7948717948718,80.7,51.515151515151516,45.11784511784512,61.21794871794872,52.6,66.6
Peñalolén,CL PLN,Metropolitana de Santiago,235724.0,36.35,medium,11.42,1313334.0,66jce0jj89dpuqbg8xpm,CL,10.12,99.92,0.31,10.1,1.21,6.35,5.83,1.42,0.67,73.49,61.44,10.47,96.4,10.66,47.43,24.74,7.98,117798199.0,122.66,28.31,499729.0,325.0,214.0,539.0,33.58,2.29,180.9962,83.7579617834395,62.5,60.57692307692307,68.9,29.629629629629626,92.25589225589226,96.7948717948718,72.9,70.9
La Cisterna,CL LCI,Metropolitana de Santiago,102478.0,36.31,medium,20.29,1130166.0,66jc2001h5cwnqjz3xqr,CL,9.53,99.95,0.26,6.37,1.1,8.49,9.45,1.15,0.55,76.15,43.94,6.57,97.22,11.2,54.27,44.24,8.78,24153037.0,114.84,48.2,235690.0,,,,,,,84.07643312101911,57.692307692307686,87.82051282051282,76.5,,,79.8076923076923,79.8,78.2
Papudo,CL PAP,Valparaíso,7553.0,34.53,medium,18.03,990724.0,66jpr8nud8y0yjuu8een,CL,12.52,99.51,5.21,15.58,0.78,3.75,4.72,1.88,0.87,46.9,70.03,7.46,95.78,9.87,25.18,15.74,8.11,7821540.0,576.13,47.03,1035554.0,24.0,30.0,54.0,31.48,7.15,16.999200000000002,84.39490445859873,95.51282051282051,87.17948717948718,89.0,20.875420875420875,7.07070707070707,40.38461538461539,22.8,55.9
Diego de Almagro,CL DDA,Atacama,11339.0,34.22,medium,20.43,1099415.0,67qfc86q3bxm9nzp8zgp,CL,11.72,99.27,0.17,7.7,0.93,5.28,4.48,28.88,1.77,35.08,43.39,15.34,96.2,9.89,14.32,18.72,7.4,8469167.0,309.13,51.17,746906.0,73.0,48.0,121.0,35.54,10.67,43.0034,84.71337579617834,90.06410256410257,90.06410256410257,88.3,38.04713804713805,57.91245791245792,42.30769230769231,46.1,67.2
Las Cabras,CL LCB,Libertador General Bernardo O'Higgins,27510.0,33.91,medium,20.6,900000.0,63vm8u3pf9k1rjykh452,CL,12.84,99.56,32.71,8.1,0.44,4.24,7.16,1.16,0.93,27.74,66.97,6.07,93.76,8.92,7.38,15.74,9.24,10450723.0,208.55,54.92,379888.0,59.0,55.0,114.0,42.11,4.14,48.005399999999995,85.03184713375796,83.65384615384616,91.98717948717949,86.9,63.63636363636363,64.3097643097643,51.92307692307693,60.0,73.4
Paine,CL PNE,Metropolitana de Santiago,78495.0,32.93,medium,16.7,1205423.0,63vxmg77hsz36djf37nr,CL,11.09,99.78,18.83,8.3,0.81,6.65,11.06,1.2,0.78,66.48,64.68,6.73,95.06,9.63,16.52,17.75,5.6,21431603.0,122.99,49.96,273031.0,137.0,113.0,250.0,25.6,3.18,64.0,85.35031847133757,63.46153846153846,89.1025641025641,79.3,3.7037037037037033,73.23232323232324,77.88461538461539,51.6,65.4
Pelarco,CL PEL,Maule,9229.0,32.18,medium,17.46,874600.0,63tq8qsw8pg1ng4npkzw,CL,16.09,99.4,32.97,8.99,0.78,3.99,7.54,1.4,1.14,26.44,73.08,3.48,92.1,8.78,17.6,7.02,12.06,14769850.0,521.53,32.95,1600374.0,40.0,55.0,95.0,32.63,10.29,30.998500000000003,85.6687898089172,94.55128205128204,69.23076923076923,83.2,26.599326599326602,36.7003367003367,65.7051282051282,43.0,63.1
La Serena,CL LSC,Coquimbo,246835.0,31.25,medium,20.49,1078921.0,66tqwcp32s8r1pj586t0,CL,9.61,99.67,2.54,8.51,0.86,5.43,4.84,12.64,0.78,71.22,63.1,10.65,96.7,10.93,34.86,26.6,9.48,97641731.0,125.1,33.71,395575.0,422.0,234.0,656.0,41.31,2.66,270.9936,85.98726114649682,64.74358974358975,72.43589743589743,74.4,61.61616161616161,97.64309764309765,95.51282051282051,84.9,79.6
Punta Arenas,CL PUQ,Magallanes y de la Antártica Chilena,130452.0,30.27,medium,15.62,1270000.0,4qkyc4he1w59hu26ugbn,CL,9.06,99.83,3.73,10.43,1.16,8.92,7.2,2.21,0.64,76.44,64.09,22.39,96.96,10.81,23.79,23.48,4.38,67045081.0,161.92,35.0,513944.0,295.0,158.0,453.0,41.06,3.47,186.0018,86.30573248407643,76.92307692307693,74.67948717948718,79.3,59.59595959595959,92.5925925925926,92.3076923076923,81.5,80.4
Rinconada,CL RIN,Valparaíso,11837.0,30.13,medium,22.75,833333.0,66jszp1366tqz5fc85s9,CL,9.59,99.49,16.88,6.78,0.87,6.67,4.67,11.69,1.05,60.84,73.71,5.69,94.7,9.85,5.62,13.8,12.75,9333783.0,280.67,35.62,788526.0,20.0,22.0,42.0,40.48,3.55,17.0016,86.62420382165605,89.1025641025641,76.6025641025641,84.1,58.58585858585859,8.585858585858585,46.794871794871796,38.0,61.0
Buin,CL BUI,Metropolitana de Santiago,116687.0,30.11,medium,15.98,1286000.0,66j8n23jmt1xngzwz0xq,CL,9.22,99.87,8.92,7.49,1.15,7.06,10.5,1.84,0.79,75.52,70.93,6.56,95.62,10.17,31.25,17.0,10.06,39620969.0,106.94,31.32,339549.0,133.0,95.0,228.0,30.26,1.95,68.9928,86.94267515923568,52.243589743589745,66.66666666666666,68.6,16.4983164983165,76.0942760942761,85.25641025641025,59.3,64.0
Talcahuano,CL TAL,Biobío,145925.0,29.59,medium,21.28,1057551.0,63kp0s4ep8dg5cejx64z,CL,12.33,99.8,5.33,7.46,0.98,7.72,11.35,2.16,0.72,76.41,66.07,6.31,96.34,10.82,45.05,19.02,9.76,44096055.0,157.71,56.59,302183.0,317.0,108.0,425.0,27.53,2.91,117.0025,87.26114649681529,75.64102564102564,93.26923076923077,85.4,7.744107744107744,86.86868686868688,86.85897435897436,60.5,73.0
Renca,CL REN,Metropolitana de Santiago,143321.0,29.37,medium,23.12,949889.0,66j9yx3swpprtu55ds1t,CL,12.37,99.95,0.36,9.79,1.08,12.54,12.2,1.43,1.01,70.49,62.8,11.5,95.73,9.53,53.56,23.76,9.8,72644801.0,147.58,33.09,506868.0,370.0,163.0,533.0,29.27,3.72,156.00910000000002,87.57961783439491,73.3974358974359,70.1923076923077,77.1,11.447811447811448,90.23569023569024,93.26923076923077,65.0,71.0
María Elena,CL MAE,Antofagasta,4815.0,29.24,medium,7.06,1360000.0,6knd760f84zvzqyr9h8r,CL,6.61,99.81,0.14,9.6,2.55,5.05,5.19,26.66,1.25,46.42,6.0,13.2,96.66,10.14,9.88,47.06,4.84,15025847.0,657.96,28.87,3120633.0,36.0,27.0,63.0,33.33,13.08,20.997899999999998,87.89808917197452,96.47435897435898,62.17948717948718,82.2,28.619528619528616,14.14141414141414,66.66666666666666,36.5,59.4
Pudahuel,CL PUD,Metropolitana de Santiago,227540.0,29.21,medium,17.69,1205000.0,66j9gem5nek5f2z6geu2,CL,10.83,99.94,0.62,8.18,0.96,12.81,8.43,1.31,0.63,74.52,66.01,9.53,96.2,10.2,54.48,23.18,9.18,114481974.0,190.28,43.24,503129.0,261.0,148.0,409.0,36.67,1.8,149.9803,88.21656050955414,81.73076923076923,83.97435897435898,84.6,42.08754208754209,89.22558922558923,96.15384615384616,75.8,80.2
Calama,CL CJC,Antofagasta,164641.0,29.15,medium,21.23,1151250.0,6kp1yk3u9uf93g90eu9g,CL,7.83,99.57,0.39,6.43,0.9,8.24,5.01,26.74,0.74,72.58,47.46,27.62,96.64,10.25,25.5,38.43,10.76,70697448.0,129.62,35.83,429404.0,149.0,149.0,298.0,26.51,1.81,78.99980000000001,88.53503184713375,66.02564102564102,76.92307692307693,77.2,5.723905723905724,78.45117845117845,92.94871794871796,59.0,68.1
Calera de Tango,CL CDT,Metropolitana de Santiago,25390.0,28.73,medium,20.98,1093913.0,66j8tph4hynd7ft04g95,CL,8.0,99.82,7.02,6.9,0.77,8.63,9.57,1.51,0.85,60.5,68.13,4.5,95.53,10.36,29.88,14.72,9.56,14553423.0,170.15,34.93,573195.0,53.0,98.0,151.0,30.46,5.95,45.9946,88.85350318471338,78.52564102564102,74.35897435897436,80.6,16.835016835016837,61.27946127946128,63.78205128205128,47.3,64.0
Pica,CL PIC,Tarapacá,6263.0,28.36,medium,22.33,1100000.0,6kqgrz7n3h5whzz48bfb,CL,10.27,98.81,11.97,10.83,0.68,4.26,4.64,10.22,0.53,31.18,47.11,60.98,96.14,9.38,18.79,32.06,7.24,9782891.0,905.93,57.7,1562014.0,,,,,,,89.171974522293,98.3974358974359,93.58974358974359,93.7,,,47.756410256410255,47.8,70.8
Machalí,CL MCI,Libertador General Bernardo O'Higgins,60791.0,27.05,medium,13.41,1353750.0,63vuzb55umm9upmq253f,CL,9.0,99.8,3.12,7.17,0.94,3.7,5.66,18.3,0.67,76.59,70.24,4.34,96.17,11.05,18.91,20.45,10.25,14783391.0,127.03,54.69,243184.0,68.0,58.0,126.0,53.17,2.07,66.9942,89.49044585987261,65.06410256410257,91.66666666666666,82.1,89.56228956228956,75.42087542087542,66.02564102564102,77.0,79.6
Puchuncaví,CL PCI,Valparaíso,22443.0,26.65,medium,20.07,1018977.0,66jjxwchqvj9f1ncwd17,CL,13.1,98.92,2.93,13.08,1.61,6.17,6.41,3.67,1.14,47.26,65.71,5.91,96.05,10.02,27.24,17.78,1.59,13299944.0,351.56,55.4,592610.0,75.0,7.0,82.0,86.59,3.65,71.0038,89.80891719745223,91.34615384615384,92.62820512820514,91.3,98.65319865319864,76.43097643097643,62.5,79.2,85.2
Tierra Amarilla,CL TAM,Atacama,11769.0,26.51,medium,19.89,982378.0,67n3qxehwwf8e2bgcy24,CL,9.54,99.03,15.39,4.36,0.62,5.89,3.61,30.05,0.83,26.2,65.13,31.69,94.84,8.86,13.07,10.63,14.66,10646934.0,475.95,64.46,904659.0,46.0,58.0,104.0,31.73,8.84,32.9992,90.12738853503184,93.91025641025641,95.51282051282051,93.2,21.548821548821547,41.41414141414141,52.56410256410257,38.5,65.8
San Joaquín,CL SJQ,Metropolitana de Santiago,94590.0,25.54,medium,25.51,1069166.0,66jc2y1znf9npyrkjhgv,CL,12.6,99.94,0.21,7.14,1.19,7.8,10.53,1.04,0.61,72.65,47.74,7.4,96.8,10.6,50.58,32.94,7.64,47651941.0,168.53,36.58,503774.0,217.0,203.0,420.0,30.95,4.44,129.99,90.44585987261146,78.2051282051282,77.88461538461539,82.2,18.181818181818183,87.87878787878788,87.5,64.5,73.4
Pirque,CL PIR,Metropolitana de Santiago,28949.0,23.12,low (autonomous),15.06,1320177.0,66jb5tdx2m4k1g3k49vc,CL,8.69,99.71,5.79,8.81,1.15,5.99,9.57,1.67,1.05,63.68,70.9,5.46,96.17,10.58,27.16,12.33,7.3,12467310.0,212.96,55.36,430665.0,70.0,62.0,132.0,33.33,4.56,43.995599999999996,90.76433121019109,83.97435897435898,92.3076923076923,89.0,28.619528619528616,58.24915824915825,59.294871794871796,48.7,68.8
Mejillones,CL MJS,Antofagasta,14014.0,22.79,low (autonomous),24.33,1018000.0,67yj6qzb3mfe8km91ng9,CL,11.66,99.5,4.43,8.36,3.49,18.64,9.52,5.97,1.07,62.21,54.14,10.82,95.94,9.34,12.91,29.96,5.42,12769291.0,534.37,65.53,911181.0,64.0,60.0,124.0,33.87,8.85,41.9988,91.0828025477707,94.87179487179486,96.15384615384616,94.0,31.986531986531986,56.56565656565656,60.57692307692307,49.7,71.8
Macul,CL MAC,Metropolitana de Santiago,123241.0,22.73,low (autonomous),15.73,1343333.0,66jc3rqwj08jkmugv3jr,CL,10.06,99.96,0.24,6.01,1.01,6.18,6.68,1.45,0.41,80.8,50.13,6.91,97.43,11.82,51.58,39.39,8.39,52630115.0,132.52,34.68,427050.0,172.0,95.0,267.0,48.69,2.17,130.0023,91.40127388535032,67.62820512820514,73.71794871794873,77.6,82.82828282828282,88.21548821548821,89.1025641025641,86.7,82.2
Recoleta,CL REC,Metropolitana de Santiago,153131.0,22.37,low (autonomous),16.46,1139792.0,66jcbw9zn9mgs946twbb,CL,11.22,99.88,0.28,9.68,0.88,7.54,9.77,1.0,0.67,64.76,40.38,7.87,96.45,10.23,60.0,43.29,8.83,42940180.0,141.63,64.67,280415.0,294.0,134.0,428.0,42.06,2.79,180.01680000000002,91.71974522292993,71.47435897435898,95.83333333333334,86.3,63.2996632996633,91.91919191919192,86.21794871794873,80.5,83.4
Casablanca,CL CAS,Valparaíso,29658.0,22.08,low (autonomous),20.32,1012319.0,66j4qrnc1kx8n8r9p9en,CL,10.11,99.74,9.63,6.7,1.01,12.69,14.28,1.21,0.89,43.6,64.82,5.35,95.55,9.92,16.22,19.22,12.12,16079529.0,312.11,58.64,542165.0,72.0,55.0,127.0,37.01,4.28,47.0027,92.03821656050955,90.38461538461539,94.23076923076923,92.2,43.77104377104377,62.62626262626263,68.26923076923077,58.2,75.2
Cerrillos,CL CER,Metropolitana de Santiago,83544.0,21.49,low (autonomous),23.68,1223903.0,66j9qvsdp84vz81p1qn5,CL,10.51,99.73,0.41,9.02,1.07,10.29,11.09,1.21,0.79,67.79,62.79,8.84,96.11,10.04,55.43,22.35,7.95,30183510.0,222.74,66.46,361289.0,197.0,52.0,249.0,31.33,2.98,78.01169999999999,92.35668789808918,85.57692307692307,96.7948717948718,91.6,20.2020202020202,78.11447811447812,83.33333333333334,60.5,76.0
Sierra Gorda,CL SIG,Antofagasta,1458.0,21.08,low (autonomous),12.6,1340000.0,67yewvdsdpt4zp9k1jdw,CL,5.58,97.98,0.44,5.46,0.74,7.37,3.98,17.4,2.36,28.97,48.86,14.84,94.72,9.06,5.51,29.73,8.2,11080875.0,4164.95,67.36,7600051.0,57.0,24.0,81.0,54.32,55.56,43.9992,92.67515923566879,99.67948717948718,97.11538461538461,96.5,90.23569023569024,58.58585858585859,55.769230769230774,68.2,82.4
Alhué,CL ALH,Metropolitana de Santiago,7696.0,20.87,low (autonomous),26.92,966500.0,63vqr4dnt7hspe3442q2,CL,10.71,99.45,21.79,5.45,0.42,3.3,3.42,22.0,1.24,65.31,68.48,5.13,93.88,9.13,1.95,18.52,5.48,21128418.0,979.27,35.95,2745377.0,,15.0,,,,,92.99363057324841,98.71794871794873,77.24358974358975,89.7,,,77.56410256410257,77.6,83.6
Quilicura,CL QUI,Metropolitana de Santiago,205375.0,19.51,low (autonomous),20.61,1137528.0,66jdnru0gt7x9eugt13r,CL,9.5,99.95,0.42,7.37,0.83,10.68,13.89,2.06,1.29,78.38,68.73,8.44,96.73,10.39,55.04,26.03,9.37,69550509.0,179.92,70.2,338651.0,289.0,179.0,468.0,29.7,2.28,138.99599999999998,93.31210191082802,80.44871794871796,98.07692307692307,90.6,13.468013468013467,88.55218855218855,92.62820512820514,64.9,77.8
Antofagasta,CL ANF,Antofagasta,397136.0,18.97,low (autonomous),17.67,1214500.0,67wtusk9hnj40s8vudc4,CL,8.03,99.64,0.47,7.75,1.23,9.15,6.42,16.45,1.0,78.45,48.44,8.0,96.88,10.68,42.72,34.43,9.31,152283792.0,139.47,40.41,383455.0,388.0,217.0,605.0,34.55,1.52,209.02749999999997,93.63057324840764,70.83333333333334,80.12820512820514,81.5,35.35353535353536,94.61279461279462,98.71794871794873,76.2,78.8
Mostazal,CL MOS,Libertador General Bernardo O'Higgins,27331.0,18.89,low (autonomous),18.5,1010576.0,63vyf4t3g14e1ygn74cw,CL,12.16,99.58,16.49,8.06,1.13,5.75,10.45,2.59,1.24,58.7,65.89,5.95,94.23,9.38,15.97,15.43,9.53,17431859.0,460.33,74.72,637805.0,63.0,110.0,173.0,23.12,6.33,39.997600000000006,93.94904458598727,93.58974358974359,99.03846153846155,95.5,2.6936026936026933,53.36700336700336,70.51282051282051,42.2,68.8
Lampa,CL LAM,Metropolitana de Santiago,144684.0,18.52,low (autonomous),19.22,1082667.0,66jdejymmhbv5wsnzruh,CL,8.08,99.82,3.55,8.64,0.95,9.63,13.32,2.64,1.56,65.0,71.01,8.17,95.41,9.78,24.83,18.18,8.81,49895580.0,173.37,48.39,344859.0,,,,,,,94.26751592356688,79.16666666666666,88.14102564102564,87.2,,,88.14102564102564,88.1,87.6
Concepción,CL CCP,Biobío,225985.0,18.22,low (autonomous),19.14,1072355.0,63kn7ywbcmky6d9u0czp,CL,10.5,99.91,1.43,8.16,1.01,5.9,7.89,1.73,0.7,77.15,50.37,6.65,97.2,11.92,41.89,37.26,8.0,59631324.0,163.74,65.75,263873.0,413.0,187.0,600.0,44.0,2.66,264.0,94.5859872611465,77.56410256410257,96.47435897435898,89.5,70.70707070707071,96.29629629629629,91.98717948717949,86.3,87.9
Puerto Varas,CL PVS,Los Lagos,52613.0,17.33,low (autonomous),13.4,1308033.0,62st8vd5tm7w9dg5zj6k,CL,8.08,99.7,8.42,9.92,1.04,5.32,7.05,0.41,0.65,68.81,60.67,15.93,95.95,10.76,25.72,26.95,3.49,18961125.0,253.16,67.65,360389.0,109.0,128.0,237.0,40.08,4.5,94.9896,94.90445859872611,87.5,97.43589743589743,93.3,56.9023569023569,82.82828282828282,73.71794871794873,71.1,82.2
Pucón,CL PUC,La Araucanía,32211.0,17.2,low (autonomous),20.93,1011667.0,63hbw6fmdzrmwsjz22sy,CL,11.06,99.22,3.59,12.16,0.9,3.45,6.8,0.63,0.62,41.4,54.46,25.99,95.82,10.2,16.69,28.74,9.6,18511101.0,444.28,73.22,574683.0,122.0,96.0,218.0,34.4,6.77,74.99199999999999,95.22292993630573,93.26923076923077,98.71794871794873,95.7,34.68013468013468,77.10437710437711,72.75641025641025,61.5,78.6
Algarrobo,CL ALG,Valparaíso,16032.0,16.76,low (autonomous),19.65,1005750.0,66j46sx36dkh3dhftcbn,CL,10.85,99.76,1.63,10.74,1.61,3.79,5.76,1.28,0.72,51.55,64.83,7.48,96.4,11.16,26.01,18.2,7.83,18672506.0,679.48,57.81,1164702.0,,,,,,,95.54140127388536,96.7948717948718,93.91025641025641,95.4,,,73.07692307692307,73.1,84.2
San Miguel,CL SMG,Metropolitana de Santiago,149102.0,15.39,low (autonomous),13.74,1620000.0,66jc2m9jdfwq6j6rksbs,CL,7.27,99.98,0.24,4.93,1.1,6.63,7.72,1.61,0.44,84.74,40.95,4.71,97.78,12.31,58.47,51.93,8.87,41763246.0,121.66,41.52,280098.0,225.0,111.0,336.0,28.57,2.25,95.9952,95.85987261146497,61.53846153846154,82.37179487179486,79.9,9.090909090909092,83.83838383838383,85.8974358974359,59.6,69.8
Concón,CL CON,Valparaíso,48112.0,14.39,low (autonomous),8.91,1319333.0,66jht9pmmy5bk1pnupzm,CL,8.25,99.89,1.37,7.71,0.93,5.51,6.18,4.58,0.78,75.89,55.47,3.57,97.3,11.97,26.33,34.35,8.2,20352472.0,299.45,70.1,423023.0,91.0,50.0,141.0,47.52,2.93,67.0032,96.17834394904459,89.42307692307693,97.75641025641025,94.5,79.46127946127946,75.75757575757575,75.64102564102564,77.0,85.8
Colina,CL CLN,Metropolitana de Santiago,168128.0,12.8,low (autonomous),21.56,1150000.0,66jg3pfzr8n70xg2g69y,CL,7.64,99.89,2.77,9.47,1.01,6.16,7.27,3.55,0.86,67.42,72.17,5.68,95.39,10.14,28.78,20.27,12.09,80605292.0,216.91,52.1,479428.0,138.0,74.0,212.0,26.89,1.26,57.006800000000005,96.4968152866242,85.25641025641025,90.38461538461539,90.7,6.397306397306397,70.37037037037037,94.23076923076923,57.0,73.8
Iquique,CL IQQ,Tarapacá,196709.0,12.49,low (autonomous),19.72,1174475.0,6kq0yp089et1mc38euw2,CL,8.59,99.75,1.19,5.54,0.6,7.72,4.46,9.54,0.63,76.84,42.18,16.81,97.03,10.89,31.5,44.16,9.08,98449509.0,191.66,44.89,500483.0,267.0,154.0,421.0,39.67,2.14,167.01069999999999,96.81528662420382,82.05128205128204,85.57692307692307,88.1,54.20875420875421,91.24579124579124,95.83333333333334,80.4,84.2
Santo Domingo,CL RSD,Valparaíso,13149.0,11.41,low (autonomous),10.33,1198968.0,63vp8vngud1459vjy7rx,CL,8.21,99.45,10.51,7.13,0.58,10.2,5.25,1.09,1.09,52.58,71.83,6.07,95.94,10.71,12.34,12.36,5.02,23287968.0,1342.96,71.83,1771083.0,131.0,48.0,179.0,46.93,13.61,84.0047,97.13375796178345,99.03846153846155,98.3974358974359,98.2,78.78787878787878,80.8080808080808,79.16666666666666,79.6,88.9
Viña del Mar,CL KNA,Valparaíso,331684.0,10.28,low (autonomous),19.95,1035689.0,66jhhekr2p2d829ubz3r,CL,10.5,99.63,0.51,8.42,1.22,6.58,5.9,2.21,0.69,73.51,53.07,4.82,97.22,11.54,51.42,32.18,9.71,126151913.0,264.64,77.47,380338.0,874.0,410.0,1284.0,32.24,3.87,413.96160000000003,97.45222929936305,87.82051282051282,99.35897435897436,94.9,23.905723905723907,99.32659932659934,97.43589743589743,73.6,84.2
Ñuñoa,CL NUN,Metropolitana de Santiago,239365.0,9.05,low (autonomous),3.08,2256416.0,66jc9mptfxtyzg2fpdh9,CL,6.36,99.98,0.28,3.39,1.0,4.19,4.88,2.4,0.32,88.17,48.1,4.15,98.27,13.7,46.61,45.69,4.61,77673926.0,165.53,56.12,324500.0,404.0,160.0,564.0,41.84,2.36,235.97760000000002,97.77070063694268,77.88461538461539,92.94871794871796,89.5,62.79461279461279,95.62289562289563,93.91025641025641,84.1,86.8
Huechuraba,CL HUE,Metropolitana de Santiago,101608.0,8.75,low (autonomous),16.08,1366667.0,66jf0wfyqft9mretnxbd,CL,9.78,99.92,0.34,8.66,1.17,7.31,7.52,2.2,0.69,78.09,64.28,7.71,96.38,10.88,49.61,21.6,8.9,53164370.0,357.98,78.86,523230.0,313.0,134.0,447.0,42.95,4.4,191.98650000000004,98.08917197452229,91.98717948717949,99.67948717948718,96.6,66.66666666666666,93.26599326599326,89.42307692307693,83.1,89.8
Santiago,CL SCL,Metropolitana de Santiago,425426.0,8.71,low (autonomous),13.53,1175258.0,66jc8jvrp1bsc1bx9rnq,CL,7.1,99.94,0.22,4.99,0.81,6.31,6.08,1.19,0.35,69.25,23.02,5.33,98.16,12.51,61.62,72.09,6.05,201975940.0,226.13,60.02,474762.0,1481.0,1129.0,2610.0,20.92,6.14,546.0120000000001,98.40764331210191,85.8974358974359,94.55128205128204,93.0,1.0101010101010102,100.0,100.0,67.0,80.0
La Reina,CL REI,Metropolitana de Santiago,89091.0,7.29,low (autonomous),7.37,2075000.0,66jcdzhu0hmkmzf6b27p,CL,6.75,99.98,0.46,4.57,0.89,3.69,4.89,2.24,0.43,87.81,62.99,4.54,97.5,12.8,33.92,26.88,4.92,48365723.0,307.35,63.35,542880.0,301.0,164.0,465.0,27.31,5.22,126.9915,98.72611464968153,89.74358974358975,95.1923076923077,94.6,7.4074074074074066,87.54208754208754,87.82051282051282,60.9,77.8
Providencia,CL PRO,Metropolitana de Santiago,141714.0,3.53,low (autonomous),4.82,2938042.0,66jcc1vyehq9w1xgpyx7,CL,5.74,99.97,0.35,2.78,0.97,3.07,3.83,2.57,0.32,87.29,42.82,3.16,98.51,14.45,39.94,51.15,5.64,175494453.0,570.35,52.92,1238371.0,459.0,388.0,847.0,61.39,5.98,519.9733,99.04458598726114,95.1923076923077,91.02564102564102,95.1,94.94949494949495,99.66329966329967,99.67948717948718,98.1,96.6
Vitacura,CL VIT,Metropolitana de Santiago,85876.0,2.81,low (autonomous),3.24,4350000.0,66jf456rhf0qr9mw9sjy,CL,4.34,99.99,1.44,3.26,0.88,2.95,4.56,2.25,0.32,94.51,61.9,1.01,98.09,13.41,12.71,34.16,2.52,137032883.0,862.48,61.3,1595706.0,418.0,254.0,672.0,39.73,7.83,266.9856,99.36305732484077,97.75641025641025,94.87179487179486,97.3,55.387205387205384,96.96969696969697,98.3974358974359,83.6,90.4
Lo Barnechea,CL LBA,Metropolitana de Santiago,112112.0,2.17,low (autonomous),8.05,2116078.0,66jfwdp0fp95k1e81vr4,CL,4.38,99.96,1.19,4.76,0.66,4.14,3.79,1.93,0.4,84.47,69.46,2.8,97.46,12.07,27.75,23.13,5.02,135673235.0,868.06,83.04,1210158.0,256.0,271.0,527.0,58.63,4.7,308.98010000000005,99.68152866242038,98.07692307692307,100.0,99.3,92.92929292929293,98.65319865319864,98.07692307692307,96.6,97.9
